ISO-10303-21;
HEADER;
/* Generated by software containing ST-Developer
 * from STEP Tools, Inc. (www.steptools.com) 
 */
/* OPTION: using custom schema-name function */

FILE_DESCRIPTION(
/* description */ (''),
/* implementation_level */ '2;1');

FILE_NAME(
/* name */ 'asm_0921.stp',
/* time_stamp */ '2026-09-21T22:20:44+08:00',
/* author */ (''),
/* organization */ (''),
/* preprocessor_version */ 'ST-DEVELOPER v16.7',
/* originating_system */ 'SIEMENS PLM Software NX 12.0',
/* authorisation */ '');

FILE_SCHEMA (('AP203_CONFIGURATION_CONTROLLED_3D_DESIGN_OF_MECHANICAL_PARTS_AND_ASSEMBLIES_MIM_LF { 1 0 10303 403 2 1 2}'));
ENDSEC;

DATA;
#10=CONTEXT_DEPENDENT_SHAPE_REPRESENTATION(#16,#380);
#11=CONTEXT_DEPENDENT_SHAPE_REPRESENTATION(#17,#381);
#12=CONTEXT_DEPENDENT_SHAPE_REPRESENTATION(#18,#382);
#13=NEXT_ASSEMBLY_USAGE_OCCURRENCE('1001',' ','PLATE',#386,#385,$);
#14=NEXT_ASSEMBLY_USAGE_OCCURRENCE('1002',' ','COVER1',#386,#384,$);
#15=NEXT_ASSEMBLY_USAGE_OCCURRENCE('1003',' ','COVER2',#386,#383,$);
#16=(
REPRESENTATION_RELATIONSHIP(' ',' ',#416,#417)
REPRESENTATION_RELATIONSHIP_WITH_TRANSFORMATION(#19)
SHAPE_REPRESENTATION_RELATIONSHIP()
);
#17=(
REPRESENTATION_RELATIONSHIP(' ',' ',#415,#417)
REPRESENTATION_RELATIONSHIP_WITH_TRANSFORMATION(#20)
SHAPE_REPRESENTATION_RELATIONSHIP()
);
#18=(
REPRESENTATION_RELATIONSHIP(' ',' ',#414,#417)
REPRESENTATION_RELATIONSHIP_WITH_TRANSFORMATION(#21)
SHAPE_REPRESENTATION_RELATIONSHIP()
);
#19=ITEM_DEFINED_TRANSFORMATION(' ',' ',#15097,#16143);
#20=ITEM_DEFINED_TRANSFORMATION(' ',' ',#15097,#16144);
#21=ITEM_DEFINED_TRANSFORMATION(' ',' ',#15097,#16145);
#22=SHAPE_REPRESENTATION_RELATIONSHIP('MODEL',
'relationship between cover2-MODEL and cover2-MODEL',#414,#25);
#23=SHAPE_REPRESENTATION_RELATIONSHIP('MODEL',
'relationship between cover1-MODEL and cover1-MODEL',#415,#26);
#24=SHAPE_REPRESENTATION_RELATIONSHIP('MODEL',
'relationship between plate-MODEL and plate-MODEL',#416,#27);
#25=ADVANCED_BREP_SHAPE_REPRESENTATION('cover2-MODEL',(#827),#23889);
#26=ADVANCED_BREP_SHAPE_REPRESENTATION('cover1-MODEL',(#826),#23888);
#27=ADVANCED_BREP_SHAPE_REPRESENTATION('plate-MODEL',(#825),#23887);
#28=CC_DESIGN_APPROVAL(#88,(#383));
#29=CC_DESIGN_APPROVAL(#89,(#391));
#30=CC_DESIGN_APPROVAL(#90,(#125));
#31=CC_DESIGN_APPROVAL(#91,(#384));
#32=CC_DESIGN_APPROVAL(#92,(#392));
#33=CC_DESIGN_APPROVAL(#93,(#126));
#34=CC_DESIGN_APPROVAL(#94,(#385));
#35=CC_DESIGN_APPROVAL(#95,(#393));
#36=CC_DESIGN_APPROVAL(#96,(#127));
#37=CC_DESIGN_APPROVAL(#97,(#386));
#38=CC_DESIGN_APPROVAL(#98,(#394));
#39=CC_DESIGN_APPROVAL(#99,(#128));
#40=CC_DESIGN_APPROVAL(#100,(#129));
#41=CC_DESIGN_APPROVAL(#101,(#130));
#42=CC_DESIGN_APPROVAL(#102,(#131));
#43=APPROVAL_PERSON_ORGANIZATION(#307,#88,#58);
#44=APPROVAL_PERSON_ORGANIZATION(#308,#89,#59);
#45=APPROVAL_PERSON_ORGANIZATION(#309,#90,#60);
#46=APPROVAL_PERSON_ORGANIZATION(#314,#91,#61);
#47=APPROVAL_PERSON_ORGANIZATION(#315,#92,#62);
#48=APPROVAL_PERSON_ORGANIZATION(#316,#93,#63);
#49=APPROVAL_PERSON_ORGANIZATION(#321,#94,#64);
#50=APPROVAL_PERSON_ORGANIZATION(#322,#95,#65);
#51=APPROVAL_PERSON_ORGANIZATION(#323,#96,#66);
#52=APPROVAL_PERSON_ORGANIZATION(#328,#97,#67);
#53=APPROVAL_PERSON_ORGANIZATION(#329,#98,#68);
#54=APPROVAL_PERSON_ORGANIZATION(#330,#99,#69);
#55=APPROVAL_PERSON_ORGANIZATION(#332,#100,#70);
#56=APPROVAL_PERSON_ORGANIZATION(#334,#101,#71);
#57=APPROVAL_PERSON_ORGANIZATION(#336,#102,#72);
#58=APPROVAL_ROLE('approver');
#59=APPROVAL_ROLE('approver');
#60=APPROVAL_ROLE('approver');
#61=APPROVAL_ROLE('approver');
#62=APPROVAL_ROLE('approver');
#63=APPROVAL_ROLE('approver');
#64=APPROVAL_ROLE('approver');
#65=APPROVAL_ROLE('approver');
#66=APPROVAL_ROLE('approver');
#67=APPROVAL_ROLE('approver');
#68=APPROVAL_ROLE('approver');
#69=APPROVAL_ROLE('approver');
#70=APPROVAL_ROLE('approver');
#71=APPROVAL_ROLE('approver');
#72=APPROVAL_ROLE('approver');
#73=APPROVAL_DATE_TIME(#163,#88);
#74=APPROVAL_DATE_TIME(#164,#89);
#75=APPROVAL_DATE_TIME(#165,#90);
#76=APPROVAL_DATE_TIME(#168,#91);
#77=APPROVAL_DATE_TIME(#169,#92);
#78=APPROVAL_DATE_TIME(#170,#93);
#79=APPROVAL_DATE_TIME(#173,#94);
#80=APPROVAL_DATE_TIME(#174,#95);
#81=APPROVAL_DATE_TIME(#175,#96);
#82=APPROVAL_DATE_TIME(#178,#97);
#83=APPROVAL_DATE_TIME(#179,#98);
#84=APPROVAL_DATE_TIME(#180,#99);
#85=APPROVAL_DATE_TIME(#182,#100);
#86=APPROVAL_DATE_TIME(#184,#101);
#87=APPROVAL_DATE_TIME(#186,#102);
#88=APPROVAL(#103,' ');
#89=APPROVAL(#104,' ');
#90=APPROVAL(#105,' ');
#91=APPROVAL(#106,' ');
#92=APPROVAL(#107,' ');
#93=APPROVAL(#108,' ');
#94=APPROVAL(#109,' ');
#95=APPROVAL(#110,' ');
#96=APPROVAL(#111,' ');
#97=APPROVAL(#112,' ');
#98=APPROVAL(#113,' ');
#99=APPROVAL(#114,' ');
#100=APPROVAL(#115,' ');
#101=APPROVAL(#116,' ');
#102=APPROVAL(#117,' ');
#103=APPROVAL_STATUS('not_yet_approved');
#104=APPROVAL_STATUS('not_yet_approved');
#105=APPROVAL_STATUS('not_yet_approved');
#106=APPROVAL_STATUS('not_yet_approved');
#107=APPROVAL_STATUS('not_yet_approved');
#108=APPROVAL_STATUS('not_yet_approved');
#109=APPROVAL_STATUS('not_yet_approved');
#110=APPROVAL_STATUS('not_yet_approved');
#111=APPROVAL_STATUS('not_yet_approved');
#112=APPROVAL_STATUS('not_yet_approved');
#113=APPROVAL_STATUS('not_yet_approved');
#114=APPROVAL_STATUS('not_yet_approved');
#115=APPROVAL_STATUS('not_yet_approved');
#116=APPROVAL_STATUS('not_yet_approved');
#117=APPROVAL_STATUS('not_yet_approved');
#118=CC_DESIGN_SECURITY_CLASSIFICATION(#125,(#391));
#119=CC_DESIGN_SECURITY_CLASSIFICATION(#126,(#392));
#120=CC_DESIGN_SECURITY_CLASSIFICATION(#127,(#393));
#121=CC_DESIGN_SECURITY_CLASSIFICATION(#128,(#394));
#122=CC_DESIGN_SECURITY_CLASSIFICATION(#129,(#13));
#123=CC_DESIGN_SECURITY_CLASSIFICATION(#130,(#14));
#124=CC_DESIGN_SECURITY_CLASSIFICATION(#131,(#15));
#125=SECURITY_CLASSIFICATION(' ',' ',#132);
#126=SECURITY_CLASSIFICATION(' ',' ',#133);
#127=SECURITY_CLASSIFICATION(' ',' ',#134);
#128=SECURITY_CLASSIFICATION(' ',' ',#135);
#129=SECURITY_CLASSIFICATION(' ',' ',#136);
#130=SECURITY_CLASSIFICATION(' ',' ',#137);
#131=SECURITY_CLASSIFICATION(' ',' ',#138);
#132=SECURITY_CLASSIFICATION_LEVEL('confidential');
#133=SECURITY_CLASSIFICATION_LEVEL('confidential');
#134=SECURITY_CLASSIFICATION_LEVEL('confidential');
#135=SECURITY_CLASSIFICATION_LEVEL('confidential');
#136=SECURITY_CLASSIFICATION_LEVEL('confidential');
#137=SECURITY_CLASSIFICATION_LEVEL('confidential');
#138=SECURITY_CLASSIFICATION_LEVEL('confidential');
#139=CC_DESIGN_DATE_AND_TIME_ASSIGNMENT(#161,#150,(#383));
#140=CC_DESIGN_DATE_AND_TIME_ASSIGNMENT(#162,#151,(#125));
#141=CC_DESIGN_DATE_AND_TIME_ASSIGNMENT(#166,#152,(#384));
#142=CC_DESIGN_DATE_AND_TIME_ASSIGNMENT(#167,#153,(#126));
#143=CC_DESIGN_DATE_AND_TIME_ASSIGNMENT(#171,#154,(#385));
#144=CC_DESIGN_DATE_AND_TIME_ASSIGNMENT(#172,#155,(#127));
#145=CC_DESIGN_DATE_AND_TIME_ASSIGNMENT(#176,#156,(#386));
#146=CC_DESIGN_DATE_AND_TIME_ASSIGNMENT(#177,#157,(#128));
#147=CC_DESIGN_DATE_AND_TIME_ASSIGNMENT(#181,#158,(#129));
#148=CC_DESIGN_DATE_AND_TIME_ASSIGNMENT(#183,#159,(#130));
#149=CC_DESIGN_DATE_AND_TIME_ASSIGNMENT(#185,#160,(#131));
#150=DATE_TIME_ROLE('creation_date');
#151=DATE_TIME_ROLE('classification_date');
#152=DATE_TIME_ROLE('creation_date');
#153=DATE_TIME_ROLE('classification_date');
#154=DATE_TIME_ROLE('creation_date');
#155=DATE_TIME_ROLE('classification_date');
#156=DATE_TIME_ROLE('creation_date');
#157=DATE_TIME_ROLE('classification_date');
#158=DATE_TIME_ROLE('classification_date');
#159=DATE_TIME_ROLE('classification_date');
#160=DATE_TIME_ROLE('classification_date');
#161=DATE_AND_TIME(#239,#187);
#162=DATE_AND_TIME(#240,#188);
#163=DATE_AND_TIME(#241,#189);
#164=DATE_AND_TIME(#242,#190);
#165=DATE_AND_TIME(#243,#191);
#166=DATE_AND_TIME(#244,#192);
#167=DATE_AND_TIME(#245,#193);
#168=DATE_AND_TIME(#246,#194);
#169=DATE_AND_TIME(#247,#195);
#170=DATE_AND_TIME(#248,#196);
#171=DATE_AND_TIME(#249,#197);
#172=DATE_AND_TIME(#250,#198);
#173=DATE_AND_TIME(#251,#199);
#174=DATE_AND_TIME(#252,#200);
#175=DATE_AND_TIME(#253,#201);
#176=DATE_AND_TIME(#254,#202);
#177=DATE_AND_TIME(#255,#203);
#178=DATE_AND_TIME(#256,#204);
#179=DATE_AND_TIME(#257,#205);
#180=DATE_AND_TIME(#258,#206);
#181=DATE_AND_TIME(#259,#207);
#182=DATE_AND_TIME(#260,#208);
#183=DATE_AND_TIME(#261,#209);
#184=DATE_AND_TIME(#262,#210);
#185=DATE_AND_TIME(#263,#211);
#186=DATE_AND_TIME(#264,#212);
#187=LOCAL_TIME(0,0,0.,#213);
#188=LOCAL_TIME(0,0,0.,#214);
#189=LOCAL_TIME(0,0,0.,#215);
#190=LOCAL_TIME(0,0,0.,#216);
#191=LOCAL_TIME(0,0,0.,#217);
#192=LOCAL_TIME(0,0,0.,#218);
#193=LOCAL_TIME(0,0,0.,#219);
#194=LOCAL_TIME(0,0,0.,#220);
#195=LOCAL_TIME(0,0,0.,#221);
#196=LOCAL_TIME(0,0,0.,#222);
#197=LOCAL_TIME(0,0,0.,#223);
#198=LOCAL_TIME(0,0,0.,#224);
#199=LOCAL_TIME(0,0,0.,#225);
#200=LOCAL_TIME(0,0,0.,#226);
#201=LOCAL_TIME(0,0,0.,#227);
#202=LOCAL_TIME(0,0,0.,#228);
#203=LOCAL_TIME(0,0,0.,#229);
#204=LOCAL_TIME(0,0,0.,#230);
#205=LOCAL_TIME(0,0,0.,#231);
#206=LOCAL_TIME(0,0,0.,#232);
#207=LOCAL_TIME(0,0,0.,#233);
#208=LOCAL_TIME(0,0,0.,#234);
#209=LOCAL_TIME(0,0,0.,#235);
#210=LOCAL_TIME(0,0,0.,#236);
#211=LOCAL_TIME(0,0,0.,#237);
#212=LOCAL_TIME(0,0,0.,#238);
#213=COORDINATED_UNIVERSAL_TIME_OFFSET(0,0,.BEHIND.);
#214=COORDINATED_UNIVERSAL_TIME_OFFSET(0,0,.BEHIND.);
#215=COORDINATED_UNIVERSAL_TIME_OFFSET(0,0,.BEHIND.);
#216=COORDINATED_UNIVERSAL_TIME_OFFSET(0,0,.BEHIND.);
#217=COORDINATED_UNIVERSAL_TIME_OFFSET(0,0,.BEHIND.);
#218=COORDINATED_UNIVERSAL_TIME_OFFSET(0,0,.BEHIND.);
#219=COORDINATED_UNIVERSAL_TIME_OFFSET(0,0,.BEHIND.);
#220=COORDINATED_UNIVERSAL_TIME_OFFSET(0,0,.BEHIND.);
#221=COORDINATED_UNIVERSAL_TIME_OFFSET(0,0,.BEHIND.);
#222=COORDINATED_UNIVERSAL_TIME_OFFSET(0,0,.BEHIND.);
#223=COORDINATED_UNIVERSAL_TIME_OFFSET(0,0,.BEHIND.);
#224=COORDINATED_UNIVERSAL_TIME_OFFSET(0,0,.BEHIND.);
#225=COORDINATED_UNIVERSAL_TIME_OFFSET(0,0,.BEHIND.);
#226=COORDINATED_UNIVERSAL_TIME_OFFSET(0,0,.BEHIND.);
#227=COORDINATED_UNIVERSAL_TIME_OFFSET(0,0,.BEHIND.);
#228=COORDINATED_UNIVERSAL_TIME_OFFSET(0,0,.BEHIND.);
#229=COORDINATED_UNIVERSAL_TIME_OFFSET(0,0,.BEHIND.);
#230=COORDINATED_UNIVERSAL_TIME_OFFSET(0,0,.BEHIND.);
#231=COORDINATED_UNIVERSAL_TIME_OFFSET(0,0,.BEHIND.);
#232=COORDINATED_UNIVERSAL_TIME_OFFSET(0,0,.BEHIND.);
#233=COORDINATED_UNIVERSAL_TIME_OFFSET(0,0,.BEHIND.);
#234=COORDINATED_UNIVERSAL_TIME_OFFSET(0,0,.BEHIND.);
#235=COORDINATED_UNIVERSAL_TIME_OFFSET(0,0,.BEHIND.);
#236=COORDINATED_UNIVERSAL_TIME_OFFSET(0,0,.BEHIND.);
#237=COORDINATED_UNIVERSAL_TIME_OFFSET(0,0,.BEHIND.);
#238=COORDINATED_UNIVERSAL_TIME_OFFSET(0,0,.BEHIND.);
#239=CALENDAR_DATE(0,1,1);
#240=CALENDAR_DATE(0,1,1);
#241=CALENDAR_DATE(0,1,1);
#242=CALENDAR_DATE(0,1,1);
#243=CALENDAR_DATE(0,1,1);
#244=CALENDAR_DATE(0,1,1);
#245=CALENDAR_DATE(0,1,1);
#246=CALENDAR_DATE(0,1,1);
#247=CALENDAR_DATE(0,1,1);
#248=CALENDAR_DATE(0,1,1);
#249=CALENDAR_DATE(0,1,1);
#250=CALENDAR_DATE(0,1,1);
#251=CALENDAR_DATE(0,1,1);
#252=CALENDAR_DATE(0,1,1);
#253=CALENDAR_DATE(0,1,1);
#254=CALENDAR_DATE(0,1,1);
#255=CALENDAR_DATE(0,1,1);
#256=CALENDAR_DATE(0,1,1);
#257=CALENDAR_DATE(0,1,1);
#258=CALENDAR_DATE(0,1,1);
#259=CALENDAR_DATE(0,1,1);
#260=CALENDAR_DATE(0,1,1);
#261=CALENDAR_DATE(0,1,1);
#262=CALENDAR_DATE(0,1,1);
#263=CALENDAR_DATE(0,1,1);
#264=CALENDAR_DATE(0,1,1);
#265=CC_DESIGN_PERSON_AND_ORGANIZATION_ASSIGNMENT(#303,#284,(#383,#391));
#266=CC_DESIGN_PERSON_AND_ORGANIZATION_ASSIGNMENT(#304,#285,(#399));
#267=CC_DESIGN_PERSON_AND_ORGANIZATION_ASSIGNMENT(#305,#286,(#391));
#268=CC_DESIGN_PERSON_AND_ORGANIZATION_ASSIGNMENT(#306,#287,(#125));
#269=CC_DESIGN_PERSON_AND_ORGANIZATION_ASSIGNMENT(#310,#288,(#384,#392));
#270=CC_DESIGN_PERSON_AND_ORGANIZATION_ASSIGNMENT(#311,#289,(#400));
#271=CC_DESIGN_PERSON_AND_ORGANIZATION_ASSIGNMENT(#312,#290,(#392));
#272=CC_DESIGN_PERSON_AND_ORGANIZATION_ASSIGNMENT(#313,#291,(#126));
#273=CC_DESIGN_PERSON_AND_ORGANIZATION_ASSIGNMENT(#317,#292,(#385,#393));
#274=CC_DESIGN_PERSON_AND_ORGANIZATION_ASSIGNMENT(#318,#293,(#401));
#275=CC_DESIGN_PERSON_AND_ORGANIZATION_ASSIGNMENT(#319,#294,(#393));
#276=CC_DESIGN_PERSON_AND_ORGANIZATION_ASSIGNMENT(#320,#295,(#127));
#277=CC_DESIGN_PERSON_AND_ORGANIZATION_ASSIGNMENT(#324,#296,(#386,#394));
#278=CC_DESIGN_PERSON_AND_ORGANIZATION_ASSIGNMENT(#325,#297,(#402));
#279=CC_DESIGN_PERSON_AND_ORGANIZATION_ASSIGNMENT(#326,#298,(#394));
#280=CC_DESIGN_PERSON_AND_ORGANIZATION_ASSIGNMENT(#327,#299,(#128));
#281=CC_DESIGN_PERSON_AND_ORGANIZATION_ASSIGNMENT(#331,#300,(#129));
#282=CC_DESIGN_PERSON_AND_ORGANIZATION_ASSIGNMENT(#333,#301,(#130));
#283=CC_DESIGN_PERSON_AND_ORGANIZATION_ASSIGNMENT(#335,#302,(#131));
#284=PERSON_AND_ORGANIZATION_ROLE('creator');
#285=PERSON_AND_ORGANIZATION_ROLE('design_owner');
#286=PERSON_AND_ORGANIZATION_ROLE('design_supplier');
#287=PERSON_AND_ORGANIZATION_ROLE('classification_officer');
#288=PERSON_AND_ORGANIZATION_ROLE('creator');
#289=PERSON_AND_ORGANIZATION_ROLE('design_owner');
#290=PERSON_AND_ORGANIZATION_ROLE('design_supplier');
#291=PERSON_AND_ORGANIZATION_ROLE('classification_officer');
#292=PERSON_AND_ORGANIZATION_ROLE('creator');
#293=PERSON_AND_ORGANIZATION_ROLE('design_owner');
#294=PERSON_AND_ORGANIZATION_ROLE('design_supplier');
#295=PERSON_AND_ORGANIZATION_ROLE('classification_officer');
#296=PERSON_AND_ORGANIZATION_ROLE('creator');
#297=PERSON_AND_ORGANIZATION_ROLE('design_owner');
#298=PERSON_AND_ORGANIZATION_ROLE('design_supplier');
#299=PERSON_AND_ORGANIZATION_ROLE('classification_officer');
#300=PERSON_AND_ORGANIZATION_ROLE('classification_officer');
#301=PERSON_AND_ORGANIZATION_ROLE('classification_officer');
#302=PERSON_AND_ORGANIZATION_ROLE('classification_officer');
#303=PERSON_AND_ORGANIZATION(#371,#337);
#304=PERSON_AND_ORGANIZATION(#371,#338);
#305=PERSON_AND_ORGANIZATION(#371,#339);
#306=PERSON_AND_ORGANIZATION(#371,#340);
#307=PERSON_AND_ORGANIZATION(#371,#341);
#308=PERSON_AND_ORGANIZATION(#371,#342);
#309=PERSON_AND_ORGANIZATION(#371,#343);
#310=PERSON_AND_ORGANIZATION(#371,#344);
#311=PERSON_AND_ORGANIZATION(#371,#345);
#312=PERSON_AND_ORGANIZATION(#371,#346);
#313=PERSON_AND_ORGANIZATION(#371,#347);
#314=PERSON_AND_ORGANIZATION(#371,#348);
#315=PERSON_AND_ORGANIZATION(#371,#349);
#316=PERSON_AND_ORGANIZATION(#371,#350);
#317=PERSON_AND_ORGANIZATION(#371,#351);
#318=PERSON_AND_ORGANIZATION(#371,#352);
#319=PERSON_AND_ORGANIZATION(#371,#353);
#320=PERSON_AND_ORGANIZATION(#371,#354);
#321=PERSON_AND_ORGANIZATION(#371,#355);
#322=PERSON_AND_ORGANIZATION(#371,#356);
#323=PERSON_AND_ORGANIZATION(#371,#357);
#324=PERSON_AND_ORGANIZATION(#371,#358);
#325=PERSON_AND_ORGANIZATION(#371,#359);
#326=PERSON_AND_ORGANIZATION(#371,#360);
#327=PERSON_AND_ORGANIZATION(#371,#361);
#328=PERSON_AND_ORGANIZATION(#371,#362);
#329=PERSON_AND_ORGANIZATION(#371,#363);
#330=PERSON_AND_ORGANIZATION(#371,#364);
#331=PERSON_AND_ORGANIZATION(#371,#365);
#332=PERSON_AND_ORGANIZATION(#371,#366);
#333=PERSON_AND_ORGANIZATION(#371,#367);
#334=PERSON_AND_ORGANIZATION(#371,#368);
#335=PERSON_AND_ORGANIZATION(#371,#369);
#336=PERSON_AND_ORGANIZATION(#371,#370);
#337=ORGANIZATION(' ',' ',' ');
#338=ORGANIZATION(' ',' ',' ');
#339=ORGANIZATION(' ',' ',' ');
#340=ORGANIZATION(' ',' ',' ');
#341=ORGANIZATION(' ',' ',' ');
#342=ORGANIZATION(' ',' ',' ');
#343=ORGANIZATION(' ',' ',' ');
#344=ORGANIZATION(' ',' ',' ');
#345=ORGANIZATION(' ',' ',' ');
#346=ORGANIZATION(' ',' ',' ');
#347=ORGANIZATION(' ',' ',' ');
#348=ORGANIZATION(' ',' ',' ');
#349=ORGANIZATION(' ',' ',' ');
#350=ORGANIZATION(' ',' ',' ');
#351=ORGANIZATION(' ',' ',' ');
#352=ORGANIZATION(' ',' ',' ');
#353=ORGANIZATION(' ',' ',' ');
#354=ORGANIZATION(' ',' ',' ');
#355=ORGANIZATION(' ',' ',' ');
#356=ORGANIZATION(' ',' ',' ');
#357=ORGANIZATION(' ',' ',' ');
#358=ORGANIZATION(' ',' ',' ');
#359=ORGANIZATION(' ',' ',' ');
#360=ORGANIZATION(' ',' ',' ');
#361=ORGANIZATION(' ',' ',' ');
#362=ORGANIZATION(' ',' ',' ');
#363=ORGANIZATION(' ',' ',' ');
#364=ORGANIZATION(' ',' ',' ');
#365=ORGANIZATION(' ',' ',' ');
#366=ORGANIZATION(' ',' ',' ');
#367=ORGANIZATION(' ',' ',' ');
#368=ORGANIZATION(' ',' ',' ');
#369=ORGANIZATION(' ',' ',' ');
#370=ORGANIZATION(' ',' ',' ');
#371=PERSON(' ',' ',' ',(' '),$,$);
#372=SHAPE_DEFINITION_REPRESENTATION(#376,#414);
#373=SHAPE_DEFINITION_REPRESENTATION(#377,#415);
#374=SHAPE_DEFINITION_REPRESENTATION(#378,#416);
#375=SHAPE_DEFINITION_REPRESENTATION(#379,#417);
#376=PRODUCT_DEFINITION_SHAPE('','',#383);
#377=PRODUCT_DEFINITION_SHAPE('','',#384);
#378=PRODUCT_DEFINITION_SHAPE('','',#385);
#379=PRODUCT_DEFINITION_SHAPE('','',#386);
#380=PRODUCT_DEFINITION_SHAPE(' ','NAUO PRDDFN',#13);
#381=PRODUCT_DEFINITION_SHAPE(' ','NAUO PRDDFN',#14);
#382=PRODUCT_DEFINITION_SHAPE(' ','NAUO PRDDFN',#15);
#383=PRODUCT_DEFINITION(' ','',#391,#387);
#384=PRODUCT_DEFINITION(' ','',#392,#388);
#385=PRODUCT_DEFINITION(' ','',#393,#389);
#386=PRODUCT_DEFINITION(' ','',#394,#390);
#387=DESIGN_CONTEXT('',#413,'design');
#388=DESIGN_CONTEXT('',#413,'design');
#389=DESIGN_CONTEXT('',#413,'design');
#390=DESIGN_CONTEXT('',#413,'design');
#391=PRODUCT_DEFINITION_FORMATION_WITH_SPECIFIED_SOURCE(' ',' ',#399,
 .NOT_KNOWN.);
#392=PRODUCT_DEFINITION_FORMATION_WITH_SPECIFIED_SOURCE(' ',' ',#400,
 .NOT_KNOWN.);
#393=PRODUCT_DEFINITION_FORMATION_WITH_SPECIFIED_SOURCE(' ',' ',#401,
 .NOT_KNOWN.);
#394=PRODUCT_DEFINITION_FORMATION_WITH_SPECIFIED_SOURCE(' ',' ',#402,
 .NOT_KNOWN.);
#395=PRODUCT_RELATED_PRODUCT_CATEGORY('detail','',(#399));
#396=PRODUCT_RELATED_PRODUCT_CATEGORY('detail','',(#400));
#397=PRODUCT_RELATED_PRODUCT_CATEGORY('detail','',(#401));
#398=PRODUCT_RELATED_PRODUCT_CATEGORY('detail','',(#402));
#399=PRODUCT('cover2','cover2',' ',(#408));
#400=PRODUCT('cover1','cover1',' ',(#409));
#401=PRODUCT('plate','plate',' ',(#410));
#402=PRODUCT('asm2','asm2',' ',(#411));
#403=PRODUCT_CATEGORY('part',' ');
#404=PRODUCT_CATEGORY(' ','');
#405=PRODUCT_CATEGORY(' ','');
#406=PRODUCT_CATEGORY(' ','');
#407=PRODUCT_CATEGORY(' ','');
#408=MECHANICAL_CONTEXT(' ',#413,'mechanical');
#409=MECHANICAL_CONTEXT(' ',#413,'mechanical');
#410=MECHANICAL_CONTEXT(' ',#413,'mechanical');
#411=MECHANICAL_CONTEXT(' ',#413,'mechanical');
#412=APPLICATION_PROTOCOL_DEFINITION('international standard',
'config_control_design',2010,#413);
#413=APPLICATION_CONTEXT(
'configuration controlled 3D designs of mechanical parts and assemblie
s');
#414=SHAPE_REPRESENTATION('cover2-MODEL',(#15097),#23889);
#415=SHAPE_REPRESENTATION('cover1-MODEL',(#15097),#23888);
#416=SHAPE_REPRESENTATION('plate-MODEL',(#15097),#23887);
#417=SHAPE_REPRESENTATION('asm2-none',(#15097,#16143,#16144,#16145),#23886);
#418=CYLINDRICAL_SURFACE('',#15972,0.25);
#419=CYLINDRICAL_SURFACE('',#15973,0.25);
#420=CYLINDRICAL_SURFACE('',#15974,0.25);
#421=CYLINDRICAL_SURFACE('',#15975,0.25);
#422=CYLINDRICAL_SURFACE('',#15976,0.25);
#423=CYLINDRICAL_SURFACE('',#15977,0.25);
#424=CYLINDRICAL_SURFACE('',#15978,0.25);
#425=CYLINDRICAL_SURFACE('',#15979,0.25);
#426=CYLINDRICAL_SURFACE('',#15980,0.25);
#427=CYLINDRICAL_SURFACE('',#15981,0.25);
#428=CYLINDRICAL_SURFACE('',#15982,0.25);
#429=CYLINDRICAL_SURFACE('',#15983,0.25);
#430=CYLINDRICAL_SURFACE('',#15984,0.25);
#431=CYLINDRICAL_SURFACE('',#15985,0.25);
#432=CYLINDRICAL_SURFACE('',#15986,0.25);
#433=CYLINDRICAL_SURFACE('',#15987,0.25);
#434=CYLINDRICAL_SURFACE('',#15988,0.25);
#435=CYLINDRICAL_SURFACE('',#15989,0.25);
#436=CYLINDRICAL_SURFACE('',#15990,0.25);
#437=CYLINDRICAL_SURFACE('',#15991,0.25);
#438=CYLINDRICAL_SURFACE('',#15992,0.25);
#439=CYLINDRICAL_SURFACE('',#15993,0.25);
#440=CYLINDRICAL_SURFACE('',#15994,0.25);
#441=CYLINDRICAL_SURFACE('',#15995,0.25);
#442=CYLINDRICAL_SURFACE('',#15996,0.25);
#443=CYLINDRICAL_SURFACE('',#15997,0.25);
#444=CYLINDRICAL_SURFACE('',#15998,0.25);
#445=CYLINDRICAL_SURFACE('',#15999,0.25);
#446=CYLINDRICAL_SURFACE('',#16000,0.25);
#447=CYLINDRICAL_SURFACE('',#16001,0.25);
#448=CYLINDRICAL_SURFACE('',#16002,0.25);
#449=CYLINDRICAL_SURFACE('',#16003,0.25);
#450=CYLINDRICAL_SURFACE('',#16004,0.25);
#451=CYLINDRICAL_SURFACE('',#16005,0.25);
#452=CYLINDRICAL_SURFACE('',#16006,0.25);
#453=CYLINDRICAL_SURFACE('',#16007,0.25);
#454=CYLINDRICAL_SURFACE('',#16008,0.25);
#455=CYLINDRICAL_SURFACE('',#16009,0.25);
#456=CYLINDRICAL_SURFACE('',#16010,0.25);
#457=CYLINDRICAL_SURFACE('',#16011,0.25);
#458=CYLINDRICAL_SURFACE('',#16012,0.25);
#459=CYLINDRICAL_SURFACE('',#16013,0.25);
#460=CYLINDRICAL_SURFACE('',#16014,0.25);
#461=CYLINDRICAL_SURFACE('',#16015,0.25);
#462=CYLINDRICAL_SURFACE('',#16016,0.25);
#463=CYLINDRICAL_SURFACE('',#16017,0.25);
#464=CYLINDRICAL_SURFACE('',#16018,0.25);
#465=CYLINDRICAL_SURFACE('',#16019,0.25);
#466=CYLINDRICAL_SURFACE('',#16020,0.25);
#467=CYLINDRICAL_SURFACE('',#16021,0.25);
#468=CYLINDRICAL_SURFACE('',#16022,0.25);
#469=CYLINDRICAL_SURFACE('',#16023,0.25);
#470=CYLINDRICAL_SURFACE('',#16024,0.25);
#471=CYLINDRICAL_SURFACE('',#16025,0.25);
#472=CYLINDRICAL_SURFACE('',#16026,0.25);
#473=CYLINDRICAL_SURFACE('',#16027,0.25);
#474=CYLINDRICAL_SURFACE('',#16028,0.25);
#475=CYLINDRICAL_SURFACE('',#16029,0.25);
#476=CYLINDRICAL_SURFACE('',#16030,0.25);
#477=CYLINDRICAL_SURFACE('',#16031,0.25);
#478=CYLINDRICAL_SURFACE('',#16032,0.25);
#479=CYLINDRICAL_SURFACE('',#16033,0.25);
#480=CYLINDRICAL_SURFACE('',#16034,0.25);
#481=CYLINDRICAL_SURFACE('',#16035,0.25);
#482=CYLINDRICAL_SURFACE('',#16036,0.25);
#483=CYLINDRICAL_SURFACE('',#16037,0.25);
#484=CYLINDRICAL_SURFACE('',#16038,0.25);
#485=CYLINDRICAL_SURFACE('',#16039,0.25);
#486=CYLINDRICAL_SURFACE('',#16040,0.25);
#487=CYLINDRICAL_SURFACE('',#16041,0.25);
#488=CYLINDRICAL_SURFACE('',#16042,0.25);
#489=CYLINDRICAL_SURFACE('',#16043,0.25);
#490=CYLINDRICAL_SURFACE('',#16044,0.25);
#491=CYLINDRICAL_SURFACE('',#16045,0.25);
#492=CYLINDRICAL_SURFACE('',#16046,0.25);
#493=CYLINDRICAL_SURFACE('',#16047,0.25);
#494=CYLINDRICAL_SURFACE('',#16048,0.25);
#495=CYLINDRICAL_SURFACE('',#16049,0.25);
#496=CYLINDRICAL_SURFACE('',#16050,0.25);
#497=CYLINDRICAL_SURFACE('',#16051,0.25);
#498=CYLINDRICAL_SURFACE('',#16052,0.25);
#499=CYLINDRICAL_SURFACE('',#16053,0.25);
#500=CYLINDRICAL_SURFACE('',#16054,0.25);
#501=CYLINDRICAL_SURFACE('',#16055,0.25);
#502=CYLINDRICAL_SURFACE('',#16056,0.25);
#503=CYLINDRICAL_SURFACE('',#16057,0.25);
#504=CYLINDRICAL_SURFACE('',#16058,0.25);
#505=CYLINDRICAL_SURFACE('',#16059,0.25);
#506=CYLINDRICAL_SURFACE('',#16060,0.25);
#507=CYLINDRICAL_SURFACE('',#16061,0.25);
#508=CYLINDRICAL_SURFACE('',#16062,0.25);
#509=CYLINDRICAL_SURFACE('',#16063,0.25);
#510=CYLINDRICAL_SURFACE('',#16064,0.25);
#511=CYLINDRICAL_SURFACE('',#16065,0.25);
#512=CYLINDRICAL_SURFACE('',#16066,0.25);
#513=CYLINDRICAL_SURFACE('',#16067,0.25);
#514=CYLINDRICAL_SURFACE('',#16068,0.25);
#515=CYLINDRICAL_SURFACE('',#16069,0.25);
#516=CYLINDRICAL_SURFACE('',#16070,0.25);
#517=CYLINDRICAL_SURFACE('',#16071,0.25);
#518=CYLINDRICAL_SURFACE('',#16072,0.25);
#519=CYLINDRICAL_SURFACE('',#16073,0.25);
#520=CYLINDRICAL_SURFACE('',#16074,0.25);
#521=CYLINDRICAL_SURFACE('',#16075,0.25);
#522=CYLINDRICAL_SURFACE('',#16076,0.25);
#523=CYLINDRICAL_SURFACE('',#16077,0.25);
#524=CYLINDRICAL_SURFACE('',#16078,0.25);
#525=CYLINDRICAL_SURFACE('',#16079,0.25);
#526=CYLINDRICAL_SURFACE('',#16080,0.25);
#527=CYLINDRICAL_SURFACE('',#16081,0.25);
#528=CYLINDRICAL_SURFACE('',#16082,0.25);
#529=CYLINDRICAL_SURFACE('',#16083,0.25);
#530=CYLINDRICAL_SURFACE('',#16084,0.25);
#531=CYLINDRICAL_SURFACE('',#16085,0.25);
#532=CYLINDRICAL_SURFACE('',#16086,0.25);
#533=CYLINDRICAL_SURFACE('',#16087,0.25);
#534=CYLINDRICAL_SURFACE('',#16088,0.25);
#535=CYLINDRICAL_SURFACE('',#16089,0.25);
#536=CYLINDRICAL_SURFACE('',#16090,0.25);
#537=CYLINDRICAL_SURFACE('',#16091,0.25);
#538=CYLINDRICAL_SURFACE('',#16092,0.25);
#539=CYLINDRICAL_SURFACE('',#16093,0.25);
#540=CYLINDRICAL_SURFACE('',#16094,0.25);
#541=CYLINDRICAL_SURFACE('',#16095,0.25);
#542=CYLINDRICAL_SURFACE('',#16096,0.25);
#543=CYLINDRICAL_SURFACE('',#16097,0.25);
#544=CYLINDRICAL_SURFACE('',#16098,0.25);
#545=CYLINDRICAL_SURFACE('',#16099,0.25);
#546=CIRCLE('',#15695,0.25);
#547=CIRCLE('',#15696,0.25);
#548=CIRCLE('',#15697,0.25);
#549=CIRCLE('',#15698,0.25);
#550=CIRCLE('',#15699,0.25);
#551=CIRCLE('',#15700,0.25);
#552=CIRCLE('',#15701,0.25);
#553=CIRCLE('',#15702,0.25);
#554=CIRCLE('',#15703,0.25);
#555=CIRCLE('',#15704,0.25);
#556=CIRCLE('',#15705,0.25);
#557=CIRCLE('',#15706,0.25);
#558=CIRCLE('',#15707,0.25);
#559=CIRCLE('',#15708,0.25);
#560=CIRCLE('',#15709,0.25);
#561=CIRCLE('',#15710,0.25);
#562=CIRCLE('',#15711,0.25);
#563=CIRCLE('',#15712,0.25);
#564=CIRCLE('',#15713,0.25);
#565=CIRCLE('',#15714,0.25);
#566=CIRCLE('',#15715,0.25);
#567=CIRCLE('',#15716,0.25);
#568=CIRCLE('',#15717,0.25);
#569=CIRCLE('',#15718,0.25);
#570=CIRCLE('',#15719,0.25);
#571=CIRCLE('',#15720,0.25);
#572=CIRCLE('',#15721,0.25);
#573=CIRCLE('',#15722,0.25);
#574=CIRCLE('',#15723,0.25);
#575=CIRCLE('',#15724,0.25);
#576=CIRCLE('',#15725,0.25);
#577=CIRCLE('',#15726,0.25);
#578=CIRCLE('',#15727,0.25);
#579=CIRCLE('',#15728,0.25);
#580=CIRCLE('',#15729,0.25);
#581=CIRCLE('',#15730,0.25);
#582=CIRCLE('',#15731,0.25);
#583=CIRCLE('',#15732,0.25);
#584=CIRCLE('',#15733,0.25);
#585=CIRCLE('',#15734,0.25);
#586=CIRCLE('',#15735,0.25);
#587=CIRCLE('',#15736,0.25);
#588=CIRCLE('',#15737,0.25);
#589=CIRCLE('',#15738,0.25);
#590=CIRCLE('',#15739,0.25);
#591=CIRCLE('',#15740,0.25);
#592=CIRCLE('',#15741,0.25);
#593=CIRCLE('',#15742,0.25);
#594=CIRCLE('',#15743,0.25);
#595=CIRCLE('',#15744,0.25);
#596=CIRCLE('',#15745,0.25);
#597=CIRCLE('',#15746,0.25);
#598=CIRCLE('',#15747,0.25);
#599=CIRCLE('',#15748,0.25);
#600=CIRCLE('',#15749,0.25);
#601=CIRCLE('',#15750,0.25);
#602=CIRCLE('',#15751,0.25);
#603=CIRCLE('',#15752,0.25);
#604=CIRCLE('',#15753,0.25);
#605=CIRCLE('',#15754,0.25);
#606=CIRCLE('',#15755,0.25);
#607=CIRCLE('',#15756,0.25);
#608=CIRCLE('',#15757,0.25);
#609=CIRCLE('',#15758,0.25);
#610=CIRCLE('',#15759,0.25);
#611=CIRCLE('',#15760,0.25);
#612=CIRCLE('',#15761,0.25);
#613=CIRCLE('',#15762,0.25);
#614=CIRCLE('',#15763,0.25);
#615=CIRCLE('',#15764,0.25);
#616=CIRCLE('',#15765,0.25);
#617=CIRCLE('',#15766,0.25);
#618=CIRCLE('',#15767,0.25);
#619=CIRCLE('',#15768,0.25);
#620=CIRCLE('',#15769,0.25);
#621=CIRCLE('',#15770,0.25);
#622=CIRCLE('',#15771,0.25);
#623=CIRCLE('',#15772,0.25);
#624=CIRCLE('',#15773,0.25);
#625=CIRCLE('',#15774,0.25);
#626=CIRCLE('',#15775,0.25);
#627=CIRCLE('',#15776,0.25);
#628=CIRCLE('',#15777,0.25);
#629=CIRCLE('',#15778,0.25);
#630=CIRCLE('',#15779,0.25);
#631=CIRCLE('',#15780,0.25);
#632=CIRCLE('',#15781,0.25);
#633=CIRCLE('',#15782,0.25);
#634=CIRCLE('',#15783,0.25);
#635=CIRCLE('',#15784,0.25);
#636=CIRCLE('',#15785,0.25);
#637=CIRCLE('',#15786,0.25);
#638=CIRCLE('',#15787,0.25);
#639=CIRCLE('',#15788,0.25);
#640=CIRCLE('',#15789,0.25);
#641=CIRCLE('',#15790,0.25);
#642=CIRCLE('',#15791,0.25);
#643=CIRCLE('',#15792,0.25);
#644=CIRCLE('',#15793,0.25);
#645=CIRCLE('',#15794,0.25);
#646=CIRCLE('',#15795,0.25);
#647=CIRCLE('',#15796,0.25);
#648=CIRCLE('',#15797,0.25);
#649=CIRCLE('',#15798,0.25);
#650=CIRCLE('',#15799,0.25);
#651=CIRCLE('',#15800,0.25);
#652=CIRCLE('',#15801,0.25);
#653=CIRCLE('',#15802,0.25);
#654=CIRCLE('',#15803,0.25);
#655=CIRCLE('',#15804,0.25);
#656=CIRCLE('',#15805,0.25);
#657=CIRCLE('',#15806,0.25);
#658=CIRCLE('',#15807,0.25);
#659=CIRCLE('',#15808,0.25);
#660=CIRCLE('',#15809,0.25);
#661=CIRCLE('',#15810,0.25);
#662=CIRCLE('',#15811,0.25);
#663=CIRCLE('',#15812,0.25);
#664=CIRCLE('',#15813,0.25);
#665=CIRCLE('',#15814,0.25);
#666=CIRCLE('',#15815,0.25);
#667=CIRCLE('',#15816,0.25);
#668=CIRCLE('',#15817,0.25);
#669=CIRCLE('',#15818,0.25);
#670=CIRCLE('',#15819,0.25);
#671=CIRCLE('',#15820,0.25);
#672=CIRCLE('',#15821,0.25);
#673=CIRCLE('',#15822,0.25);
#674=CIRCLE('',#15829,0.25);
#675=CIRCLE('',#15830,0.25);
#676=CIRCLE('',#15831,0.25);
#677=CIRCLE('',#15832,0.25);
#678=CIRCLE('',#15833,0.25);
#679=CIRCLE('',#15834,0.25);
#680=CIRCLE('',#15835,0.25);
#681=CIRCLE('',#15836,0.25);
#682=CIRCLE('',#15837,0.25);
#683=CIRCLE('',#15838,0.25);
#684=CIRCLE('',#15839,0.25);
#685=CIRCLE('',#15840,0.25);
#686=CIRCLE('',#15841,0.25);
#687=CIRCLE('',#15842,0.25);
#688=CIRCLE('',#15843,0.25);
#689=CIRCLE('',#15844,0.25);
#690=CIRCLE('',#15845,0.25);
#691=CIRCLE('',#15846,0.25);
#692=CIRCLE('',#15847,0.25);
#693=CIRCLE('',#15848,0.25);
#694=CIRCLE('',#15849,0.25);
#695=CIRCLE('',#15850,0.25);
#696=CIRCLE('',#15851,0.25);
#697=CIRCLE('',#15852,0.25);
#698=CIRCLE('',#15853,0.25);
#699=CIRCLE('',#15854,0.25);
#700=CIRCLE('',#15855,0.25);
#701=CIRCLE('',#15856,0.25);
#702=CIRCLE('',#15857,0.25);
#703=CIRCLE('',#15858,0.25);
#704=CIRCLE('',#15859,0.25);
#705=CIRCLE('',#15860,0.25);
#706=CIRCLE('',#15863,0.25);
#707=CIRCLE('',#15864,0.25);
#708=CIRCLE('',#15865,0.25);
#709=CIRCLE('',#15866,0.25);
#710=CIRCLE('',#15867,0.25);
#711=CIRCLE('',#15868,0.25);
#712=CIRCLE('',#15869,0.25);
#713=CIRCLE('',#15870,0.25);
#714=CIRCLE('',#15871,0.25);
#715=CIRCLE('',#15872,0.25);
#716=CIRCLE('',#15873,0.25);
#717=CIRCLE('',#15874,0.25);
#718=CIRCLE('',#15875,0.25);
#719=CIRCLE('',#15876,0.25);
#720=CIRCLE('',#15877,0.25);
#721=CIRCLE('',#15878,0.25);
#722=CIRCLE('',#15879,0.25);
#723=CIRCLE('',#15880,0.25);
#724=CIRCLE('',#15881,0.25);
#725=CIRCLE('',#15882,0.25);
#726=CIRCLE('',#15883,0.25);
#727=CIRCLE('',#15884,0.25);
#728=CIRCLE('',#15885,0.25);
#729=CIRCLE('',#15886,0.25);
#730=CIRCLE('',#15887,0.25);
#731=CIRCLE('',#15888,0.25);
#732=CIRCLE('',#15889,0.25);
#733=CIRCLE('',#15890,0.25);
#734=CIRCLE('',#15891,0.25);
#735=CIRCLE('',#15892,0.25);
#736=CIRCLE('',#15893,0.25);
#737=CIRCLE('',#15894,0.25);
#738=CIRCLE('',#15896,0.25);
#739=CIRCLE('',#15897,0.25);
#740=CIRCLE('',#15898,0.25);
#741=CIRCLE('',#15899,0.25);
#742=CIRCLE('',#15900,0.25);
#743=CIRCLE('',#15901,0.25);
#744=CIRCLE('',#15902,0.25);
#745=CIRCLE('',#15903,0.25);
#746=CIRCLE('',#15904,0.25);
#747=CIRCLE('',#15905,0.25);
#748=CIRCLE('',#15906,0.25);
#749=CIRCLE('',#15907,0.25);
#750=CIRCLE('',#15908,0.25);
#751=CIRCLE('',#15909,0.25);
#752=CIRCLE('',#15910,0.25);
#753=CIRCLE('',#15911,0.25);
#754=CIRCLE('',#15912,0.25);
#755=CIRCLE('',#15913,0.25);
#756=CIRCLE('',#15914,0.25);
#757=CIRCLE('',#15915,0.25);
#758=CIRCLE('',#15916,0.25);
#759=CIRCLE('',#15917,0.25);
#760=CIRCLE('',#15918,0.25);
#761=CIRCLE('',#15919,0.25);
#762=CIRCLE('',#15920,0.25);
#763=CIRCLE('',#15921,0.25);
#764=CIRCLE('',#15922,0.25);
#765=CIRCLE('',#15923,0.25);
#766=CIRCLE('',#15924,0.25);
#767=CIRCLE('',#15925,0.25);
#768=CIRCLE('',#15926,0.25);
#769=CIRCLE('',#15927,0.25);
#770=CIRCLE('',#15930,0.25);
#771=CIRCLE('',#15931,0.25);
#772=CIRCLE('',#15932,0.25);
#773=CIRCLE('',#15933,0.25);
#774=CIRCLE('',#15934,0.25);
#775=CIRCLE('',#15935,0.25);
#776=CIRCLE('',#15936,0.25);
#777=CIRCLE('',#15937,0.25);
#778=CIRCLE('',#15938,0.25);
#779=CIRCLE('',#15939,0.25);
#780=CIRCLE('',#15940,0.25);
#781=CIRCLE('',#15941,0.25);
#782=CIRCLE('',#15942,0.25);
#783=CIRCLE('',#15943,0.25);
#784=CIRCLE('',#15944,0.25);
#785=CIRCLE('',#15945,0.25);
#786=CIRCLE('',#15946,0.25);
#787=CIRCLE('',#15947,0.25);
#788=CIRCLE('',#15948,0.25);
#789=CIRCLE('',#15949,0.25);
#790=CIRCLE('',#15950,0.25);
#791=CIRCLE('',#15951,0.25);
#792=CIRCLE('',#15952,0.25);
#793=CIRCLE('',#15953,0.25);
#794=CIRCLE('',#15954,0.25);
#795=CIRCLE('',#15955,0.25);
#796=CIRCLE('',#15956,0.25);
#797=CIRCLE('',#15957,0.25);
#798=CIRCLE('',#15958,0.25);
#799=CIRCLE('',#15959,0.25);
#800=CIRCLE('',#15960,0.25);
#801=CIRCLE('',#15961,0.25);
#802=PRESENTATION_LAYER_ASSIGNMENT('1','Layer 1',(#825,#826,#827));
#803=STYLED_ITEM('',(#806),#825);
#804=STYLED_ITEM('',(#807),#826);
#805=STYLED_ITEM('',(#808),#827);
#806=PRESENTATION_STYLE_ASSIGNMENT((#809));
#807=PRESENTATION_STYLE_ASSIGNMENT((#810));
#808=PRESENTATION_STYLE_ASSIGNMENT((#811));
#809=SURFACE_STYLE_USAGE(.BOTH.,#812);
#810=SURFACE_STYLE_USAGE(.BOTH.,#813);
#811=SURFACE_STYLE_USAGE(.BOTH.,#814);
#812=SURFACE_SIDE_STYLE('',(#815));
#813=SURFACE_SIDE_STYLE('',(#816));
#814=SURFACE_SIDE_STYLE('',(#817));
#815=SURFACE_STYLE_FILL_AREA(#818);
#816=SURFACE_STYLE_FILL_AREA(#819);
#817=SURFACE_STYLE_FILL_AREA(#820);
#818=FILL_AREA_STYLE('',(#821));
#819=FILL_AREA_STYLE('',(#822));
#820=FILL_AREA_STYLE('',(#823));
#821=FILL_AREA_STYLE_COLOUR('',#824);
#822=FILL_AREA_STYLE_COLOUR('',#824);
#823=FILL_AREA_STYLE_COLOUR('',#824);
#824=COLOUR_RGB('Orange',1.,0.6,0.);
#825=MANIFOLD_SOLID_BREP('',#828);
#826=MANIFOLD_SOLID_BREP('',#829);
#827=MANIFOLD_SOLID_BREP('',#830);
#828=CLOSED_SHELL('',(#1471,#1472,#1473,#1474,#1475,#1476,#1477,#1478,#1479,
#1480,#1481,#1482,#1483,#1484,#1485,#1486,#1487,#1488,#1489,#1490,#1491,
#1492,#1493,#1494,#1495,#1496,#1497,#1498,#1499,#1500,#1501,#1502,#1503,
#1504,#1505,#1506,#1507,#1508,#1509,#1510,#1511,#1512,#1513,#1514,#1515,
#1516,#1517,#1518,#1519,#1520,#1521,#1522,#1523,#1524,#1525,#1526,#1527,
#1528,#1529,#1530,#1531,#1532,#1533,#1534,#1535,#1536,#1537,#1538,#1539,
#1540,#1541,#1542,#1543,#1544,#1545,#1546,#1547,#1548,#1549,#1550,#1551,
#1552,#1553,#1554,#1555,#1556,#1557,#1558,#1559,#1560,#1561,#1562,#1563,
#1564,#1565,#1566,#1567,#1568,#1569,#1570,#1571,#1572,#1573,#1574,#1575,
#1576,#1577,#1578,#1579,#1580,#1581,#1582,#1583,#1584,#1585,#1586,#1587,
#1588,#1589,#1590,#1591,#1592,#1593,#1594,#1595,#1596,#1597,#1598,#1599,
#1600,#1601,#1602,#1603,#1604,#1605,#1606,#1607,#1608,#1609,#1610,#1611,
#1612,#1613,#1614,#1615,#1616,#1617,#1618,#1619,#1620,#1621,#1622,#1623,
#1624,#1625,#1626,#1627,#1628,#1629,#1630,#1631,#1632,#1633,#1634,#1635,
#1636,#1637,#1638,#1639,#1640,#1641,#1642,#1643,#1644,#1645,#1646,#1647,
#1648,#1649,#1650,#1651,#1652,#1653,#1654,#1655,#1656,#1657,#1658,#1659,
#1660,#1661,#1662,#1663,#1664,#1665,#1666,#1667,#1668,#1669,#1670,#1671,
#1672,#1673,#1674,#1675,#1676,#1677,#1678,#1679,#1680,#1681,#1682,#1683,
#1684,#1685,#1686,#1687,#1688,#1689,#1690,#1691,#1692,#1693,#1694,#1695,
#1696,#1697,#1698,#1699,#1700,#1701,#1702,#1703,#1704,#1705,#1706,#1707,
#1708,#1709,#1710,#1711,#1712,#1713,#1714,#1715,#1716,#1717,#1718,#1719,
#1720,#1721,#1722,#1723,#1724,#1725,#1726,#1727,#1728,#1729,#1730,#1731,
#1732,#1733,#1734,#1735,#1736,#1737,#1738,#1739,#1740,#1741,#1742,#1743,
#1744,#1745,#1746,#1747,#1748,#1749,#1750,#1751,#1752,#1753,#1754,#1755,
#1756,#1757,#1758,#1759,#1760,#1761,#1762,#1763,#1764,#1765,#1766,#1767,
#1768,#1769,#1770,#1771,#1772,#1773,#1774,#1775,#1776,#1777,#1778,#1779,
#1780,#1781,#1782,#1783,#1784,#1785,#1786,#1787,#1788,#1789,#1790,#1791,
#1792,#1793,#1794,#1795,#1796,#1797,#1798,#1799,#1800,#1801,#1802,#1803,
#1804,#1805,#1806,#1807,#1808,#1809,#1810,#1811,#1812,#1813,#1814,#1815,
#1816,#1817,#1818,#1819,#1820,#1821,#1822,#1823,#1824,#1825,#1826,#1827,
#1828,#1829,#1830,#1831,#1832,#1833,#1834,#1835,#1836,#1837,#1838,#1839,
#1840,#1841,#1842,#1843,#1844,#1845,#1846,#1847,#1848,#1849,#1850,#1851,
#1852,#1853,#1854,#1855,#1856,#1857,#1858,#1859,#1860,#1861,#1862,#1863,
#1864,#1865,#1866,#1867,#1868,#1869,#1870,#1871,#1872,#1873,#1874,#1875,
#1876,#1877,#1878,#1879,#1880,#1881,#1882,#1883,#1884,#1885,#1886,#1887,
#1888,#1889,#1890,#1891,#1892,#1893,#1894,#1895,#1896,#1897,#1898,#1899,
#1900,#1901,#1902,#1903,#1904,#1905,#1906,#1907,#1908,#1909,#1910,#1911,
#1912,#1913,#1914,#1915,#1916,#1917,#1918,#1919,#1920,#1921,#1922,#1923,
#1924,#1925,#1926,#1927,#1928,#1929,#1930,#1931,#1932,#1933,#1934,#1935,
#1936,#1937,#1938,#1939,#1940,#1941,#1942,#1943,#1944,#1945,#1946,#1947,
#1948,#1949,#1950,#1951,#1952,#1953,#1954,#1955,#1956,#1957,#1958,#1959,
#1960,#1961,#1962,#1963,#1964,#1965,#1966,#1967,#1968,#1969,#1970,#1971,
#1972,#1973,#1974,#1975,#1976,#1977,#1978,#1979,#1980,#1981,#1982,#1983,
#1984,#1985,#1986,#1987,#1988,#1989,#1990,#1991,#1992,#1993,#1994,#1995,
#1996,#1997,#1998,#1999,#2000,#2001,#2002,#2003,#2004,#2005,#2006,#2007,
#2008,#2009,#2010,#2011,#2012,#2013,#2014,#2015,#2016,#2017,#2018,#2019,
#2020,#2021,#2022,#2023,#2024,#2025,#2026,#2027,#2028,#2029,#2030,#2031,
#2032,#2033,#2034,#2035,#2036,#2037,#2038,#2039,#2040,#2041,#2042,#2043,
#2044,#2045,#2046,#2047,#2048,#2049,#2050,#2051,#2052,#2053,#2054,#2055,
#2056,#2057));
#829=CLOSED_SHELL('',(#2058,#2059,#2060,#2061,#2062,#2063,#2064,#2065,#2066,
#2067,#2068,#2069,#2070,#2071,#2072,#2073,#2074,#2075,#2076,#2077,#2078,
#2079,#2080,#2081,#2082,#2083,#2084,#2085,#2086,#2087,#2088,#2089,#2090,
#2091,#2092,#2093,#2094,#2095,#2096,#2097,#2098,#2099,#2100,#2101,#2102,
#2103,#2104,#2105,#2106,#2107,#2108,#2109,#2110,#2111,#2112,#2113,#2114,
#2115,#2116,#2117,#2118,#2119,#2120,#2121,#2122,#2123,#2124,#2125,#2126,
#2127,#2128,#2129,#2130,#2131,#2132,#2133,#2134,#2135,#2136,#2137,#2138,
#2139,#2140,#2141,#2142,#2143,#2144,#2145,#2146,#2147,#2148,#2149,#2150,
#2151,#2152,#2153,#2154,#2155,#2156,#2157,#2158,#2159,#2160,#2161,#2162,
#2163,#2164,#2165,#2166,#2167,#2168,#2169,#2170,#2171,#2172,#2173,#2174,
#2175,#2176,#2177,#2178,#2179,#2180,#2181,#2182,#2183,#2184,#2185,#2186,
#2187,#2188,#2189,#2190,#2191,#2192,#2193,#2194,#2195,#2196,#2197,#2198,
#2199,#2200,#2201,#2202,#2203,#2204,#2205,#2206,#2207,#2208,#2209,#2210,
#2211,#2212,#2213,#2214,#2215,#2216,#2217,#2218,#2219,#2220,#2221,#2222,
#2223,#2224,#2225,#2226,#2227,#2228,#2229,#2230,#2231,#2232,#2233,#2234,
#2235,#2236,#2237));
#830=CLOSED_SHELL('',(#2238,#2239,#2240,#2241,#2242,#2243,#2244,#2245,#2246,
#2247,#2248,#2249,#2250,#2251,#2252,#2253,#2254,#2255,#2256,#2257,#2258,
#2259));
#831=FACE_BOUND('',#3782,.T.);
#832=FACE_BOUND('',#3783,.T.);
#833=FACE_BOUND('',#3784,.T.);
#834=FACE_BOUND('',#3785,.T.);
#835=FACE_BOUND('',#3786,.T.);
#836=FACE_BOUND('',#3787,.T.);
#837=FACE_BOUND('',#3788,.T.);
#838=FACE_BOUND('',#3789,.T.);
#839=FACE_BOUND('',#3790,.T.);
#840=FACE_BOUND('',#3791,.T.);
#841=FACE_BOUND('',#3792,.T.);
#842=FACE_BOUND('',#3793,.T.);
#843=FACE_BOUND('',#3794,.T.);
#844=FACE_BOUND('',#3795,.T.);
#845=FACE_BOUND('',#3796,.T.);
#846=FACE_BOUND('',#3797,.T.);
#847=FACE_BOUND('',#3798,.T.);
#848=FACE_BOUND('',#3799,.T.);
#849=FACE_BOUND('',#3800,.T.);
#850=FACE_BOUND('',#3801,.T.);
#851=FACE_BOUND('',#3802,.T.);
#852=FACE_BOUND('',#3803,.T.);
#853=FACE_BOUND('',#3804,.T.);
#854=FACE_BOUND('',#3805,.T.);
#855=FACE_BOUND('',#3806,.T.);
#856=FACE_BOUND('',#3807,.T.);
#857=FACE_BOUND('',#3808,.T.);
#858=FACE_BOUND('',#3809,.T.);
#859=FACE_BOUND('',#3810,.T.);
#860=FACE_BOUND('',#3811,.T.);
#861=FACE_BOUND('',#3812,.T.);
#862=FACE_BOUND('',#3813,.T.);
#863=FACE_BOUND('',#3814,.T.);
#864=FACE_BOUND('',#3815,.T.);
#865=FACE_BOUND('',#3816,.T.);
#866=FACE_BOUND('',#3817,.T.);
#867=FACE_BOUND('',#3818,.T.);
#868=FACE_BOUND('',#3819,.T.);
#869=FACE_BOUND('',#3820,.T.);
#870=FACE_BOUND('',#3821,.T.);
#871=FACE_BOUND('',#3822,.T.);
#872=FACE_BOUND('',#3823,.T.);
#873=FACE_BOUND('',#3824,.T.);
#874=FACE_BOUND('',#3825,.T.);
#875=FACE_BOUND('',#3826,.T.);
#876=FACE_BOUND('',#3827,.T.);
#877=FACE_BOUND('',#3828,.T.);
#878=FACE_BOUND('',#3829,.T.);
#879=FACE_BOUND('',#3830,.T.);
#880=FACE_BOUND('',#3831,.T.);
#881=FACE_BOUND('',#3832,.T.);
#882=FACE_BOUND('',#3833,.T.);
#883=FACE_BOUND('',#3834,.T.);
#884=FACE_BOUND('',#3835,.T.);
#885=FACE_BOUND('',#3836,.T.);
#886=FACE_BOUND('',#3837,.T.);
#887=FACE_BOUND('',#3838,.T.);
#888=FACE_BOUND('',#3839,.T.);
#889=FACE_BOUND('',#3840,.T.);
#890=FACE_BOUND('',#3841,.T.);
#891=FACE_BOUND('',#3842,.T.);
#892=FACE_BOUND('',#3843,.T.);
#893=FACE_BOUND('',#3844,.T.);
#894=FACE_BOUND('',#3845,.T.);
#895=FACE_BOUND('',#3846,.T.);
#896=FACE_BOUND('',#3847,.T.);
#897=FACE_BOUND('',#3848,.T.);
#898=FACE_BOUND('',#3849,.T.);
#899=FACE_BOUND('',#3850,.T.);
#900=FACE_BOUND('',#3851,.T.);
#901=FACE_BOUND('',#3852,.T.);
#902=FACE_BOUND('',#3853,.T.);
#903=FACE_BOUND('',#3854,.T.);
#904=FACE_BOUND('',#3859,.T.);
#905=FACE_BOUND('',#3860,.T.);
#906=FACE_BOUND('',#3861,.T.);
#907=FACE_BOUND('',#3862,.T.);
#908=FACE_BOUND('',#3863,.T.);
#909=FACE_BOUND('',#3864,.T.);
#910=FACE_BOUND('',#3865,.T.);
#911=FACE_BOUND('',#3866,.T.);
#912=FACE_BOUND('',#3867,.T.);
#913=FACE_BOUND('',#3868,.T.);
#914=FACE_BOUND('',#3869,.T.);
#915=FACE_BOUND('',#3870,.T.);
#916=FACE_BOUND('',#3871,.T.);
#917=FACE_BOUND('',#3872,.T.);
#918=FACE_BOUND('',#3873,.T.);
#919=FACE_BOUND('',#3874,.T.);
#920=FACE_BOUND('',#3875,.T.);
#921=FACE_BOUND('',#3876,.T.);
#922=FACE_BOUND('',#3877,.T.);
#923=FACE_BOUND('',#3878,.T.);
#924=FACE_BOUND('',#3879,.T.);
#925=FACE_BOUND('',#3880,.T.);
#926=FACE_BOUND('',#3881,.T.);
#927=FACE_BOUND('',#3882,.T.);
#928=FACE_BOUND('',#3883,.T.);
#929=FACE_BOUND('',#3884,.T.);
#930=FACE_BOUND('',#3885,.T.);
#931=FACE_BOUND('',#3886,.T.);
#932=FACE_BOUND('',#3887,.T.);
#933=FACE_BOUND('',#3888,.T.);
#934=FACE_BOUND('',#3889,.T.);
#935=FACE_BOUND('',#3890,.T.);
#936=FACE_BOUND('',#3895,.T.);
#937=FACE_BOUND('',#3896,.T.);
#938=FACE_BOUND('',#3897,.T.);
#939=FACE_BOUND('',#3898,.T.);
#940=FACE_BOUND('',#3899,.T.);
#941=FACE_BOUND('',#3900,.T.);
#942=FACE_BOUND('',#3901,.T.);
#943=FACE_BOUND('',#3902,.T.);
#944=FACE_BOUND('',#3903,.T.);
#945=FACE_BOUND('',#3904,.T.);
#946=FACE_BOUND('',#3905,.T.);
#947=FACE_BOUND('',#3962,.T.);
#948=FACE_BOUND('',#3963,.T.);
#949=FACE_BOUND('',#4281,.T.);
#950=FACE_BOUND('',#4282,.T.);
#951=FACE_BOUND('',#4283,.T.);
#952=FACE_BOUND('',#4284,.T.);
#953=FACE_BOUND('',#4285,.T.);
#954=FACE_BOUND('',#4286,.T.);
#955=FACE_BOUND('',#4287,.T.);
#956=FACE_BOUND('',#4288,.T.);
#957=FACE_BOUND('',#4289,.T.);
#958=FACE_BOUND('',#4290,.T.);
#959=FACE_BOUND('',#4291,.T.);
#960=FACE_BOUND('',#4292,.T.);
#961=FACE_BOUND('',#4293,.T.);
#962=FACE_BOUND('',#4294,.T.);
#963=FACE_BOUND('',#4295,.T.);
#964=FACE_BOUND('',#4296,.T.);
#965=FACE_BOUND('',#4297,.T.);
#966=FACE_BOUND('',#4298,.T.);
#967=FACE_BOUND('',#4299,.T.);
#968=FACE_BOUND('',#4300,.T.);
#969=FACE_BOUND('',#4301,.T.);
#970=FACE_BOUND('',#4302,.T.);
#971=FACE_BOUND('',#4303,.T.);
#972=FACE_BOUND('',#4304,.T.);
#973=FACE_BOUND('',#4305,.T.);
#974=FACE_BOUND('',#4306,.T.);
#975=FACE_BOUND('',#4307,.T.);
#976=FACE_BOUND('',#4308,.T.);
#977=FACE_BOUND('',#4309,.T.);
#978=FACE_BOUND('',#4310,.T.);
#979=FACE_BOUND('',#4311,.T.);
#980=FACE_BOUND('',#4312,.T.);
#981=FACE_BOUND('',#4313,.T.);
#982=FACE_BOUND('',#4314,.T.);
#983=FACE_BOUND('',#4315,.T.);
#984=FACE_BOUND('',#4316,.T.);
#985=FACE_BOUND('',#4317,.T.);
#986=FACE_BOUND('',#4318,.T.);
#987=FACE_BOUND('',#4319,.T.);
#988=FACE_BOUND('',#4320,.T.);
#989=FACE_BOUND('',#4321,.T.);
#990=FACE_BOUND('',#4322,.T.);
#991=FACE_BOUND('',#4323,.T.);
#992=FACE_BOUND('',#4324,.T.);
#993=FACE_BOUND('',#4325,.T.);
#994=FACE_BOUND('',#4326,.T.);
#995=FACE_BOUND('',#4327,.T.);
#996=FACE_BOUND('',#4328,.T.);
#997=FACE_BOUND('',#4329,.T.);
#998=FACE_BOUND('',#4330,.T.);
#999=FACE_BOUND('',#4331,.T.);
#1000=FACE_BOUND('',#4332,.T.);
#1001=FACE_BOUND('',#4333,.T.);
#1002=FACE_BOUND('',#4334,.T.);
#1003=FACE_BOUND('',#4335,.T.);
#1004=FACE_BOUND('',#4336,.T.);
#1005=FACE_BOUND('',#4337,.T.);
#1006=FACE_BOUND('',#4338,.T.);
#1007=FACE_BOUND('',#4339,.T.);
#1008=FACE_BOUND('',#4340,.T.);
#1009=FACE_BOUND('',#4341,.T.);
#1010=FACE_BOUND('',#4342,.T.);
#1011=FACE_BOUND('',#4343,.T.);
#1012=FACE_BOUND('',#4344,.T.);
#1013=FACE_BOUND('',#4345,.T.);
#1014=FACE_BOUND('',#4346,.T.);
#1015=FACE_BOUND('',#4347,.T.);
#1016=FACE_BOUND('',#4348,.T.);
#1017=FACE_BOUND('',#4349,.T.);
#1018=FACE_BOUND('',#4350,.T.);
#1019=FACE_BOUND('',#4351,.T.);
#1020=FACE_BOUND('',#4352,.T.);
#1021=FACE_BOUND('',#4353,.T.);
#1022=FACE_BOUND('',#4354,.T.);
#1023=FACE_BOUND('',#4355,.T.);
#1024=FACE_BOUND('',#4356,.T.);
#1025=FACE_BOUND('',#4357,.T.);
#1026=FACE_BOUND('',#4358,.T.);
#1027=FACE_BOUND('',#4359,.T.);
#1028=FACE_BOUND('',#4360,.T.);
#1029=FACE_BOUND('',#4361,.T.);
#1030=FACE_BOUND('',#4362,.T.);
#1031=FACE_BOUND('',#4363,.T.);
#1032=FACE_BOUND('',#4364,.T.);
#1033=FACE_BOUND('',#4365,.T.);
#1034=FACE_BOUND('',#4366,.T.);
#1035=FACE_BOUND('',#4367,.T.);
#1036=FACE_BOUND('',#4368,.T.);
#1037=FACE_BOUND('',#4369,.T.);
#1038=FACE_BOUND('',#4370,.T.);
#1039=FACE_BOUND('',#4371,.T.);
#1040=FACE_BOUND('',#4372,.T.);
#1041=FACE_BOUND('',#4373,.T.);
#1042=FACE_BOUND('',#4374,.T.);
#1043=FACE_BOUND('',#4375,.T.);
#1044=FACE_BOUND('',#4376,.T.);
#1045=FACE_BOUND('',#4377,.T.);
#1046=FACE_BOUND('',#4378,.T.);
#1047=FACE_BOUND('',#4379,.T.);
#1048=FACE_BOUND('',#4380,.T.);
#1049=FACE_BOUND('',#4381,.T.);
#1050=FACE_BOUND('',#4382,.T.);
#1051=FACE_BOUND('',#4383,.T.);
#1052=FACE_BOUND('',#4384,.T.);
#1053=FACE_BOUND('',#4385,.T.);
#1054=FACE_BOUND('',#4386,.T.);
#1055=FACE_BOUND('',#4387,.T.);
#1056=FACE_BOUND('',#4388,.T.);
#1057=FACE_BOUND('',#4389,.T.);
#1058=FACE_BOUND('',#4390,.T.);
#1059=FACE_BOUND('',#4391,.T.);
#1060=FACE_BOUND('',#4392,.T.);
#1061=FACE_BOUND('',#4393,.T.);
#1062=FACE_BOUND('',#4394,.T.);
#1063=FACE_BOUND('',#4395,.T.);
#1064=FACE_BOUND('',#4396,.T.);
#1065=FACE_BOUND('',#4397,.T.);
#1066=FACE_BOUND('',#4398,.T.);
#1067=FACE_BOUND('',#4399,.T.);
#1068=FACE_BOUND('',#4400,.T.);
#1069=FACE_BOUND('',#4401,.T.);
#1070=FACE_BOUND('',#4402,.T.);
#1071=FACE_BOUND('',#4403,.T.);
#1072=FACE_BOUND('',#4404,.T.);
#1073=FACE_BOUND('',#4405,.T.);
#1074=FACE_BOUND('',#4406,.T.);
#1075=FACE_BOUND('',#4407,.T.);
#1076=FACE_BOUND('',#4408,.T.);
#1077=FACE_BOUND('',#4409,.T.);
#1078=FACE_BOUND('',#4410,.T.);
#1079=FACE_BOUND('',#4411,.T.);
#1080=FACE_BOUND('',#4412,.T.);
#1081=FACE_BOUND('',#4413,.T.);
#1082=FACE_BOUND('',#4414,.T.);
#1083=FACE_BOUND('',#4419,.T.);
#1084=FACE_BOUND('',#4420,.T.);
#1085=FACE_BOUND('',#4421,.T.);
#1086=FACE_BOUND('',#4422,.T.);
#1087=FACE_BOUND('',#4423,.T.);
#1088=FACE_BOUND('',#4424,.T.);
#1089=FACE_BOUND('',#4425,.T.);
#1090=FACE_BOUND('',#4426,.T.);
#1091=FACE_BOUND('',#4427,.T.);
#1092=FACE_BOUND('',#4428,.T.);
#1093=FACE_BOUND('',#4429,.T.);
#1094=FACE_BOUND('',#4430,.T.);
#1095=FACE_BOUND('',#4431,.T.);
#1096=FACE_BOUND('',#4432,.T.);
#1097=FACE_BOUND('',#4433,.T.);
#1098=FACE_BOUND('',#4434,.T.);
#1099=FACE_BOUND('',#4435,.T.);
#1100=FACE_BOUND('',#4436,.T.);
#1101=FACE_BOUND('',#4437,.T.);
#1102=FACE_BOUND('',#4438,.T.);
#1103=FACE_BOUND('',#4439,.T.);
#1104=FACE_BOUND('',#4440,.T.);
#1105=FACE_BOUND('',#4441,.T.);
#1106=FACE_BOUND('',#4442,.T.);
#1107=FACE_BOUND('',#4443,.T.);
#1108=FACE_BOUND('',#4444,.T.);
#1109=FACE_BOUND('',#4445,.T.);
#1110=FACE_BOUND('',#4446,.T.);
#1111=FACE_BOUND('',#4447,.T.);
#1112=FACE_BOUND('',#4448,.T.);
#1113=FACE_BOUND('',#4449,.T.);
#1114=FACE_BOUND('',#4450,.T.);
#1115=FACE_BOUND('',#4451,.T.);
#1116=FACE_BOUND('',#4453,.T.);
#1117=FACE_BOUND('',#4454,.T.);
#1118=FACE_BOUND('',#4455,.T.);
#1119=FACE_BOUND('',#4456,.T.);
#1120=FACE_BOUND('',#4457,.T.);
#1121=FACE_BOUND('',#4458,.T.);
#1122=FACE_BOUND('',#4459,.T.);
#1123=FACE_BOUND('',#4460,.T.);
#1124=FACE_BOUND('',#4461,.T.);
#1125=FACE_BOUND('',#4462,.T.);
#1126=FACE_BOUND('',#4463,.T.);
#1127=FACE_BOUND('',#4464,.T.);
#1128=FACE_BOUND('',#4465,.T.);
#1129=FACE_BOUND('',#4466,.T.);
#1130=FACE_BOUND('',#4467,.T.);
#1131=FACE_BOUND('',#4468,.T.);
#1132=FACE_BOUND('',#4469,.T.);
#1133=FACE_BOUND('',#4470,.T.);
#1134=FACE_BOUND('',#4471,.T.);
#1135=FACE_BOUND('',#4472,.T.);
#1136=FACE_BOUND('',#4473,.T.);
#1137=FACE_BOUND('',#4474,.T.);
#1138=FACE_BOUND('',#4475,.T.);
#1139=FACE_BOUND('',#4476,.T.);
#1140=FACE_BOUND('',#4477,.T.);
#1141=FACE_BOUND('',#4478,.T.);
#1142=FACE_BOUND('',#4479,.T.);
#1143=FACE_BOUND('',#4480,.T.);
#1144=FACE_BOUND('',#4481,.T.);
#1145=FACE_BOUND('',#4482,.T.);
#1146=FACE_BOUND('',#4483,.T.);
#1147=FACE_BOUND('',#4484,.T.);
#1148=FACE_BOUND('',#4485,.T.);
#1149=FACE_BOUND('',#4486,.T.);
#1150=FACE_BOUND('',#4487,.T.);
#1151=FACE_BOUND('',#4488,.T.);
#1152=FACE_BOUND('',#4489,.T.);
#1153=FACE_BOUND('',#4490,.T.);
#1154=FACE_BOUND('',#4491,.T.);
#1155=FACE_BOUND('',#4492,.T.);
#1156=FACE_BOUND('',#4493,.T.);
#1157=FACE_BOUND('',#4494,.T.);
#1158=FACE_BOUND('',#4495,.T.);
#1159=FACE_BOUND('',#4496,.T.);
#1160=FACE_BOUND('',#4497,.T.);
#1161=FACE_BOUND('',#4498,.T.);
#1162=FACE_BOUND('',#4499,.T.);
#1163=FACE_BOUND('',#4500,.T.);
#1164=FACE_BOUND('',#4501,.T.);
#1165=FACE_BOUND('',#4502,.T.);
#1166=FACE_BOUND('',#4503,.T.);
#1167=FACE_BOUND('',#4504,.T.);
#1168=FACE_BOUND('',#4505,.T.);
#1169=FACE_BOUND('',#4506,.T.);
#1170=FACE_BOUND('',#4507,.T.);
#1171=FACE_BOUND('',#4508,.T.);
#1172=FACE_BOUND('',#4509,.T.);
#1173=FACE_BOUND('',#4510,.T.);
#1174=FACE_BOUND('',#4511,.T.);
#1175=FACE_BOUND('',#4512,.T.);
#1176=FACE_BOUND('',#4513,.T.);
#1177=FACE_BOUND('',#4514,.T.);
#1178=FACE_BOUND('',#4515,.T.);
#1179=FACE_BOUND('',#4516,.T.);
#1180=FACE_BOUND('',#4517,.T.);
#1181=FACE_BOUND('',#4518,.T.);
#1182=FACE_BOUND('',#4520,.T.);
#1183=FACE_BOUND('',#4521,.T.);
#1184=FACE_BOUND('',#4522,.T.);
#1185=FACE_BOUND('',#4523,.T.);
#1186=FACE_BOUND('',#4524,.T.);
#1187=FACE_BOUND('',#4525,.T.);
#1188=FACE_BOUND('',#4526,.T.);
#1189=FACE_BOUND('',#4527,.T.);
#1190=FACE_BOUND('',#4528,.T.);
#1191=FACE_BOUND('',#4529,.T.);
#1192=FACE_BOUND('',#4530,.T.);
#1193=FACE_BOUND('',#4531,.T.);
#1194=FACE_BOUND('',#4532,.T.);
#1195=FACE_BOUND('',#4533,.T.);
#1196=FACE_BOUND('',#4534,.T.);
#1197=FACE_BOUND('',#4535,.T.);
#1198=FACE_BOUND('',#4536,.T.);
#1199=FACE_BOUND('',#4537,.T.);
#1200=FACE_BOUND('',#4538,.T.);
#1201=FACE_BOUND('',#4539,.T.);
#1202=FACE_BOUND('',#4540,.T.);
#1203=FACE_BOUND('',#4541,.T.);
#1204=FACE_BOUND('',#4542,.T.);
#1205=FACE_BOUND('',#4543,.T.);
#1206=FACE_BOUND('',#4544,.T.);
#1207=FACE_BOUND('',#4545,.T.);
#1208=FACE_BOUND('',#4546,.T.);
#1209=FACE_BOUND('',#4547,.T.);
#1210=FACE_BOUND('',#4548,.T.);
#1211=FACE_BOUND('',#4549,.T.);
#1212=FACE_BOUND('',#4550,.T.);
#1213=FACE_BOUND('',#4551,.T.);
#1214=FACE_BOUND('',#4552,.T.);
#1215=FACE_BOUND('',#4562,.T.);
#1216=FACE_BOUND('',#4563,.T.);
#1217=FACE_BOUND('',#4564,.T.);
#1218=FACE_BOUND('',#4565,.T.);
#1219=FACE_BOUND('',#4566,.T.);
#1220=FACE_BOUND('',#4567,.T.);
#1221=FACE_BOUND('',#4568,.T.);
#1222=FACE_BOUND('',#4569,.T.);
#1223=FACE_BOUND('',#4570,.T.);
#1224=FACE_BOUND('',#4571,.T.);
#1225=FACE_BOUND('',#4572,.T.);
#1226=FACE_BOUND('',#4573,.T.);
#1227=FACE_BOUND('',#4574,.T.);
#1228=FACE_BOUND('',#4575,.T.);
#1229=FACE_BOUND('',#4576,.T.);
#1230=FACE_BOUND('',#4577,.T.);
#1231=FACE_BOUND('',#4578,.T.);
#1232=FACE_BOUND('',#4579,.T.);
#1233=FACE_BOUND('',#4580,.T.);
#1234=FACE_BOUND('',#4581,.T.);
#1235=FACE_BOUND('',#4582,.T.);
#1236=FACE_BOUND('',#4583,.T.);
#1237=FACE_BOUND('',#4584,.T.);
#1238=FACE_BOUND('',#4585,.T.);
#1239=FACE_BOUND('',#4586,.T.);
#1240=FACE_BOUND('',#4587,.T.);
#1241=FACE_BOUND('',#4588,.T.);
#1242=FACE_BOUND('',#4589,.T.);
#1243=FACE_BOUND('',#4590,.T.);
#1244=FACE_BOUND('',#4591,.T.);
#1245=FACE_BOUND('',#4592,.T.);
#1246=FACE_BOUND('',#4593,.T.);
#1247=FACE_BOUND('',#4594,.T.);
#1248=FACE_BOUND('',#4595,.T.);
#1249=FACE_BOUND('',#4596,.T.);
#1250=FACE_BOUND('',#4597,.T.);
#1251=FACE_BOUND('',#4598,.T.);
#1252=FACE_BOUND('',#4599,.T.);
#1253=FACE_BOUND('',#4600,.T.);
#1254=FACE_BOUND('',#4601,.T.);
#1255=FACE_BOUND('',#4602,.T.);
#1256=FACE_BOUND('',#4603,.T.);
#1257=FACE_BOUND('',#4604,.T.);
#1258=FACE_BOUND('',#4605,.T.);
#1259=FACE_BOUND('',#4606,.T.);
#1260=FACE_BOUND('',#4607,.T.);
#1261=FACE_BOUND('',#4608,.T.);
#1262=FACE_BOUND('',#4609,.T.);
#1263=FACE_BOUND('',#4610,.T.);
#1264=FACE_BOUND('',#4611,.T.);
#1265=FACE_BOUND('',#4612,.T.);
#1266=FACE_BOUND('',#4613,.T.);
#1267=FACE_BOUND('',#4614,.T.);
#1268=FACE_BOUND('',#4615,.T.);
#1269=FACE_BOUND('',#4616,.T.);
#1270=FACE_BOUND('',#4617,.T.);
#1271=FACE_BOUND('',#4618,.T.);
#1272=FACE_BOUND('',#4619,.T.);
#1273=FACE_BOUND('',#4620,.T.);
#1274=FACE_BOUND('',#4621,.T.);
#1275=FACE_BOUND('',#4622,.T.);
#1276=FACE_BOUND('',#4623,.T.);
#1277=FACE_BOUND('',#4624,.T.);
#1278=FACE_BOUND('',#4625,.T.);
#1279=FACE_BOUND('',#4626,.T.);
#1280=FACE_BOUND('',#4627,.T.);
#1281=FACE_BOUND('',#4628,.T.);
#1282=FACE_BOUND('',#4629,.T.);
#1283=FACE_BOUND('',#4630,.T.);
#1284=FACE_BOUND('',#4631,.T.);
#1285=FACE_BOUND('',#4632,.T.);
#1286=FACE_BOUND('',#4633,.T.);
#1287=FACE_BOUND('',#4634,.T.);
#1288=FACE_BOUND('',#4635,.T.);
#1289=FACE_BOUND('',#4636,.T.);
#1290=FACE_BOUND('',#4637,.T.);
#1291=FACE_BOUND('',#4638,.T.);
#1292=FACE_BOUND('',#4639,.T.);
#1293=FACE_BOUND('',#4640,.T.);
#1294=FACE_BOUND('',#4641,.T.);
#1295=FACE_BOUND('',#4642,.T.);
#1296=FACE_BOUND('',#4643,.T.);
#1297=FACE_BOUND('',#4644,.T.);
#1298=FACE_BOUND('',#4645,.T.);
#1299=FACE_BOUND('',#4646,.T.);
#1300=FACE_BOUND('',#4647,.T.);
#1301=FACE_BOUND('',#4648,.T.);
#1302=FACE_BOUND('',#4649,.T.);
#1303=FACE_BOUND('',#4650,.T.);
#1304=FACE_BOUND('',#4651,.T.);
#1305=FACE_BOUND('',#4652,.T.);
#1306=FACE_BOUND('',#4653,.T.);
#1307=FACE_BOUND('',#4654,.T.);
#1308=FACE_BOUND('',#4655,.T.);
#1309=FACE_BOUND('',#4656,.T.);
#1310=FACE_BOUND('',#4657,.T.);
#1311=FACE_BOUND('',#4658,.T.);
#1312=FACE_BOUND('',#4659,.T.);
#1313=FACE_BOUND('',#4660,.T.);
#1314=FACE_BOUND('',#4661,.T.);
#1315=FACE_BOUND('',#4662,.T.);
#1316=FACE_BOUND('',#4663,.T.);
#1317=FACE_BOUND('',#4664,.T.);
#1318=FACE_BOUND('',#4665,.T.);
#1319=FACE_BOUND('',#4666,.T.);
#1320=FACE_BOUND('',#4667,.T.);
#1321=FACE_BOUND('',#4668,.T.);
#1322=FACE_BOUND('',#4669,.T.);
#1323=FACE_BOUND('',#4670,.T.);
#1324=FACE_BOUND('',#4671,.T.);
#1325=FACE_BOUND('',#4672,.T.);
#1326=FACE_BOUND('',#4673,.T.);
#1327=FACE_BOUND('',#4674,.T.);
#1328=FACE_BOUND('',#4675,.T.);
#1329=FACE_BOUND('',#4676,.T.);
#1330=FACE_BOUND('',#4677,.T.);
#1331=FACE_BOUND('',#4678,.T.);
#1332=FACE_BOUND('',#4679,.T.);
#1333=FACE_BOUND('',#4680,.T.);
#1334=FACE_BOUND('',#4681,.T.);
#1335=FACE_BOUND('',#4682,.T.);
#1336=FACE_BOUND('',#4683,.T.);
#1337=FACE_BOUND('',#4684,.T.);
#1338=FACE_BOUND('',#4685,.T.);
#1339=FACE_BOUND('',#4686,.T.);
#1340=FACE_BOUND('',#4687,.T.);
#1341=FACE_BOUND('',#4688,.T.);
#1342=FACE_BOUND('',#4689,.T.);
#1343=FACE_BOUND('',#4690,.T.);
#1344=FACE_BOUND('',#4691,.T.);
#1345=FACE_BOUND('',#4692,.T.);
#1346=FACE_BOUND('',#4693,.T.);
#1347=FACE_BOUND('',#4694,.T.);
#1348=FACE_BOUND('',#4695,.T.);
#1349=FACE_BOUND('',#4696,.T.);
#1350=FACE_BOUND('',#4697,.T.);
#1351=FACE_BOUND('',#4698,.T.);
#1352=FACE_BOUND('',#4699,.T.);
#1353=FACE_BOUND('',#4700,.T.);
#1354=FACE_BOUND('',#4701,.T.);
#1355=FACE_BOUND('',#4702,.T.);
#1356=FACE_BOUND('',#4703,.T.);
#1357=FACE_BOUND('',#4704,.T.);
#1358=FACE_BOUND('',#4705,.T.);
#1359=FACE_BOUND('',#4706,.T.);
#1360=FACE_BOUND('',#4707,.T.);
#1361=FACE_BOUND('',#4708,.T.);
#1362=FACE_BOUND('',#4709,.T.);
#1363=FACE_BOUND('',#4710,.T.);
#1364=FACE_BOUND('',#4711,.T.);
#1365=FACE_BOUND('',#4712,.T.);
#1366=FACE_BOUND('',#4713,.T.);
#1367=FACE_BOUND('',#4714,.T.);
#1368=FACE_BOUND('',#4715,.T.);
#1369=FACE_BOUND('',#4716,.T.);
#1370=FACE_BOUND('',#4717,.T.);
#1371=FACE_BOUND('',#4718,.T.);
#1372=FACE_BOUND('',#4719,.T.);
#1373=FACE_BOUND('',#4720,.T.);
#1374=FACE_BOUND('',#4721,.T.);
#1375=FACE_BOUND('',#4722,.T.);
#1376=FACE_BOUND('',#4723,.T.);
#1377=FACE_BOUND('',#4724,.T.);
#1378=FACE_BOUND('',#4725,.T.);
#1379=FACE_BOUND('',#4726,.T.);
#1380=FACE_BOUND('',#4727,.T.);
#1381=FACE_BOUND('',#4728,.T.);
#1382=FACE_BOUND('',#4729,.T.);
#1383=FACE_BOUND('',#4730,.T.);
#1384=FACE_BOUND('',#4731,.T.);
#1385=FACE_BOUND('',#4732,.T.);
#1386=FACE_BOUND('',#4733,.T.);
#1387=FACE_BOUND('',#4734,.T.);
#1388=FACE_BOUND('',#4735,.T.);
#1389=FACE_BOUND('',#4736,.T.);
#1390=FACE_BOUND('',#4737,.T.);
#1391=FACE_BOUND('',#4738,.T.);
#1392=FACE_BOUND('',#4739,.T.);
#1393=FACE_BOUND('',#4740,.T.);
#1394=FACE_BOUND('',#4741,.T.);
#1395=FACE_BOUND('',#4742,.T.);
#1396=FACE_BOUND('',#4743,.T.);
#1397=FACE_BOUND('',#4744,.T.);
#1398=FACE_BOUND('',#4745,.T.);
#1399=FACE_BOUND('',#4746,.T.);
#1400=FACE_BOUND('',#4747,.T.);
#1401=FACE_BOUND('',#4748,.T.);
#1402=FACE_BOUND('',#4749,.T.);
#1403=FACE_BOUND('',#4750,.T.);
#1404=FACE_BOUND('',#4751,.T.);
#1405=FACE_BOUND('',#4752,.T.);
#1406=FACE_BOUND('',#4753,.T.);
#1407=FACE_BOUND('',#4754,.T.);
#1408=FACE_BOUND('',#4755,.T.);
#1409=FACE_BOUND('',#4756,.T.);
#1410=FACE_BOUND('',#4757,.T.);
#1411=FACE_BOUND('',#4758,.T.);
#1412=FACE_BOUND('',#4759,.T.);
#1413=FACE_BOUND('',#4760,.T.);
#1414=FACE_BOUND('',#4761,.T.);
#1415=FACE_BOUND('',#4762,.T.);
#1416=FACE_BOUND('',#4763,.T.);
#1417=FACE_BOUND('',#4764,.T.);
#1418=FACE_BOUND('',#4765,.T.);
#1419=FACE_BOUND('',#4766,.T.);
#1420=FACE_BOUND('',#4767,.T.);
#1421=FACE_BOUND('',#4768,.T.);
#1422=FACE_BOUND('',#4769,.T.);
#1423=FACE_BOUND('',#4770,.T.);
#1424=FACE_BOUND('',#4771,.T.);
#1425=FACE_BOUND('',#4772,.T.);
#1426=FACE_BOUND('',#4773,.T.);
#1427=FACE_BOUND('',#4774,.T.);
#1428=FACE_BOUND('',#4775,.T.);
#1429=FACE_BOUND('',#4776,.T.);
#1430=FACE_BOUND('',#4777,.T.);
#1431=FACE_BOUND('',#4778,.T.);
#1432=FACE_BOUND('',#4779,.T.);
#1433=FACE_BOUND('',#4780,.T.);
#1434=FACE_BOUND('',#4781,.T.);
#1435=FACE_BOUND('',#4782,.T.);
#1436=FACE_BOUND('',#4783,.T.);
#1437=FACE_BOUND('',#4784,.T.);
#1438=FACE_BOUND('',#4785,.T.);
#1439=FACE_BOUND('',#4786,.T.);
#1440=FACE_BOUND('',#4787,.T.);
#1441=FACE_BOUND('',#4788,.T.);
#1442=FACE_BOUND('',#4789,.T.);
#1443=FACE_BOUND('',#4790,.T.);
#1444=FACE_BOUND('',#4791,.T.);
#1445=FACE_BOUND('',#4792,.T.);
#1446=FACE_BOUND('',#4793,.T.);
#1447=FACE_BOUND('',#4794,.T.);
#1448=FACE_BOUND('',#4795,.T.);
#1449=FACE_BOUND('',#4796,.T.);
#1450=FACE_BOUND('',#4797,.T.);
#1451=FACE_BOUND('',#4798,.T.);
#1452=FACE_BOUND('',#4799,.T.);
#1453=FACE_BOUND('',#4800,.T.);
#1454=FACE_BOUND('',#4801,.T.);
#1455=FACE_BOUND('',#4802,.T.);
#1456=FACE_BOUND('',#4803,.T.);
#1457=FACE_BOUND('',#4804,.T.);
#1458=FACE_BOUND('',#4805,.T.);
#1459=FACE_BOUND('',#4806,.T.);
#1460=FACE_BOUND('',#4807,.T.);
#1461=FACE_BOUND('',#4808,.T.);
#1462=FACE_BOUND('',#4809,.T.);
#1463=FACE_BOUND('',#4810,.T.);
#1464=FACE_BOUND('',#4811,.T.);
#1465=FACE_BOUND('',#4812,.T.);
#1466=FACE_BOUND('',#4813,.T.);
#1467=FACE_BOUND('',#4814,.T.);
#1468=FACE_BOUND('',#4815,.T.);
#1469=FACE_BOUND('',#4816,.T.);
#1470=FACE_BOUND('',#4817,.T.);
#1471=ADVANCED_FACE('',(#2921),#2260,.T.);
#1472=ADVANCED_FACE('',(#2922),#2261,.T.);
#1473=ADVANCED_FACE('',(#2923),#2262,.F.);
#1474=ADVANCED_FACE('',(#2924),#2263,.F.);
#1475=ADVANCED_FACE('',(#2925),#2264,.T.);
#1476=ADVANCED_FACE('',(#2926),#2265,.F.);
#1477=ADVANCED_FACE('',(#2927),#2266,.T.);
#1478=ADVANCED_FACE('',(#2928),#2267,.T.);
#1479=ADVANCED_FACE('',(#2929),#2268,.F.);
#1480=ADVANCED_FACE('',(#2930),#2269,.T.);
#1481=ADVANCED_FACE('',(#2931),#2270,.T.);
#1482=ADVANCED_FACE('',(#2932),#2271,.F.);
#1483=ADVANCED_FACE('',(#2933),#2272,.T.);
#1484=ADVANCED_FACE('',(#2934),#2273,.T.);
#1485=ADVANCED_FACE('',(#2935),#2274,.F.);
#1486=ADVANCED_FACE('',(#2936),#2275,.T.);
#1487=ADVANCED_FACE('',(#2937),#2276,.T.);
#1488=ADVANCED_FACE('',(#2938),#2277,.F.);
#1489=ADVANCED_FACE('',(#2939),#2278,.T.);
#1490=ADVANCED_FACE('',(#2940),#2279,.T.);
#1491=ADVANCED_FACE('',(#2941),#2280,.F.);
#1492=ADVANCED_FACE('',(#2942),#2281,.T.);
#1493=ADVANCED_FACE('',(#2943),#2282,.T.);
#1494=ADVANCED_FACE('',(#2944),#2283,.F.);
#1495=ADVANCED_FACE('',(#2945),#2284,.T.);
#1496=ADVANCED_FACE('',(#2946),#2285,.T.);
#1497=ADVANCED_FACE('',(#2947),#2286,.F.);
#1498=ADVANCED_FACE('',(#2948),#2287,.T.);
#1499=ADVANCED_FACE('',(#2949),#2288,.T.);
#1500=ADVANCED_FACE('',(#2950),#2289,.F.);
#1501=ADVANCED_FACE('',(#2951),#2290,.T.);
#1502=ADVANCED_FACE('',(#2952),#2291,.T.);
#1503=ADVANCED_FACE('',(#2953),#2292,.F.);
#1504=ADVANCED_FACE('',(#2954),#2293,.T.);
#1505=ADVANCED_FACE('',(#2955),#2294,.T.);
#1506=ADVANCED_FACE('',(#2956),#2295,.F.);
#1507=ADVANCED_FACE('',(#2957),#2296,.T.);
#1508=ADVANCED_FACE('',(#2958),#2297,.T.);
#1509=ADVANCED_FACE('',(#2959),#2298,.F.);
#1510=ADVANCED_FACE('',(#2960),#2299,.T.);
#1511=ADVANCED_FACE('',(#2961),#2300,.T.);
#1512=ADVANCED_FACE('',(#2962),#2301,.F.);
#1513=ADVANCED_FACE('',(#2963),#2302,.T.);
#1514=ADVANCED_FACE('',(#2964),#2303,.T.);
#1515=ADVANCED_FACE('',(#2965),#2304,.F.);
#1516=ADVANCED_FACE('',(#2966),#2305,.T.);
#1517=ADVANCED_FACE('',(#2967),#2306,.T.);
#1518=ADVANCED_FACE('',(#2968),#2307,.F.);
#1519=ADVANCED_FACE('',(#2969),#2308,.T.);
#1520=ADVANCED_FACE('',(#2970),#2309,.T.);
#1521=ADVANCED_FACE('',(#2971),#2310,.F.);
#1522=ADVANCED_FACE('',(#2972),#2311,.T.);
#1523=ADVANCED_FACE('',(#2973),#2312,.T.);
#1524=ADVANCED_FACE('',(#2974),#2313,.F.);
#1525=ADVANCED_FACE('',(#2975),#2314,.T.);
#1526=ADVANCED_FACE('',(#2976),#2315,.T.);
#1527=ADVANCED_FACE('',(#2977),#2316,.F.);
#1528=ADVANCED_FACE('',(#2978),#2317,.T.);
#1529=ADVANCED_FACE('',(#2979),#2318,.T.);
#1530=ADVANCED_FACE('',(#2980),#2319,.F.);
#1531=ADVANCED_FACE('',(#2981),#2320,.T.);
#1532=ADVANCED_FACE('',(#2982),#2321,.T.);
#1533=ADVANCED_FACE('',(#2983),#2322,.F.);
#1534=ADVANCED_FACE('',(#2984),#2323,.T.);
#1535=ADVANCED_FACE('',(#2985),#2324,.T.);
#1536=ADVANCED_FACE('',(#2986),#2325,.F.);
#1537=ADVANCED_FACE('',(#2987),#2326,.T.);
#1538=ADVANCED_FACE('',(#2988),#2327,.T.);
#1539=ADVANCED_FACE('',(#2989),#2328,.F.);
#1540=ADVANCED_FACE('',(#2990),#2329,.T.);
#1541=ADVANCED_FACE('',(#2991),#2330,.T.);
#1542=ADVANCED_FACE('',(#2992),#2331,.F.);
#1543=ADVANCED_FACE('',(#2993),#2332,.T.);
#1544=ADVANCED_FACE('',(#2994),#2333,.T.);
#1545=ADVANCED_FACE('',(#2995),#2334,.F.);
#1546=ADVANCED_FACE('',(#2996),#2335,.T.);
#1547=ADVANCED_FACE('',(#2997),#2336,.T.);
#1548=ADVANCED_FACE('',(#2998),#2337,.F.);
#1549=ADVANCED_FACE('',(#2999),#2338,.T.);
#1550=ADVANCED_FACE('',(#3000),#2339,.T.);
#1551=ADVANCED_FACE('',(#3001),#2340,.F.);
#1552=ADVANCED_FACE('',(#3002),#2341,.T.);
#1553=ADVANCED_FACE('',(#3003),#2342,.T.);
#1554=ADVANCED_FACE('',(#3004),#2343,.F.);
#1555=ADVANCED_FACE('',(#3005),#2344,.T.);
#1556=ADVANCED_FACE('',(#3006),#2345,.T.);
#1557=ADVANCED_FACE('',(#3007),#2346,.F.);
#1558=ADVANCED_FACE('',(#3008),#2347,.T.);
#1559=ADVANCED_FACE('',(#3009),#2348,.T.);
#1560=ADVANCED_FACE('',(#3010),#2349,.F.);
#1561=ADVANCED_FACE('',(#3011),#2350,.T.);
#1562=ADVANCED_FACE('',(#3012),#2351,.T.);
#1563=ADVANCED_FACE('',(#3013),#2352,.F.);
#1564=ADVANCED_FACE('',(#3014),#2353,.T.);
#1565=ADVANCED_FACE('',(#3015),#2354,.T.);
#1566=ADVANCED_FACE('',(#3016),#2355,.F.);
#1567=ADVANCED_FACE('',(#3017),#2356,.T.);
#1568=ADVANCED_FACE('',(#3018),#2357,.T.);
#1569=ADVANCED_FACE('',(#3019),#2358,.F.);
#1570=ADVANCED_FACE('',(#3020),#2359,.T.);
#1571=ADVANCED_FACE('',(#3021),#2360,.T.);
#1572=ADVANCED_FACE('',(#3022),#2361,.F.);
#1573=ADVANCED_FACE('',(#3023),#2362,.T.);
#1574=ADVANCED_FACE('',(#3024),#2363,.T.);
#1575=ADVANCED_FACE('',(#3025),#2364,.F.);
#1576=ADVANCED_FACE('',(#3026),#2365,.T.);
#1577=ADVANCED_FACE('',(#3027),#2366,.T.);
#1578=ADVANCED_FACE('',(#3028),#2367,.F.);
#1579=ADVANCED_FACE('',(#3029),#2368,.T.);
#1580=ADVANCED_FACE('',(#3030),#2369,.T.);
#1581=ADVANCED_FACE('',(#3031),#2370,.F.);
#1582=ADVANCED_FACE('',(#3032),#2371,.T.);
#1583=ADVANCED_FACE('',(#3033),#2372,.T.);
#1584=ADVANCED_FACE('',(#3034),#2373,.F.);
#1585=ADVANCED_FACE('',(#3035),#2374,.T.);
#1586=ADVANCED_FACE('',(#3036),#2375,.T.);
#1587=ADVANCED_FACE('',(#3037),#2376,.F.);
#1588=ADVANCED_FACE('',(#3038),#2377,.T.);
#1589=ADVANCED_FACE('',(#3039),#2378,.T.);
#1590=ADVANCED_FACE('',(#3040),#2379,.F.);
#1591=ADVANCED_FACE('',(#3041),#2380,.T.);
#1592=ADVANCED_FACE('',(#3042),#2381,.T.);
#1593=ADVANCED_FACE('',(#3043),#2382,.F.);
#1594=ADVANCED_FACE('',(#3044),#2383,.T.);
#1595=ADVANCED_FACE('',(#3045),#2384,.T.);
#1596=ADVANCED_FACE('',(#3046),#2385,.F.);
#1597=ADVANCED_FACE('',(#3047),#2386,.T.);
#1598=ADVANCED_FACE('',(#3048),#2387,.T.);
#1599=ADVANCED_FACE('',(#3049),#2388,.F.);
#1600=ADVANCED_FACE('',(#3050),#2389,.T.);
#1601=ADVANCED_FACE('',(#3051),#2390,.T.);
#1602=ADVANCED_FACE('',(#3052),#2391,.F.);
#1603=ADVANCED_FACE('',(#3053),#2392,.T.);
#1604=ADVANCED_FACE('',(#3054),#2393,.T.);
#1605=ADVANCED_FACE('',(#3055),#2394,.F.);
#1606=ADVANCED_FACE('',(#3056),#2395,.T.);
#1607=ADVANCED_FACE('',(#3057),#2396,.T.);
#1608=ADVANCED_FACE('',(#3058),#2397,.F.);
#1609=ADVANCED_FACE('',(#3059),#2398,.T.);
#1610=ADVANCED_FACE('',(#3060),#2399,.T.);
#1611=ADVANCED_FACE('',(#3061),#2400,.F.);
#1612=ADVANCED_FACE('',(#3062),#2401,.T.);
#1613=ADVANCED_FACE('',(#3063),#2402,.T.);
#1614=ADVANCED_FACE('',(#3064),#2403,.F.);
#1615=ADVANCED_FACE('',(#3065),#2404,.T.);
#1616=ADVANCED_FACE('',(#3066),#2405,.T.);
#1617=ADVANCED_FACE('',(#3067),#2406,.F.);
#1618=ADVANCED_FACE('',(#3068),#2407,.T.);
#1619=ADVANCED_FACE('',(#3069),#2408,.T.);
#1620=ADVANCED_FACE('',(#3070),#2409,.F.);
#1621=ADVANCED_FACE('',(#3071),#2410,.T.);
#1622=ADVANCED_FACE('',(#3072),#2411,.T.);
#1623=ADVANCED_FACE('',(#3073),#2412,.F.);
#1624=ADVANCED_FACE('',(#3074),#2413,.T.);
#1625=ADVANCED_FACE('',(#3075),#2414,.T.);
#1626=ADVANCED_FACE('',(#3076),#2415,.F.);
#1627=ADVANCED_FACE('',(#3077),#2416,.T.);
#1628=ADVANCED_FACE('',(#3078),#2417,.T.);
#1629=ADVANCED_FACE('',(#3079),#2418,.F.);
#1630=ADVANCED_FACE('',(#3080),#2419,.T.);
#1631=ADVANCED_FACE('',(#3081),#2420,.T.);
#1632=ADVANCED_FACE('',(#3082),#2421,.F.);
#1633=ADVANCED_FACE('',(#3083),#2422,.T.);
#1634=ADVANCED_FACE('',(#3084),#2423,.T.);
#1635=ADVANCED_FACE('',(#3085),#2424,.F.);
#1636=ADVANCED_FACE('',(#3086),#2425,.T.);
#1637=ADVANCED_FACE('',(#3087),#2426,.T.);
#1638=ADVANCED_FACE('',(#3088),#2427,.F.);
#1639=ADVANCED_FACE('',(#3089),#2428,.T.);
#1640=ADVANCED_FACE('',(#3090),#2429,.T.);
#1641=ADVANCED_FACE('',(#3091),#2430,.F.);
#1642=ADVANCED_FACE('',(#3092),#2431,.T.);
#1643=ADVANCED_FACE('',(#3093),#2432,.T.);
#1644=ADVANCED_FACE('',(#3094),#2433,.F.);
#1645=ADVANCED_FACE('',(#3095),#2434,.T.);
#1646=ADVANCED_FACE('',(#3096),#2435,.T.);
#1647=ADVANCED_FACE('',(#3097),#2436,.F.);
#1648=ADVANCED_FACE('',(#3098),#2437,.T.);
#1649=ADVANCED_FACE('',(#3099),#2438,.T.);
#1650=ADVANCED_FACE('',(#3100),#2439,.F.);
#1651=ADVANCED_FACE('',(#3101),#2440,.T.);
#1652=ADVANCED_FACE('',(#3102),#2441,.T.);
#1653=ADVANCED_FACE('',(#3103),#2442,.F.);
#1654=ADVANCED_FACE('',(#3104),#2443,.T.);
#1655=ADVANCED_FACE('',(#3105),#2444,.T.);
#1656=ADVANCED_FACE('',(#3106),#2445,.F.);
#1657=ADVANCED_FACE('',(#3107),#2446,.T.);
#1658=ADVANCED_FACE('',(#3108),#2447,.T.);
#1659=ADVANCED_FACE('',(#3109),#2448,.F.);
#1660=ADVANCED_FACE('',(#3110),#2449,.T.);
#1661=ADVANCED_FACE('',(#3111),#2450,.T.);
#1662=ADVANCED_FACE('',(#3112),#2451,.F.);
#1663=ADVANCED_FACE('',(#3113),#2452,.T.);
#1664=ADVANCED_FACE('',(#3114),#2453,.T.);
#1665=ADVANCED_FACE('',(#3115),#2454,.F.);
#1666=ADVANCED_FACE('',(#3116),#2455,.T.);
#1667=ADVANCED_FACE('',(#3117),#2456,.T.);
#1668=ADVANCED_FACE('',(#3118),#2457,.F.);
#1669=ADVANCED_FACE('',(#3119),#2458,.T.);
#1670=ADVANCED_FACE('',(#3120),#2459,.T.);
#1671=ADVANCED_FACE('',(#3121),#2460,.F.);
#1672=ADVANCED_FACE('',(#3122),#2461,.T.);
#1673=ADVANCED_FACE('',(#3123),#2462,.T.);
#1674=ADVANCED_FACE('',(#3124),#2463,.F.);
#1675=ADVANCED_FACE('',(#3125),#2464,.T.);
#1676=ADVANCED_FACE('',(#3126),#2465,.T.);
#1677=ADVANCED_FACE('',(#3127),#2466,.F.);
#1678=ADVANCED_FACE('',(#3128),#2467,.T.);
#1679=ADVANCED_FACE('',(#3129),#2468,.F.);
#1680=ADVANCED_FACE('',(#3130),#2469,.T.);
#1681=ADVANCED_FACE('',(#3131),#2470,.T.);
#1682=ADVANCED_FACE('',(#831,#832,#833,#834,#835,#836,#837,#838,#839,#840,
#841,#842,#843,#844,#845,#846,#847,#848,#849,#850,#851,#852,#853,#854,#855,
#856,#857,#858,#859,#860,#861,#862,#863,#864,#865,#866,#867,#868,#869,#870,
#871,#872,#873,#874,#875,#876,#877,#878,#879,#880,#881,#882,#883,#884,#885,
#886,#887,#888,#889,#890,#891,#892,#893,#894,#895,#896,#897,#898,#899,#900,
#901,#902,#903),#2471,.T.);
#1683=ADVANCED_FACE('',(#3132),#2472,.T.);
#1684=ADVANCED_FACE('',(#3133),#2473,.F.);
#1685=ADVANCED_FACE('',(#3134),#2474,.F.);
#1686=ADVANCED_FACE('',(#3135),#2475,.T.);
#1687=ADVANCED_FACE('',(#904,#905,#906,#907,#908,#909,#910,#911,#912,#913,
#914,#915,#916,#917,#918,#919),#2476,.T.);
#1688=ADVANCED_FACE('',(#920,#921,#922,#923,#924,#925,#926,#927,#928,#929,
#930,#931,#932,#933,#934,#935),#2477,.T.);
#1689=ADVANCED_FACE('',(#3136),#2478,.F.);
#1690=ADVANCED_FACE('',(#3137),#2479,.F.);
#1691=ADVANCED_FACE('',(#3138),#2480,.T.);
#1692=ADVANCED_FACE('',(#3139),#2481,.T.);
#1693=ADVANCED_FACE('',(#936,#937,#938,#939,#940,#941,#942,#943,#944,#945,
#946),#2482,.F.);
#1694=ADVANCED_FACE('',(#3140),#2483,.F.);
#1695=ADVANCED_FACE('',(#3141),#2484,.F.);
#1696=ADVANCED_FACE('',(#3142),#2485,.F.);
#1697=ADVANCED_FACE('',(#3143),#2486,.F.);
#1698=ADVANCED_FACE('',(#3144),#2487,.T.);
#1699=ADVANCED_FACE('',(#3145),#2488,.T.);
#1700=ADVANCED_FACE('',(#3146),#2489,.T.);
#1701=ADVANCED_FACE('',(#3147),#2490,.T.);
#1702=ADVANCED_FACE('',(#3148),#2491,.F.);
#1703=ADVANCED_FACE('',(#3149),#2492,.T.);
#1704=ADVANCED_FACE('',(#3150),#2493,.T.);
#1705=ADVANCED_FACE('',(#3151),#2494,.T.);
#1706=ADVANCED_FACE('',(#3152),#2495,.T.);
#1707=ADVANCED_FACE('',(#3153),#2496,.F.);
#1708=ADVANCED_FACE('',(#3154),#2497,.T.);
#1709=ADVANCED_FACE('',(#3155),#2498,.T.);
#1710=ADVANCED_FACE('',(#3156),#2499,.T.);
#1711=ADVANCED_FACE('',(#3157),#2500,.T.);
#1712=ADVANCED_FACE('',(#3158),#2501,.F.);
#1713=ADVANCED_FACE('',(#3159),#2502,.T.);
#1714=ADVANCED_FACE('',(#3160),#2503,.T.);
#1715=ADVANCED_FACE('',(#3161),#2504,.T.);
#1716=ADVANCED_FACE('',(#3162),#2505,.T.);
#1717=ADVANCED_FACE('',(#3163),#2506,.F.);
#1718=ADVANCED_FACE('',(#3164),#2507,.T.);
#1719=ADVANCED_FACE('',(#3165),#2508,.T.);
#1720=ADVANCED_FACE('',(#3166),#2509,.T.);
#1721=ADVANCED_FACE('',(#3167),#2510,.T.);
#1722=ADVANCED_FACE('',(#3168),#2511,.F.);
#1723=ADVANCED_FACE('',(#3169),#2512,.T.);
#1724=ADVANCED_FACE('',(#3170),#2513,.T.);
#1725=ADVANCED_FACE('',(#3171),#2514,.T.);
#1726=ADVANCED_FACE('',(#3172),#2515,.T.);
#1727=ADVANCED_FACE('',(#3173),#2516,.F.);
#1728=ADVANCED_FACE('',(#3174),#2517,.T.);
#1729=ADVANCED_FACE('',(#3175),#2518,.T.);
#1730=ADVANCED_FACE('',(#3176),#2519,.T.);
#1731=ADVANCED_FACE('',(#3177),#2520,.T.);
#1732=ADVANCED_FACE('',(#3178),#2521,.F.);
#1733=ADVANCED_FACE('',(#3179),#2522,.T.);
#1734=ADVANCED_FACE('',(#3180),#2523,.T.);
#1735=ADVANCED_FACE('',(#3181),#2524,.T.);
#1736=ADVANCED_FACE('',(#3182),#2525,.T.);
#1737=ADVANCED_FACE('',(#3183),#2526,.F.);
#1738=ADVANCED_FACE('',(#3184),#2527,.T.);
#1739=ADVANCED_FACE('',(#3185),#2528,.T.);
#1740=ADVANCED_FACE('',(#3186),#2529,.T.);
#1741=ADVANCED_FACE('',(#3187),#2530,.T.);
#1742=ADVANCED_FACE('',(#3188),#2531,.F.);
#1743=ADVANCED_FACE('',(#3189),#2532,.T.);
#1744=ADVANCED_FACE('',(#3190),#2533,.T.);
#1745=ADVANCED_FACE('',(#3191),#2534,.T.);
#1746=ADVANCED_FACE('',(#3192),#2535,.T.);
#1747=ADVANCED_FACE('',(#3193),#2536,.F.);
#1748=ADVANCED_FACE('',(#3194),#2537,.F.);
#1749=ADVANCED_FACE('',(#3195),#2538,.F.);
#1750=ADVANCED_FACE('',(#947,#948),#2539,.T.);
#1751=ADVANCED_FACE('',(#3196),#2540,.T.);
#1752=ADVANCED_FACE('',(#3197),#2541,.T.);
#1753=ADVANCED_FACE('',(#3198),#2542,.T.);
#1754=ADVANCED_FACE('',(#3199),#2543,.T.);
#1755=ADVANCED_FACE('',(#3200),#2544,.F.);
#1756=ADVANCED_FACE('',(#3201),#2545,.T.);
#1757=ADVANCED_FACE('',(#3202),#2546,.T.);
#1758=ADVANCED_FACE('',(#3203),#2547,.T.);
#1759=ADVANCED_FACE('',(#3204),#2548,.T.);
#1760=ADVANCED_FACE('',(#3205),#2549,.F.);
#1761=ADVANCED_FACE('',(#3206),#2550,.T.);
#1762=ADVANCED_FACE('',(#3207),#2551,.T.);
#1763=ADVANCED_FACE('',(#3208),#2552,.T.);
#1764=ADVANCED_FACE('',(#3209),#2553,.T.);
#1765=ADVANCED_FACE('',(#3210),#2554,.F.);
#1766=ADVANCED_FACE('',(#3211),#2555,.T.);
#1767=ADVANCED_FACE('',(#3212),#2556,.T.);
#1768=ADVANCED_FACE('',(#3213),#2557,.T.);
#1769=ADVANCED_FACE('',(#3214),#2558,.T.);
#1770=ADVANCED_FACE('',(#3215),#2559,.F.);
#1771=ADVANCED_FACE('',(#3216),#2560,.T.);
#1772=ADVANCED_FACE('',(#3217),#2561,.T.);
#1773=ADVANCED_FACE('',(#3218),#2562,.T.);
#1774=ADVANCED_FACE('',(#3219),#2563,.T.);
#1775=ADVANCED_FACE('',(#3220),#2564,.F.);
#1776=ADVANCED_FACE('',(#3221),#2565,.T.);
#1777=ADVANCED_FACE('',(#3222),#2566,.T.);
#1778=ADVANCED_FACE('',(#3223),#2567,.T.);
#1779=ADVANCED_FACE('',(#3224),#2568,.T.);
#1780=ADVANCED_FACE('',(#3225),#2569,.F.);
#1781=ADVANCED_FACE('',(#3226),#2570,.T.);
#1782=ADVANCED_FACE('',(#3227),#2571,.T.);
#1783=ADVANCED_FACE('',(#3228),#2572,.T.);
#1784=ADVANCED_FACE('',(#3229),#2573,.T.);
#1785=ADVANCED_FACE('',(#3230),#2574,.F.);
#1786=ADVANCED_FACE('',(#3231),#2575,.T.);
#1787=ADVANCED_FACE('',(#3232),#2576,.T.);
#1788=ADVANCED_FACE('',(#3233),#2577,.T.);
#1789=ADVANCED_FACE('',(#3234),#2578,.T.);
#1790=ADVANCED_FACE('',(#3235),#2579,.F.);
#1791=ADVANCED_FACE('',(#3236),#2580,.T.);
#1792=ADVANCED_FACE('',(#3237),#2581,.T.);
#1793=ADVANCED_FACE('',(#3238),#2582,.T.);
#1794=ADVANCED_FACE('',(#3239),#2583,.T.);
#1795=ADVANCED_FACE('',(#3240),#2584,.F.);
#1796=ADVANCED_FACE('',(#3241),#2585,.T.);
#1797=ADVANCED_FACE('',(#3242),#2586,.T.);
#1798=ADVANCED_FACE('',(#3243),#2587,.T.);
#1799=ADVANCED_FACE('',(#3244),#2588,.T.);
#1800=ADVANCED_FACE('',(#3245),#2589,.F.);
#1801=ADVANCED_FACE('',(#3246),#2590,.T.);
#1802=ADVANCED_FACE('',(#3247),#2591,.T.);
#1803=ADVANCED_FACE('',(#3248),#2592,.T.);
#1804=ADVANCED_FACE('',(#3249),#2593,.T.);
#1805=ADVANCED_FACE('',(#3250),#2594,.F.);
#1806=ADVANCED_FACE('',(#3251),#2595,.T.);
#1807=ADVANCED_FACE('',(#3252),#2596,.T.);
#1808=ADVANCED_FACE('',(#3253),#2597,.T.);
#1809=ADVANCED_FACE('',(#3254),#2598,.T.);
#1810=ADVANCED_FACE('',(#3255),#2599,.F.);
#1811=ADVANCED_FACE('',(#3256),#2600,.T.);
#1812=ADVANCED_FACE('',(#3257),#2601,.T.);
#1813=ADVANCED_FACE('',(#3258),#2602,.T.);
#1814=ADVANCED_FACE('',(#3259),#2603,.T.);
#1815=ADVANCED_FACE('',(#3260),#2604,.F.);
#1816=ADVANCED_FACE('',(#3261),#2605,.T.);
#1817=ADVANCED_FACE('',(#3262),#2606,.T.);
#1818=ADVANCED_FACE('',(#3263),#2607,.T.);
#1819=ADVANCED_FACE('',(#3264),#2608,.T.);
#1820=ADVANCED_FACE('',(#3265),#2609,.F.);
#1821=ADVANCED_FACE('',(#3266),#2610,.T.);
#1822=ADVANCED_FACE('',(#3267),#2611,.T.);
#1823=ADVANCED_FACE('',(#3268),#2612,.T.);
#1824=ADVANCED_FACE('',(#3269),#2613,.T.);
#1825=ADVANCED_FACE('',(#3270),#2614,.F.);
#1826=ADVANCED_FACE('',(#3271),#2615,.T.);
#1827=ADVANCED_FACE('',(#3272),#2616,.T.);
#1828=ADVANCED_FACE('',(#3273),#2617,.T.);
#1829=ADVANCED_FACE('',(#3274),#2618,.T.);
#1830=ADVANCED_FACE('',(#3275),#2619,.F.);
#1831=ADVANCED_FACE('',(#3276),#2620,.T.);
#1832=ADVANCED_FACE('',(#3277),#2621,.T.);
#1833=ADVANCED_FACE('',(#3278),#2622,.T.);
#1834=ADVANCED_FACE('',(#3279),#2623,.T.);
#1835=ADVANCED_FACE('',(#3280),#2624,.F.);
#1836=ADVANCED_FACE('',(#3281),#2625,.T.);
#1837=ADVANCED_FACE('',(#3282),#2626,.T.);
#1838=ADVANCED_FACE('',(#3283),#2627,.T.);
#1839=ADVANCED_FACE('',(#3284),#2628,.T.);
#1840=ADVANCED_FACE('',(#3285),#2629,.F.);
#1841=ADVANCED_FACE('',(#3286),#2630,.T.);
#1842=ADVANCED_FACE('',(#3287),#2631,.T.);
#1843=ADVANCED_FACE('',(#3288),#2632,.T.);
#1844=ADVANCED_FACE('',(#3289),#2633,.T.);
#1845=ADVANCED_FACE('',(#3290),#2634,.F.);
#1846=ADVANCED_FACE('',(#3291),#2635,.T.);
#1847=ADVANCED_FACE('',(#3292),#2636,.T.);
#1848=ADVANCED_FACE('',(#3293),#2637,.T.);
#1849=ADVANCED_FACE('',(#3294),#2638,.T.);
#1850=ADVANCED_FACE('',(#3295),#2639,.F.);
#1851=ADVANCED_FACE('',(#3296),#2640,.T.);
#1852=ADVANCED_FACE('',(#3297),#2641,.T.);
#1853=ADVANCED_FACE('',(#3298),#2642,.T.);
#1854=ADVANCED_FACE('',(#3299),#2643,.T.);
#1855=ADVANCED_FACE('',(#3300),#2644,.F.);
#1856=ADVANCED_FACE('',(#3301),#2645,.T.);
#1857=ADVANCED_FACE('',(#3302),#2646,.T.);
#1858=ADVANCED_FACE('',(#3303),#2647,.T.);
#1859=ADVANCED_FACE('',(#3304),#2648,.T.);
#1860=ADVANCED_FACE('',(#3305),#2649,.F.);
#1861=ADVANCED_FACE('',(#3306),#2650,.F.);
#1862=ADVANCED_FACE('',(#3307),#2651,.F.);
#1863=ADVANCED_FACE('',(#3308),#2652,.F.);
#1864=ADVANCED_FACE('',(#3309),#2653,.F.);
#1865=ADVANCED_FACE('',(#3310),#2654,.T.);
#1866=ADVANCED_FACE('',(#3311),#2655,.F.);
#1867=ADVANCED_FACE('',(#3312),#2656,.F.);
#1868=ADVANCED_FACE('',(#3313),#2657,.F.);
#1869=ADVANCED_FACE('',(#3314),#2658,.F.);
#1870=ADVANCED_FACE('',(#3315),#2659,.T.);
#1871=ADVANCED_FACE('',(#3316),#2660,.F.);
#1872=ADVANCED_FACE('',(#3317),#2661,.F.);
#1873=ADVANCED_FACE('',(#3318),#2662,.F.);
#1874=ADVANCED_FACE('',(#3319),#2663,.F.);
#1875=ADVANCED_FACE('',(#3320),#2664,.T.);
#1876=ADVANCED_FACE('',(#3321),#2665,.F.);
#1877=ADVANCED_FACE('',(#3322),#2666,.F.);
#1878=ADVANCED_FACE('',(#3323),#2667,.F.);
#1879=ADVANCED_FACE('',(#3324),#2668,.F.);
#1880=ADVANCED_FACE('',(#3325),#2669,.T.);
#1881=ADVANCED_FACE('',(#3326),#2670,.F.);
#1882=ADVANCED_FACE('',(#3327),#2671,.F.);
#1883=ADVANCED_FACE('',(#3328),#2672,.F.);
#1884=ADVANCED_FACE('',(#3329),#2673,.F.);
#1885=ADVANCED_FACE('',(#3330),#2674,.F.);
#1886=ADVANCED_FACE('',(#3331),#2675,.T.);
#1887=ADVANCED_FACE('',(#3332),#2676,.T.);
#1888=ADVANCED_FACE('',(#3333),#2677,.T.);
#1889=ADVANCED_FACE('',(#3334),#2678,.T.);
#1890=ADVANCED_FACE('',(#3335),#2679,.T.);
#1891=ADVANCED_FACE('',(#3336),#2680,.F.);
#1892=ADVANCED_FACE('',(#3337),#2681,.T.);
#1893=ADVANCED_FACE('',(#3338),#2682,.T.);
#1894=ADVANCED_FACE('',(#3339),#2683,.T.);
#1895=ADVANCED_FACE('',(#3340),#2684,.T.);
#1896=ADVANCED_FACE('',(#3341),#2685,.F.);
#1897=ADVANCED_FACE('',(#3342),#2686,.T.);
#1898=ADVANCED_FACE('',(#3343),#2687,.T.);
#1899=ADVANCED_FACE('',(#3344),#2688,.T.);
#1900=ADVANCED_FACE('',(#3345),#2689,.T.);
#1901=ADVANCED_FACE('',(#3346),#2690,.F.);
#1902=ADVANCED_FACE('',(#3347),#2691,.T.);
#1903=ADVANCED_FACE('',(#3348),#2692,.T.);
#1904=ADVANCED_FACE('',(#3349),#2693,.T.);
#1905=ADVANCED_FACE('',(#3350),#2694,.T.);
#1906=ADVANCED_FACE('',(#3351),#2695,.F.);
#1907=ADVANCED_FACE('',(#3352),#2696,.T.);
#1908=ADVANCED_FACE('',(#3353),#2697,.T.);
#1909=ADVANCED_FACE('',(#3354),#2698,.T.);
#1910=ADVANCED_FACE('',(#3355),#2699,.F.);
#1911=ADVANCED_FACE('',(#3356),#2700,.F.);
#1912=ADVANCED_FACE('',(#3357),#2701,.F.);
#1913=ADVANCED_FACE('',(#3358),#2702,.F.);
#1914=ADVANCED_FACE('',(#3359),#2703,.F.);
#1915=ADVANCED_FACE('',(#3360),#2704,.T.);
#1916=ADVANCED_FACE('',(#3361),#2705,.F.);
#1917=ADVANCED_FACE('',(#3362),#2706,.F.);
#1918=ADVANCED_FACE('',(#3363),#2707,.F.);
#1919=ADVANCED_FACE('',(#3364),#2708,.F.);
#1920=ADVANCED_FACE('',(#3365),#2709,.F.);
#1921=ADVANCED_FACE('',(#3366),#2710,.F.);
#1922=ADVANCED_FACE('',(#3367),#2711,.F.);
#1923=ADVANCED_FACE('',(#3368),#2712,.F.);
#1924=ADVANCED_FACE('',(#3369),#2713,.F.);
#1925=ADVANCED_FACE('',(#3370),#2714,.F.);
#1926=ADVANCED_FACE('',(#3371),#2715,.F.);
#1927=ADVANCED_FACE('',(#3372),#2716,.F.);
#1928=ADVANCED_FACE('',(#3373),#2717,.F.);
#1929=ADVANCED_FACE('',(#3374),#2718,.F.);
#1930=ADVANCED_FACE('',(#3375),#2719,.F.);
#1931=ADVANCED_FACE('',(#3376),#2720,.F.);
#1932=ADVANCED_FACE('',(#3377),#2721,.F.);
#1933=ADVANCED_FACE('',(#3378),#2722,.F.);
#1934=ADVANCED_FACE('',(#3379),#2723,.F.);
#1935=ADVANCED_FACE('',(#3380),#2724,.F.);
#1936=ADVANCED_FACE('',(#3381),#2725,.F.);
#1937=ADVANCED_FACE('',(#3382),#2726,.F.);
#1938=ADVANCED_FACE('',(#3383),#2727,.F.);
#1939=ADVANCED_FACE('',(#3384),#2728,.F.);
#1940=ADVANCED_FACE('',(#3385),#2729,.F.);
#1941=ADVANCED_FACE('',(#3386),#2730,.F.);
#1942=ADVANCED_FACE('',(#3387),#2731,.F.);
#1943=ADVANCED_FACE('',(#3388),#2732,.F.);
#1944=ADVANCED_FACE('',(#3389),#2733,.F.);
#1945=ADVANCED_FACE('',(#3390),#2734,.F.);
#1946=ADVANCED_FACE('',(#3391),#2735,.F.);
#1947=ADVANCED_FACE('',(#3392),#2736,.F.);
#1948=ADVANCED_FACE('',(#3393),#2737,.F.);
#1949=ADVANCED_FACE('',(#3394),#2738,.F.);
#1950=ADVANCED_FACE('',(#3395),#2739,.F.);
#1951=ADVANCED_FACE('',(#3396),#2740,.F.);
#1952=ADVANCED_FACE('',(#3397),#2741,.F.);
#1953=ADVANCED_FACE('',(#3398),#2742,.F.);
#1954=ADVANCED_FACE('',(#3399),#2743,.F.);
#1955=ADVANCED_FACE('',(#3400),#2744,.F.);
#1956=ADVANCED_FACE('',(#3401),#2745,.F.);
#1957=ADVANCED_FACE('',(#3402),#2746,.F.);
#1958=ADVANCED_FACE('',(#3403),#2747,.F.);
#1959=ADVANCED_FACE('',(#3404),#2748,.F.);
#1960=ADVANCED_FACE('',(#3405),#2749,.F.);
#1961=ADVANCED_FACE('',(#3406),#2750,.F.);
#1962=ADVANCED_FACE('',(#3407),#2751,.F.);
#1963=ADVANCED_FACE('',(#3408),#2752,.F.);
#1964=ADVANCED_FACE('',(#3409),#2753,.F.);
#1965=ADVANCED_FACE('',(#3410),#2754,.F.);
#1966=ADVANCED_FACE('',(#3411),#2755,.F.);
#1967=ADVANCED_FACE('',(#3412),#2756,.F.);
#1968=ADVANCED_FACE('',(#3413),#2757,.F.);
#1969=ADVANCED_FACE('',(#3414),#2758,.F.);
#1970=ADVANCED_FACE('',(#3415),#2759,.F.);
#1971=ADVANCED_FACE('',(#3416),#2760,.F.);
#1972=ADVANCED_FACE('',(#3417),#2761,.F.);
#1973=ADVANCED_FACE('',(#3418),#2762,.F.);
#1974=ADVANCED_FACE('',(#3419),#2763,.F.);
#1975=ADVANCED_FACE('',(#3420),#2764,.F.);
#1976=ADVANCED_FACE('',(#3421),#2765,.F.);
#1977=ADVANCED_FACE('',(#3422),#2766,.F.);
#1978=ADVANCED_FACE('',(#3423),#2767,.F.);
#1979=ADVANCED_FACE('',(#3424),#2768,.F.);
#1980=ADVANCED_FACE('',(#3425),#2769,.F.);
#1981=ADVANCED_FACE('',(#3426),#2770,.F.);
#1982=ADVANCED_FACE('',(#3427),#2771,.F.);
#1983=ADVANCED_FACE('',(#3428),#2772,.F.);
#1984=ADVANCED_FACE('',(#3429),#2773,.F.);
#1985=ADVANCED_FACE('',(#3430),#2774,.F.);
#1986=ADVANCED_FACE('',(#3431),#2775,.F.);
#1987=ADVANCED_FACE('',(#3432),#2776,.F.);
#1988=ADVANCED_FACE('',(#3433),#2777,.F.);
#1989=ADVANCED_FACE('',(#3434),#2778,.F.);
#1990=ADVANCED_FACE('',(#3435),#2779,.F.);
#1991=ADVANCED_FACE('',(#3436),#2780,.F.);
#1992=ADVANCED_FACE('',(#3437),#2781,.F.);
#1993=ADVANCED_FACE('',(#3438),#2782,.F.);
#1994=ADVANCED_FACE('',(#3439),#2783,.F.);
#1995=ADVANCED_FACE('',(#3440),#2784,.F.);
#1996=ADVANCED_FACE('',(#3441),#2785,.F.);
#1997=ADVANCED_FACE('',(#3442),#2786,.F.);
#1998=ADVANCED_FACE('',(#3443),#2787,.F.);
#1999=ADVANCED_FACE('',(#3444),#2788,.F.);
#2000=ADVANCED_FACE('',(#3445),#2789,.F.);
#2001=ADVANCED_FACE('',(#3446),#2790,.F.);
#2002=ADVANCED_FACE('',(#3447),#2791,.F.);
#2003=ADVANCED_FACE('',(#3448),#2792,.F.);
#2004=ADVANCED_FACE('',(#3449),#2793,.F.);
#2005=ADVANCED_FACE('',(#3450),#2794,.F.);
#2006=ADVANCED_FACE('',(#3451),#2795,.F.);
#2007=ADVANCED_FACE('',(#3452),#2796,.F.);
#2008=ADVANCED_FACE('',(#3453),#2797,.F.);
#2009=ADVANCED_FACE('',(#3454),#2798,.F.);
#2010=ADVANCED_FACE('',(#3455),#2799,.F.);
#2011=ADVANCED_FACE('',(#3456),#2800,.F.);
#2012=ADVANCED_FACE('',(#3457),#2801,.F.);
#2013=ADVANCED_FACE('',(#3458),#2802,.F.);
#2014=ADVANCED_FACE('',(#3459),#2803,.F.);
#2015=ADVANCED_FACE('',(#3460),#2804,.F.);
#2016=ADVANCED_FACE('',(#3461),#2805,.F.);
#2017=ADVANCED_FACE('',(#3462),#2806,.F.);
#2018=ADVANCED_FACE('',(#3463),#2807,.F.);
#2019=ADVANCED_FACE('',(#3464),#2808,.F.);
#2020=ADVANCED_FACE('',(#3465),#2809,.F.);
#2021=ADVANCED_FACE('',(#3466),#2810,.F.);
#2022=ADVANCED_FACE('',(#3467),#2811,.F.);
#2023=ADVANCED_FACE('',(#3468),#2812,.F.);
#2024=ADVANCED_FACE('',(#3469),#2813,.F.);
#2025=ADVANCED_FACE('',(#3470),#2814,.F.);
#2026=ADVANCED_FACE('',(#3471),#2815,.F.);
#2027=ADVANCED_FACE('',(#3472),#2816,.F.);
#2028=ADVANCED_FACE('',(#3473),#2817,.F.);
#2029=ADVANCED_FACE('',(#3474),#2818,.F.);
#2030=ADVANCED_FACE('',(#3475),#2819,.F.);
#2031=ADVANCED_FACE('',(#3476),#2820,.F.);
#2032=ADVANCED_FACE('',(#3477),#2821,.F.);
#2033=ADVANCED_FACE('',(#3478),#2822,.F.);
#2034=ADVANCED_FACE('',(#3479),#2823,.F.);
#2035=ADVANCED_FACE('',(#3480),#2824,.F.);
#2036=ADVANCED_FACE('',(#3481),#2825,.F.);
#2037=ADVANCED_FACE('',(#3482),#2826,.F.);
#2038=ADVANCED_FACE('',(#3483),#2827,.F.);
#2039=ADVANCED_FACE('',(#3484),#2828,.F.);
#2040=ADVANCED_FACE('',(#3485),#2829,.F.);
#2041=ADVANCED_FACE('',(#3486),#2830,.F.);
#2042=ADVANCED_FACE('',(#3487),#2831,.F.);
#2043=ADVANCED_FACE('',(#3488),#2832,.F.);
#2044=ADVANCED_FACE('',(#3489),#2833,.F.);
#2045=ADVANCED_FACE('',(#3490),#2834,.F.);
#2046=ADVANCED_FACE('',(#3491),#2835,.F.);
#2047=ADVANCED_FACE('',(#3492),#2836,.F.);
#2048=ADVANCED_FACE('',(#3493),#2837,.F.);
#2049=ADVANCED_FACE('',(#3494),#2838,.F.);
#2050=ADVANCED_FACE('',(#3495),#2839,.F.);
#2051=ADVANCED_FACE('',(#3496),#2840,.F.);
#2052=ADVANCED_FACE('',(#3497),#2841,.F.);
#2053=ADVANCED_FACE('',(#3498),#2842,.F.);
#2054=ADVANCED_FACE('',(#3499),#2843,.F.);
#2055=ADVANCED_FACE('',(#3500),#2844,.F.);
#2056=ADVANCED_FACE('',(#3501),#2845,.T.);
#2057=ADVANCED_FACE('',(#3502),#2846,.T.);
#2058=ADVANCED_FACE('',(#3503),#2847,.F.);
#2059=ADVANCED_FACE('',(#3504),#2848,.F.);
#2060=ADVANCED_FACE('',(#3505),#2849,.T.);
#2061=ADVANCED_FACE('',(#3506),#2850,.T.);
#2062=ADVANCED_FACE('',(#3507),#2851,.T.);
#2063=ADVANCED_FACE('',(#3508),#2852,.T.);
#2064=ADVANCED_FACE('',(#3509),#2853,.T.);
#2065=ADVANCED_FACE('',(#3510),#2854,.T.);
#2066=ADVANCED_FACE('',(#3511),#2855,.T.);
#2067=ADVANCED_FACE('',(#3512),#2856,.T.);
#2068=ADVANCED_FACE('',(#949,#950,#951,#952,#953,#954,#955,#956,#957,#958,
#959,#960,#961,#962,#963,#964,#965,#966,#967,#968,#969,#970,#971,#972,#973,
#974,#975,#976,#977,#978,#979,#980,#981,#982,#983,#984,#985,#986,#987,#988,
#989,#990,#991,#992,#993,#994,#995,#996,#997,#998,#999,#1000,#1001,#1002,
#1003,#1004,#1005,#1006,#1007,#1008,#1009,#1010,#1011,#1012,#1013,#1014,
#1015,#1016,#1017,#1018,#1019,#1020,#1021,#1022,#1023,#1024,#1025,#1026,
#1027,#1028,#1029,#1030,#1031,#1032,#1033,#1034,#1035,#1036,#1037,#1038,
#1039,#1040,#1041,#1042,#1043,#1044,#1045,#1046,#1047,#1048,#1049,#1050,
#1051,#1052,#1053,#1054,#1055,#1056,#1057,#1058,#1059,#1060,#1061,#1062,
#1063,#1064,#1065,#1066,#1067,#1068,#1069,#1070,#1071,#1072,#1073,#1074,
#1075,#1076,#1077,#1078,#1079,#1080),#2857,.T.);
#2069=ADVANCED_FACE('',(#1081,#1082),#2858,.F.);
#2070=ADVANCED_FACE('',(#3513),#2859,.F.);
#2071=ADVANCED_FACE('',(#3514),#2860,.F.);
#2072=ADVANCED_FACE('',(#3515),#2861,.T.);
#2073=ADVANCED_FACE('',(#3516),#2862,.T.);
#2074=ADVANCED_FACE('',(#1083,#1084,#1085,#1086,#1087,#1088,#1089,#1090,
#1091,#1092,#1093,#1094,#1095,#1096,#1097,#1098,#1099,#1100,#1101,#1102,
#1103,#1104,#1105,#1106,#1107,#1108,#1109,#1110,#1111,#1112,#1113,#1114,
#1115),#2863,.F.);
#2075=ADVANCED_FACE('',(#3517),#2864,.F.);
#2076=ADVANCED_FACE('',(#1116,#1117,#1118,#1119,#1120,#1121,#1122,#1123,
#1124,#1125,#1126,#1127,#1128,#1129,#1130,#1131,#1132,#1133,#1134,#1135,
#1136,#1137,#1138,#1139,#1140,#1141,#1142,#1143,#1144,#1145,#1146,#1147,
#1148),#2865,.F.);
#2077=ADVANCED_FACE('',(#1149,#1150,#1151,#1152,#1153,#1154,#1155,#1156,
#1157,#1158,#1159,#1160,#1161,#1162,#1163,#1164,#1165,#1166,#1167,#1168,
#1169,#1170,#1171,#1172,#1173,#1174,#1175,#1176,#1177,#1178,#1179,#1180,
#1181),#2866,.F.);
#2078=ADVANCED_FACE('',(#3518),#2867,.F.);
#2079=ADVANCED_FACE('',(#1182,#1183,#1184,#1185,#1186,#1187,#1188,#1189,
#1190,#1191,#1192,#1193,#1194,#1195,#1196,#1197,#1198,#1199,#1200,#1201,
#1202,#1203,#1204,#1205,#1206,#1207,#1208,#1209,#1210,#1211,#1212,#1213,
#1214),#2868,.F.);
#2080=ADVANCED_FACE('',(#3519),#2869,.F.);
#2081=ADVANCED_FACE('',(#3520),#2870,.F.);
#2082=ADVANCED_FACE('',(#3521),#2871,.F.);
#2083=ADVANCED_FACE('',(#3522),#2872,.F.);
#2084=ADVANCED_FACE('',(#3523),#2873,.T.);
#2085=ADVANCED_FACE('',(#3524),#2874,.F.);
#2086=ADVANCED_FACE('',(#3525),#2875,.F.);
#2087=ADVANCED_FACE('',(#3526),#2876,.F.);
#2088=ADVANCED_FACE('',(#3527),#2877,.F.);
#2089=ADVANCED_FACE('',(#1215,#1216),#418,.F.);
#2090=ADVANCED_FACE('',(#1217,#1218),#419,.F.);
#2091=ADVANCED_FACE('',(#1219,#1220),#420,.F.);
#2092=ADVANCED_FACE('',(#1221,#1222),#421,.F.);
#2093=ADVANCED_FACE('',(#1223,#1224),#422,.F.);
#2094=ADVANCED_FACE('',(#1225,#1226),#423,.F.);
#2095=ADVANCED_FACE('',(#1227,#1228),#424,.F.);
#2096=ADVANCED_FACE('',(#1229,#1230),#425,.F.);
#2097=ADVANCED_FACE('',(#1231,#1232),#426,.F.);
#2098=ADVANCED_FACE('',(#1233,#1234),#427,.F.);
#2099=ADVANCED_FACE('',(#1235,#1236),#428,.F.);
#2100=ADVANCED_FACE('',(#1237,#1238),#429,.F.);
#2101=ADVANCED_FACE('',(#1239,#1240),#430,.F.);
#2102=ADVANCED_FACE('',(#1241,#1242),#431,.F.);
#2103=ADVANCED_FACE('',(#1243,#1244),#432,.F.);
#2104=ADVANCED_FACE('',(#1245,#1246),#433,.F.);
#2105=ADVANCED_FACE('',(#1247,#1248),#434,.F.);
#2106=ADVANCED_FACE('',(#1249,#1250),#435,.F.);
#2107=ADVANCED_FACE('',(#1251,#1252),#436,.F.);
#2108=ADVANCED_FACE('',(#1253,#1254),#437,.F.);
#2109=ADVANCED_FACE('',(#1255,#1256),#438,.F.);
#2110=ADVANCED_FACE('',(#1257,#1258),#439,.F.);
#2111=ADVANCED_FACE('',(#1259,#1260),#440,.F.);
#2112=ADVANCED_FACE('',(#1261,#1262),#441,.F.);
#2113=ADVANCED_FACE('',(#1263,#1264),#442,.F.);
#2114=ADVANCED_FACE('',(#1265,#1266),#443,.F.);
#2115=ADVANCED_FACE('',(#1267,#1268),#444,.F.);
#2116=ADVANCED_FACE('',(#1269,#1270),#445,.F.);
#2117=ADVANCED_FACE('',(#1271,#1272),#446,.F.);
#2118=ADVANCED_FACE('',(#1273,#1274),#447,.F.);
#2119=ADVANCED_FACE('',(#1275,#1276),#448,.F.);
#2120=ADVANCED_FACE('',(#1277,#1278),#449,.F.);
#2121=ADVANCED_FACE('',(#1279,#1280),#450,.F.);
#2122=ADVANCED_FACE('',(#1281,#1282),#451,.F.);
#2123=ADVANCED_FACE('',(#1283,#1284),#452,.F.);
#2124=ADVANCED_FACE('',(#1285,#1286),#453,.F.);
#2125=ADVANCED_FACE('',(#1287,#1288),#454,.F.);
#2126=ADVANCED_FACE('',(#1289,#1290),#455,.F.);
#2127=ADVANCED_FACE('',(#1291,#1292),#456,.F.);
#2128=ADVANCED_FACE('',(#1293,#1294),#457,.F.);
#2129=ADVANCED_FACE('',(#1295,#1296),#458,.F.);
#2130=ADVANCED_FACE('',(#1297,#1298),#459,.F.);
#2131=ADVANCED_FACE('',(#1299,#1300),#460,.F.);
#2132=ADVANCED_FACE('',(#1301,#1302),#461,.F.);
#2133=ADVANCED_FACE('',(#1303,#1304),#462,.F.);
#2134=ADVANCED_FACE('',(#1305,#1306),#463,.F.);
#2135=ADVANCED_FACE('',(#1307,#1308),#464,.F.);
#2136=ADVANCED_FACE('',(#1309,#1310),#465,.F.);
#2137=ADVANCED_FACE('',(#1311,#1312),#466,.F.);
#2138=ADVANCED_FACE('',(#1313,#1314),#467,.F.);
#2139=ADVANCED_FACE('',(#1315,#1316),#468,.F.);
#2140=ADVANCED_FACE('',(#1317,#1318),#469,.F.);
#2141=ADVANCED_FACE('',(#1319,#1320),#470,.F.);
#2142=ADVANCED_FACE('',(#1321,#1322),#471,.F.);
#2143=ADVANCED_FACE('',(#1323,#1324),#472,.F.);
#2144=ADVANCED_FACE('',(#1325,#1326),#473,.F.);
#2145=ADVANCED_FACE('',(#1327,#1328),#474,.F.);
#2146=ADVANCED_FACE('',(#1329,#1330),#475,.F.);
#2147=ADVANCED_FACE('',(#1331,#1332),#476,.F.);
#2148=ADVANCED_FACE('',(#1333,#1334),#477,.F.);
#2149=ADVANCED_FACE('',(#1335,#1336),#478,.F.);
#2150=ADVANCED_FACE('',(#1337,#1338),#479,.F.);
#2151=ADVANCED_FACE('',(#1339,#1340),#480,.F.);
#2152=ADVANCED_FACE('',(#1341,#1342),#481,.F.);
#2153=ADVANCED_FACE('',(#1343,#1344),#482,.F.);
#2154=ADVANCED_FACE('',(#1345,#1346),#483,.F.);
#2155=ADVANCED_FACE('',(#1347,#1348),#484,.F.);
#2156=ADVANCED_FACE('',(#1349,#1350),#485,.F.);
#2157=ADVANCED_FACE('',(#1351,#1352),#486,.F.);
#2158=ADVANCED_FACE('',(#1353,#1354),#487,.F.);
#2159=ADVANCED_FACE('',(#1355,#1356),#488,.F.);
#2160=ADVANCED_FACE('',(#1357,#1358),#489,.F.);
#2161=ADVANCED_FACE('',(#1359,#1360),#490,.F.);
#2162=ADVANCED_FACE('',(#1361,#1362),#491,.F.);
#2163=ADVANCED_FACE('',(#1363,#1364),#492,.F.);
#2164=ADVANCED_FACE('',(#1365,#1366),#493,.F.);
#2165=ADVANCED_FACE('',(#1367,#1368),#494,.F.);
#2166=ADVANCED_FACE('',(#1369,#1370),#495,.F.);
#2167=ADVANCED_FACE('',(#1371,#1372),#496,.F.);
#2168=ADVANCED_FACE('',(#1373,#1374),#497,.F.);
#2169=ADVANCED_FACE('',(#1375,#1376),#498,.F.);
#2170=ADVANCED_FACE('',(#1377,#1378),#499,.F.);
#2171=ADVANCED_FACE('',(#1379,#1380),#500,.F.);
#2172=ADVANCED_FACE('',(#1381,#1382),#501,.F.);
#2173=ADVANCED_FACE('',(#1383,#1384),#502,.F.);
#2174=ADVANCED_FACE('',(#1385,#1386),#503,.F.);
#2175=ADVANCED_FACE('',(#1387,#1388),#504,.F.);
#2176=ADVANCED_FACE('',(#1389,#1390),#505,.F.);
#2177=ADVANCED_FACE('',(#1391,#1392),#506,.F.);
#2178=ADVANCED_FACE('',(#1393,#1394),#507,.F.);
#2179=ADVANCED_FACE('',(#1395,#1396),#508,.F.);
#2180=ADVANCED_FACE('',(#1397,#1398),#509,.F.);
#2181=ADVANCED_FACE('',(#1399,#1400),#510,.F.);
#2182=ADVANCED_FACE('',(#1401,#1402),#511,.F.);
#2183=ADVANCED_FACE('',(#1403,#1404),#512,.F.);
#2184=ADVANCED_FACE('',(#1405,#1406),#513,.F.);
#2185=ADVANCED_FACE('',(#1407,#1408),#514,.F.);
#2186=ADVANCED_FACE('',(#1409,#1410),#515,.F.);
#2187=ADVANCED_FACE('',(#1411,#1412),#516,.F.);
#2188=ADVANCED_FACE('',(#1413,#1414),#517,.F.);
#2189=ADVANCED_FACE('',(#1415,#1416),#518,.F.);
#2190=ADVANCED_FACE('',(#1417,#1418),#519,.F.);
#2191=ADVANCED_FACE('',(#1419,#1420),#520,.F.);
#2192=ADVANCED_FACE('',(#1421,#1422),#521,.F.);
#2193=ADVANCED_FACE('',(#1423,#1424),#522,.F.);
#2194=ADVANCED_FACE('',(#1425,#1426),#523,.F.);
#2195=ADVANCED_FACE('',(#1427,#1428),#524,.F.);
#2196=ADVANCED_FACE('',(#1429,#1430),#525,.F.);
#2197=ADVANCED_FACE('',(#1431,#1432),#526,.F.);
#2198=ADVANCED_FACE('',(#1433,#1434),#527,.F.);
#2199=ADVANCED_FACE('',(#1435,#1436),#528,.F.);
#2200=ADVANCED_FACE('',(#1437,#1438),#529,.F.);
#2201=ADVANCED_FACE('',(#1439,#1440),#530,.F.);
#2202=ADVANCED_FACE('',(#1441,#1442),#531,.F.);
#2203=ADVANCED_FACE('',(#1443,#1444),#532,.F.);
#2204=ADVANCED_FACE('',(#1445,#1446),#533,.F.);
#2205=ADVANCED_FACE('',(#1447,#1448),#534,.F.);
#2206=ADVANCED_FACE('',(#1449,#1450),#535,.F.);
#2207=ADVANCED_FACE('',(#1451,#1452),#536,.F.);
#2208=ADVANCED_FACE('',(#1453,#1454),#537,.F.);
#2209=ADVANCED_FACE('',(#1455,#1456),#538,.F.);
#2210=ADVANCED_FACE('',(#1457,#1458),#539,.F.);
#2211=ADVANCED_FACE('',(#1459,#1460),#540,.F.);
#2212=ADVANCED_FACE('',(#1461,#1462),#541,.F.);
#2213=ADVANCED_FACE('',(#1463,#1464),#542,.F.);
#2214=ADVANCED_FACE('',(#1465,#1466),#543,.F.);
#2215=ADVANCED_FACE('',(#1467,#1468),#544,.F.);
#2216=ADVANCED_FACE('',(#1469,#1470),#545,.F.);
#2217=ADVANCED_FACE('',(#3528),#2878,.T.);
#2218=ADVANCED_FACE('',(#3529),#2879,.T.);
#2219=ADVANCED_FACE('',(#3530),#2880,.T.);
#2220=ADVANCED_FACE('',(#3531),#2881,.T.);
#2221=ADVANCED_FACE('',(#3532),#2882,.T.);
#2222=ADVANCED_FACE('',(#3533),#2883,.T.);
#2223=ADVANCED_FACE('',(#3534),#2884,.F.);
#2224=ADVANCED_FACE('',(#3535),#2885,.F.);
#2225=ADVANCED_FACE('',(#3536),#2886,.F.);
#2226=ADVANCED_FACE('',(#3537),#2887,.F.);
#2227=ADVANCED_FACE('',(#3538),#2888,.F.);
#2228=ADVANCED_FACE('',(#3539),#2889,.T.);
#2229=ADVANCED_FACE('',(#3540),#2890,.T.);
#2230=ADVANCED_FACE('',(#3541),#2891,.F.);
#2231=ADVANCED_FACE('',(#3542),#2892,.F.);
#2232=ADVANCED_FACE('',(#3543),#2893,.T.);
#2233=ADVANCED_FACE('',(#3544),#2894,.F.);
#2234=ADVANCED_FACE('',(#3545),#2895,.F.);
#2235=ADVANCED_FACE('',(#3546),#2896,.F.);
#2236=ADVANCED_FACE('',(#3547),#2897,.F.);
#2237=ADVANCED_FACE('',(#3548),#2898,.T.);
#2238=ADVANCED_FACE('',(#3549),#2899,.T.);
#2239=ADVANCED_FACE('',(#3550),#2900,.T.);
#2240=ADVANCED_FACE('',(#3551),#2901,.T.);
#2241=ADVANCED_FACE('',(#3552),#2902,.T.);
#2242=ADVANCED_FACE('',(#3553),#2903,.T.);
#2243=ADVANCED_FACE('',(#3554),#2904,.T.);
#2244=ADVANCED_FACE('',(#3555),#2905,.F.);
#2245=ADVANCED_FACE('',(#3556),#2906,.F.);
#2246=ADVANCED_FACE('',(#3557),#2907,.T.);
#2247=ADVANCED_FACE('',(#3558),#2908,.T.);
#2248=ADVANCED_FACE('',(#3559),#2909,.T.);
#2249=ADVANCED_FACE('',(#3560),#2910,.F.);
#2250=ADVANCED_FACE('',(#3561),#2911,.T.);
#2251=ADVANCED_FACE('',(#3562),#2912,.T.);
#2252=ADVANCED_FACE('',(#3563),#2913,.T.);
#2253=ADVANCED_FACE('',(#3564),#2914,.T.);
#2254=ADVANCED_FACE('',(#3565),#2915,.F.);
#2255=ADVANCED_FACE('',(#3566),#2916,.F.);
#2256=ADVANCED_FACE('',(#3567),#2917,.F.);
#2257=ADVANCED_FACE('',(#3568),#2918,.F.);
#2258=ADVANCED_FACE('',(#3569),#2919,.F.);
#2259=ADVANCED_FACE('',(#3570),#2920,.F.);
#2260=PLANE('',#15098);
#2261=PLANE('',#15099);
#2262=PLANE('',#15100);
#2263=PLANE('',#15101);
#2264=PLANE('',#15102);
#2265=PLANE('',#15103);
#2266=PLANE('',#15104);
#2267=PLANE('',#15105);
#2268=PLANE('',#15106);
#2269=PLANE('',#15107);
#2270=PLANE('',#15108);
#2271=PLANE('',#15109);
#2272=PLANE('',#15110);
#2273=PLANE('',#15111);
#2274=PLANE('',#15112);
#2275=PLANE('',#15113);
#2276=PLANE('',#15114);
#2277=PLANE('',#15115);
#2278=PLANE('',#15116);
#2279=PLANE('',#15117);
#2280=PLANE('',#15118);
#2281=PLANE('',#15119);
#2282=PLANE('',#15120);
#2283=PLANE('',#15121);
#2284=PLANE('',#15122);
#2285=PLANE('',#15123);
#2286=PLANE('',#15124);
#2287=PLANE('',#15125);
#2288=PLANE('',#15126);
#2289=PLANE('',#15127);
#2290=PLANE('',#15128);
#2291=PLANE('',#15129);
#2292=PLANE('',#15130);
#2293=PLANE('',#15131);
#2294=PLANE('',#15132);
#2295=PLANE('',#15133);
#2296=PLANE('',#15134);
#2297=PLANE('',#15135);
#2298=PLANE('',#15136);
#2299=PLANE('',#15137);
#2300=PLANE('',#15138);
#2301=PLANE('',#15139);
#2302=PLANE('',#15140);
#2303=PLANE('',#15141);
#2304=PLANE('',#15142);
#2305=PLANE('',#15143);
#2306=PLANE('',#15144);
#2307=PLANE('',#15145);
#2308=PLANE('',#15146);
#2309=PLANE('',#15147);
#2310=PLANE('',#15148);
#2311=PLANE('',#15149);
#2312=PLANE('',#15150);
#2313=PLANE('',#15151);
#2314=PLANE('',#15152);
#2315=PLANE('',#15153);
#2316=PLANE('',#15154);
#2317=PLANE('',#15155);
#2318=PLANE('',#15156);
#2319=PLANE('',#15157);
#2320=PLANE('',#15158);
#2321=PLANE('',#15159);
#2322=PLANE('',#15160);
#2323=PLANE('',#15161);
#2324=PLANE('',#15162);
#2325=PLANE('',#15163);
#2326=PLANE('',#15164);
#2327=PLANE('',#15165);
#2328=PLANE('',#15166);
#2329=PLANE('',#15167);
#2330=PLANE('',#15168);
#2331=PLANE('',#15169);
#2332=PLANE('',#15170);
#2333=PLANE('',#15171);
#2334=PLANE('',#15172);
#2335=PLANE('',#15173);
#2336=PLANE('',#15174);
#2337=PLANE('',#15175);
#2338=PLANE('',#15176);
#2339=PLANE('',#15177);
#2340=PLANE('',#15178);
#2341=PLANE('',#15179);
#2342=PLANE('',#15180);
#2343=PLANE('',#15181);
#2344=PLANE('',#15182);
#2345=PLANE('',#15183);
#2346=PLANE('',#15184);
#2347=PLANE('',#15185);
#2348=PLANE('',#15186);
#2349=PLANE('',#15187);
#2350=PLANE('',#15188);
#2351=PLANE('',#15189);
#2352=PLANE('',#15190);
#2353=PLANE('',#15191);
#2354=PLANE('',#15192);
#2355=PLANE('',#15193);
#2356=PLANE('',#15194);
#2357=PLANE('',#15195);
#2358=PLANE('',#15196);
#2359=PLANE('',#15197);
#2360=PLANE('',#15198);
#2361=PLANE('',#15199);
#2362=PLANE('',#15200);
#2363=PLANE('',#15201);
#2364=PLANE('',#15202);
#2365=PLANE('',#15203);
#2366=PLANE('',#15204);
#2367=PLANE('',#15205);
#2368=PLANE('',#15206);
#2369=PLANE('',#15207);
#2370=PLANE('',#15208);
#2371=PLANE('',#15209);
#2372=PLANE('',#15210);
#2373=PLANE('',#15211);
#2374=PLANE('',#15212);
#2375=PLANE('',#15213);
#2376=PLANE('',#15214);
#2377=PLANE('',#15215);
#2378=PLANE('',#15216);
#2379=PLANE('',#15217);
#2380=PLANE('',#15218);
#2381=PLANE('',#15219);
#2382=PLANE('',#15220);
#2383=PLANE('',#15221);
#2384=PLANE('',#15222);
#2385=PLANE('',#15223);
#2386=PLANE('',#15224);
#2387=PLANE('',#15225);
#2388=PLANE('',#15226);
#2389=PLANE('',#15227);
#2390=PLANE('',#15228);
#2391=PLANE('',#15229);
#2392=PLANE('',#15230);
#2393=PLANE('',#15231);
#2394=PLANE('',#15232);
#2395=PLANE('',#15233);
#2396=PLANE('',#15234);
#2397=PLANE('',#15235);
#2398=PLANE('',#15236);
#2399=PLANE('',#15237);
#2400=PLANE('',#15238);
#2401=PLANE('',#15239);
#2402=PLANE('',#15240);
#2403=PLANE('',#15241);
#2404=PLANE('',#15242);
#2405=PLANE('',#15243);
#2406=PLANE('',#15244);
#2407=PLANE('',#15245);
#2408=PLANE('',#15246);
#2409=PLANE('',#15247);
#2410=PLANE('',#15248);
#2411=PLANE('',#15249);
#2412=PLANE('',#15250);
#2413=PLANE('',#15251);
#2414=PLANE('',#15252);
#2415=PLANE('',#15253);
#2416=PLANE('',#15254);
#2417=PLANE('',#15255);
#2418=PLANE('',#15256);
#2419=PLANE('',#15257);
#2420=PLANE('',#15258);
#2421=PLANE('',#15259);
#2422=PLANE('',#15260);
#2423=PLANE('',#15261);
#2424=PLANE('',#15262);
#2425=PLANE('',#15263);
#2426=PLANE('',#15264);
#2427=PLANE('',#15265);
#2428=PLANE('',#15266);
#2429=PLANE('',#15267);
#2430=PLANE('',#15268);
#2431=PLANE('',#15269);
#2432=PLANE('',#15270);
#2433=PLANE('',#15271);
#2434=PLANE('',#15272);
#2435=PLANE('',#15273);
#2436=PLANE('',#15274);
#2437=PLANE('',#15275);
#2438=PLANE('',#15276);
#2439=PLANE('',#15277);
#2440=PLANE('',#15278);
#2441=PLANE('',#15279);
#2442=PLANE('',#15280);
#2443=PLANE('',#15281);
#2444=PLANE('',#15282);
#2445=PLANE('',#15283);
#2446=PLANE('',#15284);
#2447=PLANE('',#15285);
#2448=PLANE('',#15286);
#2449=PLANE('',#15287);
#2450=PLANE('',#15288);
#2451=PLANE('',#15289);
#2452=PLANE('',#15290);
#2453=PLANE('',#15291);
#2454=PLANE('',#15292);
#2455=PLANE('',#15293);
#2456=PLANE('',#15294);
#2457=PLANE('',#15295);
#2458=PLANE('',#15296);
#2459=PLANE('',#15297);
#2460=PLANE('',#15298);
#2461=PLANE('',#15299);
#2462=PLANE('',#15300);
#2463=PLANE('',#15301);
#2464=PLANE('',#15302);
#2465=PLANE('',#15303);
#2466=PLANE('',#15304);
#2467=PLANE('',#15305);
#2468=PLANE('',#15306);
#2469=PLANE('',#15307);
#2470=PLANE('',#15308);
#2471=PLANE('',#15309);
#2472=PLANE('',#15310);
#2473=PLANE('',#15311);
#2474=PLANE('',#15312);
#2475=PLANE('',#15313);
#2476=PLANE('',#15314);
#2477=PLANE('',#15315);
#2478=PLANE('',#15316);
#2479=PLANE('',#15317);
#2480=PLANE('',#15318);
#2481=PLANE('',#15319);
#2482=PLANE('',#15320);
#2483=PLANE('',#15321);
#2484=PLANE('',#15322);
#2485=PLANE('',#15323);
#2486=PLANE('',#15324);
#2487=PLANE('',#15325);
#2488=PLANE('',#15326);
#2489=PLANE('',#15327);
#2490=PLANE('',#15328);
#2491=PLANE('',#15329);
#2492=PLANE('',#15330);
#2493=PLANE('',#15331);
#2494=PLANE('',#15332);
#2495=PLANE('',#15333);
#2496=PLANE('',#15334);
#2497=PLANE('',#15335);
#2498=PLANE('',#15336);
#2499=PLANE('',#15337);
#2500=PLANE('',#15338);
#2501=PLANE('',#15339);
#2502=PLANE('',#15340);
#2503=PLANE('',#15341);
#2504=PLANE('',#15342);
#2505=PLANE('',#15343);
#2506=PLANE('',#15344);
#2507=PLANE('',#15345);
#2508=PLANE('',#15346);
#2509=PLANE('',#15347);
#2510=PLANE('',#15348);
#2511=PLANE('',#15349);
#2512=PLANE('',#15350);
#2513=PLANE('',#15351);
#2514=PLANE('',#15352);
#2515=PLANE('',#15353);
#2516=PLANE('',#15354);
#2517=PLANE('',#15355);
#2518=PLANE('',#15356);
#2519=PLANE('',#15357);
#2520=PLANE('',#15358);
#2521=PLANE('',#15359);
#2522=PLANE('',#15360);
#2523=PLANE('',#15361);
#2524=PLANE('',#15362);
#2525=PLANE('',#15363);
#2526=PLANE('',#15364);
#2527=PLANE('',#15365);
#2528=PLANE('',#15366);
#2529=PLANE('',#15367);
#2530=PLANE('',#15368);
#2531=PLANE('',#15369);
#2532=PLANE('',#15370);
#2533=PLANE('',#15371);
#2534=PLANE('',#15372);
#2535=PLANE('',#15373);
#2536=PLANE('',#15374);
#2537=PLANE('',#15375);
#2538=PLANE('',#15376);
#2539=PLANE('',#15377);
#2540=PLANE('',#15378);
#2541=PLANE('',#15379);
#2542=PLANE('',#15380);
#2543=PLANE('',#15381);
#2544=PLANE('',#15382);
#2545=PLANE('',#15383);
#2546=PLANE('',#15384);
#2547=PLANE('',#15385);
#2548=PLANE('',#15386);
#2549=PLANE('',#15387);
#2550=PLANE('',#15388);
#2551=PLANE('',#15389);
#2552=PLANE('',#15390);
#2553=PLANE('',#15391);
#2554=PLANE('',#15392);
#2555=PLANE('',#15393);
#2556=PLANE('',#15394);
#2557=PLANE('',#15395);
#2558=PLANE('',#15396);
#2559=PLANE('',#15397);
#2560=PLANE('',#15398);
#2561=PLANE('',#15399);
#2562=PLANE('',#15400);
#2563=PLANE('',#15401);
#2564=PLANE('',#15402);
#2565=PLANE('',#15403);
#2566=PLANE('',#15404);
#2567=PLANE('',#15405);
#2568=PLANE('',#15406);
#2569=PLANE('',#15407);
#2570=PLANE('',#15408);
#2571=PLANE('',#15409);
#2572=PLANE('',#15410);
#2573=PLANE('',#15411);
#2574=PLANE('',#15412);
#2575=PLANE('',#15413);
#2576=PLANE('',#15414);
#2577=PLANE('',#15415);
#2578=PLANE('',#15416);
#2579=PLANE('',#15417);
#2580=PLANE('',#15418);
#2581=PLANE('',#15419);
#2582=PLANE('',#15420);
#2583=PLANE('',#15421);
#2584=PLANE('',#15422);
#2585=PLANE('',#15423);
#2586=PLANE('',#15424);
#2587=PLANE('',#15425);
#2588=PLANE('',#15426);
#2589=PLANE('',#15427);
#2590=PLANE('',#15428);
#2591=PLANE('',#15429);
#2592=PLANE('',#15430);
#2593=PLANE('',#15431);
#2594=PLANE('',#15432);
#2595=PLANE('',#15433);
#2596=PLANE('',#15434);
#2597=PLANE('',#15435);
#2598=PLANE('',#15436);
#2599=PLANE('',#15437);
#2600=PLANE('',#15438);
#2601=PLANE('',#15439);
#2602=PLANE('',#15440);
#2603=PLANE('',#15441);
#2604=PLANE('',#15442);
#2605=PLANE('',#15443);
#2606=PLANE('',#15444);
#2607=PLANE('',#15445);
#2608=PLANE('',#15446);
#2609=PLANE('',#15447);
#2610=PLANE('',#15448);
#2611=PLANE('',#15449);
#2612=PLANE('',#15450);
#2613=PLANE('',#15451);
#2614=PLANE('',#15452);
#2615=PLANE('',#15453);
#2616=PLANE('',#15454);
#2617=PLANE('',#15455);
#2618=PLANE('',#15456);
#2619=PLANE('',#15457);
#2620=PLANE('',#15458);
#2621=PLANE('',#15459);
#2622=PLANE('',#15460);
#2623=PLANE('',#15461);
#2624=PLANE('',#15462);
#2625=PLANE('',#15463);
#2626=PLANE('',#15464);
#2627=PLANE('',#15465);
#2628=PLANE('',#15466);
#2629=PLANE('',#15467);
#2630=PLANE('',#15468);
#2631=PLANE('',#15469);
#2632=PLANE('',#15470);
#2633=PLANE('',#15471);
#2634=PLANE('',#15472);
#2635=PLANE('',#15473);
#2636=PLANE('',#15474);
#2637=PLANE('',#15475);
#2638=PLANE('',#15476);
#2639=PLANE('',#15477);
#2640=PLANE('',#15478);
#2641=PLANE('',#15479);
#2642=PLANE('',#15480);
#2643=PLANE('',#15481);
#2644=PLANE('',#15482);
#2645=PLANE('',#15483);
#2646=PLANE('',#15484);
#2647=PLANE('',#15485);
#2648=PLANE('',#15486);
#2649=PLANE('',#15487);
#2650=PLANE('',#15488);
#2651=PLANE('',#15489);
#2652=PLANE('',#15490);
#2653=PLANE('',#15491);
#2654=PLANE('',#15492);
#2655=PLANE('',#15493);
#2656=PLANE('',#15494);
#2657=PLANE('',#15495);
#2658=PLANE('',#15496);
#2659=PLANE('',#15497);
#2660=PLANE('',#15498);
#2661=PLANE('',#15499);
#2662=PLANE('',#15500);
#2663=PLANE('',#15501);
#2664=PLANE('',#15502);
#2665=PLANE('',#15503);
#2666=PLANE('',#15504);
#2667=PLANE('',#15505);
#2668=PLANE('',#15506);
#2669=PLANE('',#15507);
#2670=PLANE('',#15508);
#2671=PLANE('',#15509);
#2672=PLANE('',#15510);
#2673=PLANE('',#15511);
#2674=PLANE('',#15512);
#2675=PLANE('',#15513);
#2676=PLANE('',#15514);
#2677=PLANE('',#15515);
#2678=PLANE('',#15516);
#2679=PLANE('',#15517);
#2680=PLANE('',#15518);
#2681=PLANE('',#15519);
#2682=PLANE('',#15520);
#2683=PLANE('',#15521);
#2684=PLANE('',#15522);
#2685=PLANE('',#15523);
#2686=PLANE('',#15524);
#2687=PLANE('',#15525);
#2688=PLANE('',#15526);
#2689=PLANE('',#15527);
#2690=PLANE('',#15528);
#2691=PLANE('',#15529);
#2692=PLANE('',#15530);
#2693=PLANE('',#15531);
#2694=PLANE('',#15532);
#2695=PLANE('',#15533);
#2696=PLANE('',#15534);
#2697=PLANE('',#15535);
#2698=PLANE('',#15536);
#2699=PLANE('',#15537);
#2700=PLANE('',#15538);
#2701=PLANE('',#15539);
#2702=PLANE('',#15540);
#2703=PLANE('',#15541);
#2704=PLANE('',#15542);
#2705=PLANE('',#15543);
#2706=PLANE('',#15544);
#2707=PLANE('',#15545);
#2708=PLANE('',#15546);
#2709=PLANE('',#15547);
#2710=PLANE('',#15548);
#2711=PLANE('',#15549);
#2712=PLANE('',#15550);
#2713=PLANE('',#15551);
#2714=PLANE('',#15552);
#2715=PLANE('',#15553);
#2716=PLANE('',#15554);
#2717=PLANE('',#15555);
#2718=PLANE('',#15556);
#2719=PLANE('',#15557);
#2720=PLANE('',#15558);
#2721=PLANE('',#15559);
#2722=PLANE('',#15560);
#2723=PLANE('',#15561);
#2724=PLANE('',#15562);
#2725=PLANE('',#15563);
#2726=PLANE('',#15564);
#2727=PLANE('',#15565);
#2728=PLANE('',#15566);
#2729=PLANE('',#15567);
#2730=PLANE('',#15568);
#2731=PLANE('',#15569);
#2732=PLANE('',#15570);
#2733=PLANE('',#15571);
#2734=PLANE('',#15572);
#2735=PLANE('',#15573);
#2736=PLANE('',#15574);
#2737=PLANE('',#15575);
#2738=PLANE('',#15576);
#2739=PLANE('',#15577);
#2740=PLANE('',#15578);
#2741=PLANE('',#15579);
#2742=PLANE('',#15580);
#2743=PLANE('',#15581);
#2744=PLANE('',#15582);
#2745=PLANE('',#15583);
#2746=PLANE('',#15584);
#2747=PLANE('',#15585);
#2748=PLANE('',#15586);
#2749=PLANE('',#15587);
#2750=PLANE('',#15588);
#2751=PLANE('',#15589);
#2752=PLANE('',#15590);
#2753=PLANE('',#15591);
#2754=PLANE('',#15592);
#2755=PLANE('',#15593);
#2756=PLANE('',#15594);
#2757=PLANE('',#15595);
#2758=PLANE('',#15596);
#2759=PLANE('',#15597);
#2760=PLANE('',#15598);
#2761=PLANE('',#15599);
#2762=PLANE('',#15600);
#2763=PLANE('',#15601);
#2764=PLANE('',#15602);
#2765=PLANE('',#15603);
#2766=PLANE('',#15604);
#2767=PLANE('',#15605);
#2768=PLANE('',#15606);
#2769=PLANE('',#15607);
#2770=PLANE('',#15608);
#2771=PLANE('',#15609);
#2772=PLANE('',#15610);
#2773=PLANE('',#15611);
#2774=PLANE('',#15612);
#2775=PLANE('',#15613);
#2776=PLANE('',#15614);
#2777=PLANE('',#15615);
#2778=PLANE('',#15616);
#2779=PLANE('',#15617);
#2780=PLANE('',#15618);
#2781=PLANE('',#15619);
#2782=PLANE('',#15620);
#2783=PLANE('',#15621);
#2784=PLANE('',#15622);
#2785=PLANE('',#15623);
#2786=PLANE('',#15624);
#2787=PLANE('',#15625);
#2788=PLANE('',#15626);
#2789=PLANE('',#15627);
#2790=PLANE('',#15628);
#2791=PLANE('',#15629);
#2792=PLANE('',#15630);
#2793=PLANE('',#15631);
#2794=PLANE('',#15632);
#2795=PLANE('',#15633);
#2796=PLANE('',#15634);
#2797=PLANE('',#15635);
#2798=PLANE('',#15636);
#2799=PLANE('',#15637);
#2800=PLANE('',#15638);
#2801=PLANE('',#15639);
#2802=PLANE('',#15640);
#2803=PLANE('',#15641);
#2804=PLANE('',#15642);
#2805=PLANE('',#15643);
#2806=PLANE('',#15644);
#2807=PLANE('',#15645);
#2808=PLANE('',#15646);
#2809=PLANE('',#15647);
#2810=PLANE('',#15648);
#2811=PLANE('',#15649);
#2812=PLANE('',#15650);
#2813=PLANE('',#15651);
#2814=PLANE('',#15652);
#2815=PLANE('',#15653);
#2816=PLANE('',#15654);
#2817=PLANE('',#15655);
#2818=PLANE('',#15656);
#2819=PLANE('',#15657);
#2820=PLANE('',#15658);
#2821=PLANE('',#15659);
#2822=PLANE('',#15660);
#2823=PLANE('',#15661);
#2824=PLANE('',#15662);
#2825=PLANE('',#15663);
#2826=PLANE('',#15664);
#2827=PLANE('',#15665);
#2828=PLANE('',#15666);
#2829=PLANE('',#15667);
#2830=PLANE('',#15668);
#2831=PLANE('',#15669);
#2832=PLANE('',#15670);
#2833=PLANE('',#15671);
#2834=PLANE('',#15672);
#2835=PLANE('',#15673);
#2836=PLANE('',#15674);
#2837=PLANE('',#15675);
#2838=PLANE('',#15676);
#2839=PLANE('',#15677);
#2840=PLANE('',#15678);
#2841=PLANE('',#15679);
#2842=PLANE('',#15680);
#2843=PLANE('',#15681);
#2844=PLANE('',#15682);
#2845=PLANE('',#15683);
#2846=PLANE('',#15684);
#2847=PLANE('',#15685);
#2848=PLANE('',#15686);
#2849=PLANE('',#15687);
#2850=PLANE('',#15688);
#2851=PLANE('',#15689);
#2852=PLANE('',#15690);
#2853=PLANE('',#15691);
#2854=PLANE('',#15692);
#2855=PLANE('',#15693);
#2856=PLANE('',#15694);
#2857=PLANE('',#15823);
#2858=PLANE('',#15824);
#2859=PLANE('',#15825);
#2860=PLANE('',#15826);
#2861=PLANE('',#15827);
#2862=PLANE('',#15828);
#2863=PLANE('',#15861);
#2864=PLANE('',#15862);
#2865=PLANE('',#15895);
#2866=PLANE('',#15928);
#2867=PLANE('',#15929);
#2868=PLANE('',#15962);
#2869=PLANE('',#15963);
#2870=PLANE('',#15964);
#2871=PLANE('',#15965);
#2872=PLANE('',#15966);
#2873=PLANE('',#15967);
#2874=PLANE('',#15968);
#2875=PLANE('',#15969);
#2876=PLANE('',#15970);
#2877=PLANE('',#15971);
#2878=PLANE('',#16100);
#2879=PLANE('',#16101);
#2880=PLANE('',#16102);
#2881=PLANE('',#16103);
#2882=PLANE('',#16104);
#2883=PLANE('',#16105);
#2884=PLANE('',#16106);
#2885=PLANE('',#16107);
#2886=PLANE('',#16108);
#2887=PLANE('',#16109);
#2888=PLANE('',#16110);
#2889=PLANE('',#16111);
#2890=PLANE('',#16112);
#2891=PLANE('',#16113);
#2892=PLANE('',#16114);
#2893=PLANE('',#16115);
#2894=PLANE('',#16116);
#2895=PLANE('',#16117);
#2896=PLANE('',#16118);
#2897=PLANE('',#16119);
#2898=PLANE('',#16120);
#2899=PLANE('',#16121);
#2900=PLANE('',#16122);
#2901=PLANE('',#16123);
#2902=PLANE('',#16124);
#2903=PLANE('',#16125);
#2904=PLANE('',#16126);
#2905=PLANE('',#16127);
#2906=PLANE('',#16128);
#2907=PLANE('',#16129);
#2908=PLANE('',#16130);
#2909=PLANE('',#16131);
#2910=PLANE('',#16132);
#2911=PLANE('',#16133);
#2912=PLANE('',#16134);
#2913=PLANE('',#16135);
#2914=PLANE('',#16136);
#2915=PLANE('',#16137);
#2916=PLANE('',#16138);
#2917=PLANE('',#16139);
#2918=PLANE('',#16140);
#2919=PLANE('',#16141);
#2920=PLANE('',#16142);
#2921=FACE_OUTER_BOUND('',#3571,.T.);
#2922=FACE_OUTER_BOUND('',#3572,.T.);
#2923=FACE_OUTER_BOUND('',#3573,.T.);
#2924=FACE_OUTER_BOUND('',#3574,.T.);
#2925=FACE_OUTER_BOUND('',#3575,.T.);
#2926=FACE_OUTER_BOUND('',#3576,.T.);
#2927=FACE_OUTER_BOUND('',#3577,.T.);
#2928=FACE_OUTER_BOUND('',#3578,.T.);
#2929=FACE_OUTER_BOUND('',#3579,.T.);
#2930=FACE_OUTER_BOUND('',#3580,.T.);
#2931=FACE_OUTER_BOUND('',#3581,.T.);
#2932=FACE_OUTER_BOUND('',#3582,.T.);
#2933=FACE_OUTER_BOUND('',#3583,.T.);
#2934=FACE_OUTER_BOUND('',#3584,.T.);
#2935=FACE_OUTER_BOUND('',#3585,.T.);
#2936=FACE_OUTER_BOUND('',#3586,.T.);
#2937=FACE_OUTER_BOUND('',#3587,.T.);
#2938=FACE_OUTER_BOUND('',#3588,.T.);
#2939=FACE_OUTER_BOUND('',#3589,.T.);
#2940=FACE_OUTER_BOUND('',#3590,.T.);
#2941=FACE_OUTER_BOUND('',#3591,.T.);
#2942=FACE_OUTER_BOUND('',#3592,.T.);
#2943=FACE_OUTER_BOUND('',#3593,.T.);
#2944=FACE_OUTER_BOUND('',#3594,.T.);
#2945=FACE_OUTER_BOUND('',#3595,.T.);
#2946=FACE_OUTER_BOUND('',#3596,.T.);
#2947=FACE_OUTER_BOUND('',#3597,.T.);
#2948=FACE_OUTER_BOUND('',#3598,.T.);
#2949=FACE_OUTER_BOUND('',#3599,.T.);
#2950=FACE_OUTER_BOUND('',#3600,.T.);
#2951=FACE_OUTER_BOUND('',#3601,.T.);
#2952=FACE_OUTER_BOUND('',#3602,.T.);
#2953=FACE_OUTER_BOUND('',#3603,.T.);
#2954=FACE_OUTER_BOUND('',#3604,.T.);
#2955=FACE_OUTER_BOUND('',#3605,.T.);
#2956=FACE_OUTER_BOUND('',#3606,.T.);
#2957=FACE_OUTER_BOUND('',#3607,.T.);
#2958=FACE_OUTER_BOUND('',#3608,.T.);
#2959=FACE_OUTER_BOUND('',#3609,.T.);
#2960=FACE_OUTER_BOUND('',#3610,.T.);
#2961=FACE_OUTER_BOUND('',#3611,.T.);
#2962=FACE_OUTER_BOUND('',#3612,.T.);
#2963=FACE_OUTER_BOUND('',#3613,.T.);
#2964=FACE_OUTER_BOUND('',#3614,.T.);
#2965=FACE_OUTER_BOUND('',#3615,.T.);
#2966=FACE_OUTER_BOUND('',#3616,.T.);
#2967=FACE_OUTER_BOUND('',#3617,.T.);
#2968=FACE_OUTER_BOUND('',#3618,.T.);
#2969=FACE_OUTER_BOUND('',#3619,.T.);
#2970=FACE_OUTER_BOUND('',#3620,.T.);
#2971=FACE_OUTER_BOUND('',#3621,.T.);
#2972=FACE_OUTER_BOUND('',#3622,.T.);
#2973=FACE_OUTER_BOUND('',#3623,.T.);
#2974=FACE_OUTER_BOUND('',#3624,.T.);
#2975=FACE_OUTER_BOUND('',#3625,.T.);
#2976=FACE_OUTER_BOUND('',#3626,.T.);
#2977=FACE_OUTER_BOUND('',#3627,.T.);
#2978=FACE_OUTER_BOUND('',#3628,.T.);
#2979=FACE_OUTER_BOUND('',#3629,.T.);
#2980=FACE_OUTER_BOUND('',#3630,.T.);
#2981=FACE_OUTER_BOUND('',#3631,.T.);
#2982=FACE_OUTER_BOUND('',#3632,.T.);
#2983=FACE_OUTER_BOUND('',#3633,.T.);
#2984=FACE_OUTER_BOUND('',#3634,.T.);
#2985=FACE_OUTER_BOUND('',#3635,.T.);
#2986=FACE_OUTER_BOUND('',#3636,.T.);
#2987=FACE_OUTER_BOUND('',#3637,.T.);
#2988=FACE_OUTER_BOUND('',#3638,.T.);
#2989=FACE_OUTER_BOUND('',#3639,.T.);
#2990=FACE_OUTER_BOUND('',#3640,.T.);
#2991=FACE_OUTER_BOUND('',#3641,.T.);
#2992=FACE_OUTER_BOUND('',#3642,.T.);
#2993=FACE_OUTER_BOUND('',#3643,.T.);
#2994=FACE_OUTER_BOUND('',#3644,.T.);
#2995=FACE_OUTER_BOUND('',#3645,.T.);
#2996=FACE_OUTER_BOUND('',#3646,.T.);
#2997=FACE_OUTER_BOUND('',#3647,.T.);
#2998=FACE_OUTER_BOUND('',#3648,.T.);
#2999=FACE_OUTER_BOUND('',#3649,.T.);
#3000=FACE_OUTER_BOUND('',#3650,.T.);
#3001=FACE_OUTER_BOUND('',#3651,.T.);
#3002=FACE_OUTER_BOUND('',#3652,.T.);
#3003=FACE_OUTER_BOUND('',#3653,.T.);
#3004=FACE_OUTER_BOUND('',#3654,.T.);
#3005=FACE_OUTER_BOUND('',#3655,.T.);
#3006=FACE_OUTER_BOUND('',#3656,.T.);
#3007=FACE_OUTER_BOUND('',#3657,.T.);
#3008=FACE_OUTER_BOUND('',#3658,.T.);
#3009=FACE_OUTER_BOUND('',#3659,.T.);
#3010=FACE_OUTER_BOUND('',#3660,.T.);
#3011=FACE_OUTER_BOUND('',#3661,.T.);
#3012=FACE_OUTER_BOUND('',#3662,.T.);
#3013=FACE_OUTER_BOUND('',#3663,.T.);
#3014=FACE_OUTER_BOUND('',#3664,.T.);
#3015=FACE_OUTER_BOUND('',#3665,.T.);
#3016=FACE_OUTER_BOUND('',#3666,.T.);
#3017=FACE_OUTER_BOUND('',#3667,.T.);
#3018=FACE_OUTER_BOUND('',#3668,.T.);
#3019=FACE_OUTER_BOUND('',#3669,.T.);
#3020=FACE_OUTER_BOUND('',#3670,.T.);
#3021=FACE_OUTER_BOUND('',#3671,.T.);
#3022=FACE_OUTER_BOUND('',#3672,.T.);
#3023=FACE_OUTER_BOUND('',#3673,.T.);
#3024=FACE_OUTER_BOUND('',#3674,.T.);
#3025=FACE_OUTER_BOUND('',#3675,.T.);
#3026=FACE_OUTER_BOUND('',#3676,.T.);
#3027=FACE_OUTER_BOUND('',#3677,.T.);
#3028=FACE_OUTER_BOUND('',#3678,.T.);
#3029=FACE_OUTER_BOUND('',#3679,.T.);
#3030=FACE_OUTER_BOUND('',#3680,.T.);
#3031=FACE_OUTER_BOUND('',#3681,.T.);
#3032=FACE_OUTER_BOUND('',#3682,.T.);
#3033=FACE_OUTER_BOUND('',#3683,.T.);
#3034=FACE_OUTER_BOUND('',#3684,.T.);
#3035=FACE_OUTER_BOUND('',#3685,.T.);
#3036=FACE_OUTER_BOUND('',#3686,.T.);
#3037=FACE_OUTER_BOUND('',#3687,.T.);
#3038=FACE_OUTER_BOUND('',#3688,.T.);
#3039=FACE_OUTER_BOUND('',#3689,.T.);
#3040=FACE_OUTER_BOUND('',#3690,.T.);
#3041=FACE_OUTER_BOUND('',#3691,.T.);
#3042=FACE_OUTER_BOUND('',#3692,.T.);
#3043=FACE_OUTER_BOUND('',#3693,.T.);
#3044=FACE_OUTER_BOUND('',#3694,.T.);
#3045=FACE_OUTER_BOUND('',#3695,.T.);
#3046=FACE_OUTER_BOUND('',#3696,.T.);
#3047=FACE_OUTER_BOUND('',#3697,.T.);
#3048=FACE_OUTER_BOUND('',#3698,.T.);
#3049=FACE_OUTER_BOUND('',#3699,.T.);
#3050=FACE_OUTER_BOUND('',#3700,.T.);
#3051=FACE_OUTER_BOUND('',#3701,.T.);
#3052=FACE_OUTER_BOUND('',#3702,.T.);
#3053=FACE_OUTER_BOUND('',#3703,.T.);
#3054=FACE_OUTER_BOUND('',#3704,.T.);
#3055=FACE_OUTER_BOUND('',#3705,.T.);
#3056=FACE_OUTER_BOUND('',#3706,.T.);
#3057=FACE_OUTER_BOUND('',#3707,.T.);
#3058=FACE_OUTER_BOUND('',#3708,.T.);
#3059=FACE_OUTER_BOUND('',#3709,.T.);
#3060=FACE_OUTER_BOUND('',#3710,.T.);
#3061=FACE_OUTER_BOUND('',#3711,.T.);
#3062=FACE_OUTER_BOUND('',#3712,.T.);
#3063=FACE_OUTER_BOUND('',#3713,.T.);
#3064=FACE_OUTER_BOUND('',#3714,.T.);
#3065=FACE_OUTER_BOUND('',#3715,.T.);
#3066=FACE_OUTER_BOUND('',#3716,.T.);
#3067=FACE_OUTER_BOUND('',#3717,.T.);
#3068=FACE_OUTER_BOUND('',#3718,.T.);
#3069=FACE_OUTER_BOUND('',#3719,.T.);
#3070=FACE_OUTER_BOUND('',#3720,.T.);
#3071=FACE_OUTER_BOUND('',#3721,.T.);
#3072=FACE_OUTER_BOUND('',#3722,.T.);
#3073=FACE_OUTER_BOUND('',#3723,.T.);
#3074=FACE_OUTER_BOUND('',#3724,.T.);
#3075=FACE_OUTER_BOUND('',#3725,.T.);
#3076=FACE_OUTER_BOUND('',#3726,.T.);
#3077=FACE_OUTER_BOUND('',#3727,.T.);
#3078=FACE_OUTER_BOUND('',#3728,.T.);
#3079=FACE_OUTER_BOUND('',#3729,.T.);
#3080=FACE_OUTER_BOUND('',#3730,.T.);
#3081=FACE_OUTER_BOUND('',#3731,.T.);
#3082=FACE_OUTER_BOUND('',#3732,.T.);
#3083=FACE_OUTER_BOUND('',#3733,.T.);
#3084=FACE_OUTER_BOUND('',#3734,.T.);
#3085=FACE_OUTER_BOUND('',#3735,.T.);
#3086=FACE_OUTER_BOUND('',#3736,.T.);
#3087=FACE_OUTER_BOUND('',#3737,.T.);
#3088=FACE_OUTER_BOUND('',#3738,.T.);
#3089=FACE_OUTER_BOUND('',#3739,.T.);
#3090=FACE_OUTER_BOUND('',#3740,.T.);
#3091=FACE_OUTER_BOUND('',#3741,.T.);
#3092=FACE_OUTER_BOUND('',#3742,.T.);
#3093=FACE_OUTER_BOUND('',#3743,.T.);
#3094=FACE_OUTER_BOUND('',#3744,.T.);
#3095=FACE_OUTER_BOUND('',#3745,.T.);
#3096=FACE_OUTER_BOUND('',#3746,.T.);
#3097=FACE_OUTER_BOUND('',#3747,.T.);
#3098=FACE_OUTER_BOUND('',#3748,.T.);
#3099=FACE_OUTER_BOUND('',#3749,.T.);
#3100=FACE_OUTER_BOUND('',#3750,.T.);
#3101=FACE_OUTER_BOUND('',#3751,.T.);
#3102=FACE_OUTER_BOUND('',#3752,.T.);
#3103=FACE_OUTER_BOUND('',#3753,.T.);
#3104=FACE_OUTER_BOUND('',#3754,.T.);
#3105=FACE_OUTER_BOUND('',#3755,.T.);
#3106=FACE_OUTER_BOUND('',#3756,.T.);
#3107=FACE_OUTER_BOUND('',#3757,.T.);
#3108=FACE_OUTER_BOUND('',#3758,.T.);
#3109=FACE_OUTER_BOUND('',#3759,.T.);
#3110=FACE_OUTER_BOUND('',#3760,.T.);
#3111=FACE_OUTER_BOUND('',#3761,.T.);
#3112=FACE_OUTER_BOUND('',#3762,.T.);
#3113=FACE_OUTER_BOUND('',#3763,.T.);
#3114=FACE_OUTER_BOUND('',#3764,.T.);
#3115=FACE_OUTER_BOUND('',#3765,.T.);
#3116=FACE_OUTER_BOUND('',#3766,.T.);
#3117=FACE_OUTER_BOUND('',#3767,.T.);
#3118=FACE_OUTER_BOUND('',#3768,.T.);
#3119=FACE_OUTER_BOUND('',#3769,.T.);
#3120=FACE_OUTER_BOUND('',#3770,.T.);
#3121=FACE_OUTER_BOUND('',#3771,.T.);
#3122=FACE_OUTER_BOUND('',#3772,.T.);
#3123=FACE_OUTER_BOUND('',#3773,.T.);
#3124=FACE_OUTER_BOUND('',#3774,.T.);
#3125=FACE_OUTER_BOUND('',#3775,.T.);
#3126=FACE_OUTER_BOUND('',#3776,.T.);
#3127=FACE_OUTER_BOUND('',#3777,.T.);
#3128=FACE_OUTER_BOUND('',#3778,.T.);
#3129=FACE_OUTER_BOUND('',#3779,.T.);
#3130=FACE_OUTER_BOUND('',#3780,.T.);
#3131=FACE_OUTER_BOUND('',#3781,.T.);
#3132=FACE_OUTER_BOUND('',#3855,.T.);
#3133=FACE_OUTER_BOUND('',#3856,.T.);
#3134=FACE_OUTER_BOUND('',#3857,.T.);
#3135=FACE_OUTER_BOUND('',#3858,.T.);
#3136=FACE_OUTER_BOUND('',#3891,.T.);
#3137=FACE_OUTER_BOUND('',#3892,.T.);
#3138=FACE_OUTER_BOUND('',#3893,.T.);
#3139=FACE_OUTER_BOUND('',#3894,.T.);
#3140=FACE_OUTER_BOUND('',#3906,.T.);
#3141=FACE_OUTER_BOUND('',#3907,.T.);
#3142=FACE_OUTER_BOUND('',#3908,.T.);
#3143=FACE_OUTER_BOUND('',#3909,.T.);
#3144=FACE_OUTER_BOUND('',#3910,.T.);
#3145=FACE_OUTER_BOUND('',#3911,.T.);
#3146=FACE_OUTER_BOUND('',#3912,.T.);
#3147=FACE_OUTER_BOUND('',#3913,.T.);
#3148=FACE_OUTER_BOUND('',#3914,.T.);
#3149=FACE_OUTER_BOUND('',#3915,.T.);
#3150=FACE_OUTER_BOUND('',#3916,.T.);
#3151=FACE_OUTER_BOUND('',#3917,.T.);
#3152=FACE_OUTER_BOUND('',#3918,.T.);
#3153=FACE_OUTER_BOUND('',#3919,.T.);
#3154=FACE_OUTER_BOUND('',#3920,.T.);
#3155=FACE_OUTER_BOUND('',#3921,.T.);
#3156=FACE_OUTER_BOUND('',#3922,.T.);
#3157=FACE_OUTER_BOUND('',#3923,.T.);
#3158=FACE_OUTER_BOUND('',#3924,.T.);
#3159=FACE_OUTER_BOUND('',#3925,.T.);
#3160=FACE_OUTER_BOUND('',#3926,.T.);
#3161=FACE_OUTER_BOUND('',#3927,.T.);
#3162=FACE_OUTER_BOUND('',#3928,.T.);
#3163=FACE_OUTER_BOUND('',#3929,.T.);
#3164=FACE_OUTER_BOUND('',#3930,.T.);
#3165=FACE_OUTER_BOUND('',#3931,.T.);
#3166=FACE_OUTER_BOUND('',#3932,.T.);
#3167=FACE_OUTER_BOUND('',#3933,.T.);
#3168=FACE_OUTER_BOUND('',#3934,.T.);
#3169=FACE_OUTER_BOUND('',#3935,.T.);
#3170=FACE_OUTER_BOUND('',#3936,.T.);
#3171=FACE_OUTER_BOUND('',#3937,.T.);
#3172=FACE_OUTER_BOUND('',#3938,.T.);
#3173=FACE_OUTER_BOUND('',#3939,.T.);
#3174=FACE_OUTER_BOUND('',#3940,.T.);
#3175=FACE_OUTER_BOUND('',#3941,.T.);
#3176=FACE_OUTER_BOUND('',#3942,.T.);
#3177=FACE_OUTER_BOUND('',#3943,.T.);
#3178=FACE_OUTER_BOUND('',#3944,.T.);
#3179=FACE_OUTER_BOUND('',#3945,.T.);
#3180=FACE_OUTER_BOUND('',#3946,.T.);
#3181=FACE_OUTER_BOUND('',#3947,.T.);
#3182=FACE_OUTER_BOUND('',#3948,.T.);
#3183=FACE_OUTER_BOUND('',#3949,.T.);
#3184=FACE_OUTER_BOUND('',#3950,.T.);
#3185=FACE_OUTER_BOUND('',#3951,.T.);
#3186=FACE_OUTER_BOUND('',#3952,.T.);
#3187=FACE_OUTER_BOUND('',#3953,.T.);
#3188=FACE_OUTER_BOUND('',#3954,.T.);
#3189=FACE_OUTER_BOUND('',#3955,.T.);
#3190=FACE_OUTER_BOUND('',#3956,.T.);
#3191=FACE_OUTER_BOUND('',#3957,.T.);
#3192=FACE_OUTER_BOUND('',#3958,.T.);
#3193=FACE_OUTER_BOUND('',#3959,.T.);
#3194=FACE_OUTER_BOUND('',#3960,.T.);
#3195=FACE_OUTER_BOUND('',#3961,.T.);
#3196=FACE_OUTER_BOUND('',#3964,.T.);
#3197=FACE_OUTER_BOUND('',#3965,.T.);
#3198=FACE_OUTER_BOUND('',#3966,.T.);
#3199=FACE_OUTER_BOUND('',#3967,.T.);
#3200=FACE_OUTER_BOUND('',#3968,.T.);
#3201=FACE_OUTER_BOUND('',#3969,.T.);
#3202=FACE_OUTER_BOUND('',#3970,.T.);
#3203=FACE_OUTER_BOUND('',#3971,.T.);
#3204=FACE_OUTER_BOUND('',#3972,.T.);
#3205=FACE_OUTER_BOUND('',#3973,.T.);
#3206=FACE_OUTER_BOUND('',#3974,.T.);
#3207=FACE_OUTER_BOUND('',#3975,.T.);
#3208=FACE_OUTER_BOUND('',#3976,.T.);
#3209=FACE_OUTER_BOUND('',#3977,.T.);
#3210=FACE_OUTER_BOUND('',#3978,.T.);
#3211=FACE_OUTER_BOUND('',#3979,.T.);
#3212=FACE_OUTER_BOUND('',#3980,.T.);
#3213=FACE_OUTER_BOUND('',#3981,.T.);
#3214=FACE_OUTER_BOUND('',#3982,.T.);
#3215=FACE_OUTER_BOUND('',#3983,.T.);
#3216=FACE_OUTER_BOUND('',#3984,.T.);
#3217=FACE_OUTER_BOUND('',#3985,.T.);
#3218=FACE_OUTER_BOUND('',#3986,.T.);
#3219=FACE_OUTER_BOUND('',#3987,.T.);
#3220=FACE_OUTER_BOUND('',#3988,.T.);
#3221=FACE_OUTER_BOUND('',#3989,.T.);
#3222=FACE_OUTER_BOUND('',#3990,.T.);
#3223=FACE_OUTER_BOUND('',#3991,.T.);
#3224=FACE_OUTER_BOUND('',#3992,.T.);
#3225=FACE_OUTER_BOUND('',#3993,.T.);
#3226=FACE_OUTER_BOUND('',#3994,.T.);
#3227=FACE_OUTER_BOUND('',#3995,.T.);
#3228=FACE_OUTER_BOUND('',#3996,.T.);
#3229=FACE_OUTER_BOUND('',#3997,.T.);
#3230=FACE_OUTER_BOUND('',#3998,.T.);
#3231=FACE_OUTER_BOUND('',#3999,.T.);
#3232=FACE_OUTER_BOUND('',#4000,.T.);
#3233=FACE_OUTER_BOUND('',#4001,.T.);
#3234=FACE_OUTER_BOUND('',#4002,.T.);
#3235=FACE_OUTER_BOUND('',#4003,.T.);
#3236=FACE_OUTER_BOUND('',#4004,.T.);
#3237=FACE_OUTER_BOUND('',#4005,.T.);
#3238=FACE_OUTER_BOUND('',#4006,.T.);
#3239=FACE_OUTER_BOUND('',#4007,.T.);
#3240=FACE_OUTER_BOUND('',#4008,.T.);
#3241=FACE_OUTER_BOUND('',#4009,.T.);
#3242=FACE_OUTER_BOUND('',#4010,.T.);
#3243=FACE_OUTER_BOUND('',#4011,.T.);
#3244=FACE_OUTER_BOUND('',#4012,.T.);
#3245=FACE_OUTER_BOUND('',#4013,.T.);
#3246=FACE_OUTER_BOUND('',#4014,.T.);
#3247=FACE_OUTER_BOUND('',#4015,.T.);
#3248=FACE_OUTER_BOUND('',#4016,.T.);
#3249=FACE_OUTER_BOUND('',#4017,.T.);
#3250=FACE_OUTER_BOUND('',#4018,.T.);
#3251=FACE_OUTER_BOUND('',#4019,.T.);
#3252=FACE_OUTER_BOUND('',#4020,.T.);
#3253=FACE_OUTER_BOUND('',#4021,.T.);
#3254=FACE_OUTER_BOUND('',#4022,.T.);
#3255=FACE_OUTER_BOUND('',#4023,.T.);
#3256=FACE_OUTER_BOUND('',#4024,.T.);
#3257=FACE_OUTER_BOUND('',#4025,.T.);
#3258=FACE_OUTER_BOUND('',#4026,.T.);
#3259=FACE_OUTER_BOUND('',#4027,.T.);
#3260=FACE_OUTER_BOUND('',#4028,.T.);
#3261=FACE_OUTER_BOUND('',#4029,.T.);
#3262=FACE_OUTER_BOUND('',#4030,.T.);
#3263=FACE_OUTER_BOUND('',#4031,.T.);
#3264=FACE_OUTER_BOUND('',#4032,.T.);
#3265=FACE_OUTER_BOUND('',#4033,.T.);
#3266=FACE_OUTER_BOUND('',#4034,.T.);
#3267=FACE_OUTER_BOUND('',#4035,.T.);
#3268=FACE_OUTER_BOUND('',#4036,.T.);
#3269=FACE_OUTER_BOUND('',#4037,.T.);
#3270=FACE_OUTER_BOUND('',#4038,.T.);
#3271=FACE_OUTER_BOUND('',#4039,.T.);
#3272=FACE_OUTER_BOUND('',#4040,.T.);
#3273=FACE_OUTER_BOUND('',#4041,.T.);
#3274=FACE_OUTER_BOUND('',#4042,.T.);
#3275=FACE_OUTER_BOUND('',#4043,.T.);
#3276=FACE_OUTER_BOUND('',#4044,.T.);
#3277=FACE_OUTER_BOUND('',#4045,.T.);
#3278=FACE_OUTER_BOUND('',#4046,.T.);
#3279=FACE_OUTER_BOUND('',#4047,.T.);
#3280=FACE_OUTER_BOUND('',#4048,.T.);
#3281=FACE_OUTER_BOUND('',#4049,.T.);
#3282=FACE_OUTER_BOUND('',#4050,.T.);
#3283=FACE_OUTER_BOUND('',#4051,.T.);
#3284=FACE_OUTER_BOUND('',#4052,.T.);
#3285=FACE_OUTER_BOUND('',#4053,.T.);
#3286=FACE_OUTER_BOUND('',#4054,.T.);
#3287=FACE_OUTER_BOUND('',#4055,.T.);
#3288=FACE_OUTER_BOUND('',#4056,.T.);
#3289=FACE_OUTER_BOUND('',#4057,.T.);
#3290=FACE_OUTER_BOUND('',#4058,.T.);
#3291=FACE_OUTER_BOUND('',#4059,.T.);
#3292=FACE_OUTER_BOUND('',#4060,.T.);
#3293=FACE_OUTER_BOUND('',#4061,.T.);
#3294=FACE_OUTER_BOUND('',#4062,.T.);
#3295=FACE_OUTER_BOUND('',#4063,.T.);
#3296=FACE_OUTER_BOUND('',#4064,.T.);
#3297=FACE_OUTER_BOUND('',#4065,.T.);
#3298=FACE_OUTER_BOUND('',#4066,.T.);
#3299=FACE_OUTER_BOUND('',#4067,.T.);
#3300=FACE_OUTER_BOUND('',#4068,.T.);
#3301=FACE_OUTER_BOUND('',#4069,.T.);
#3302=FACE_OUTER_BOUND('',#4070,.T.);
#3303=FACE_OUTER_BOUND('',#4071,.T.);
#3304=FACE_OUTER_BOUND('',#4072,.T.);
#3305=FACE_OUTER_BOUND('',#4073,.T.);
#3306=FACE_OUTER_BOUND('',#4074,.T.);
#3307=FACE_OUTER_BOUND('',#4075,.T.);
#3308=FACE_OUTER_BOUND('',#4076,.T.);
#3309=FACE_OUTER_BOUND('',#4077,.T.);
#3310=FACE_OUTER_BOUND('',#4078,.T.);
#3311=FACE_OUTER_BOUND('',#4079,.T.);
#3312=FACE_OUTER_BOUND('',#4080,.T.);
#3313=FACE_OUTER_BOUND('',#4081,.T.);
#3314=FACE_OUTER_BOUND('',#4082,.T.);
#3315=FACE_OUTER_BOUND('',#4083,.T.);
#3316=FACE_OUTER_BOUND('',#4084,.T.);
#3317=FACE_OUTER_BOUND('',#4085,.T.);
#3318=FACE_OUTER_BOUND('',#4086,.T.);
#3319=FACE_OUTER_BOUND('',#4087,.T.);
#3320=FACE_OUTER_BOUND('',#4088,.T.);
#3321=FACE_OUTER_BOUND('',#4089,.T.);
#3322=FACE_OUTER_BOUND('',#4090,.T.);
#3323=FACE_OUTER_BOUND('',#4091,.T.);
#3324=FACE_OUTER_BOUND('',#4092,.T.);
#3325=FACE_OUTER_BOUND('',#4093,.T.);
#3326=FACE_OUTER_BOUND('',#4094,.T.);
#3327=FACE_OUTER_BOUND('',#4095,.T.);
#3328=FACE_OUTER_BOUND('',#4096,.T.);
#3329=FACE_OUTER_BOUND('',#4097,.T.);
#3330=FACE_OUTER_BOUND('',#4098,.T.);
#3331=FACE_OUTER_BOUND('',#4099,.T.);
#3332=FACE_OUTER_BOUND('',#4100,.T.);
#3333=FACE_OUTER_BOUND('',#4101,.T.);
#3334=FACE_OUTER_BOUND('',#4102,.T.);
#3335=FACE_OUTER_BOUND('',#4103,.T.);
#3336=FACE_OUTER_BOUND('',#4104,.T.);
#3337=FACE_OUTER_BOUND('',#4105,.T.);
#3338=FACE_OUTER_BOUND('',#4106,.T.);
#3339=FACE_OUTER_BOUND('',#4107,.T.);
#3340=FACE_OUTER_BOUND('',#4108,.T.);
#3341=FACE_OUTER_BOUND('',#4109,.T.);
#3342=FACE_OUTER_BOUND('',#4110,.T.);
#3343=FACE_OUTER_BOUND('',#4111,.T.);
#3344=FACE_OUTER_BOUND('',#4112,.T.);
#3345=FACE_OUTER_BOUND('',#4113,.T.);
#3346=FACE_OUTER_BOUND('',#4114,.T.);
#3347=FACE_OUTER_BOUND('',#4115,.T.);
#3348=FACE_OUTER_BOUND('',#4116,.T.);
#3349=FACE_OUTER_BOUND('',#4117,.T.);
#3350=FACE_OUTER_BOUND('',#4118,.T.);
#3351=FACE_OUTER_BOUND('',#4119,.T.);
#3352=FACE_OUTER_BOUND('',#4120,.T.);
#3353=FACE_OUTER_BOUND('',#4121,.T.);
#3354=FACE_OUTER_BOUND('',#4122,.T.);
#3355=FACE_OUTER_BOUND('',#4123,.T.);
#3356=FACE_OUTER_BOUND('',#4124,.T.);
#3357=FACE_OUTER_BOUND('',#4125,.T.);
#3358=FACE_OUTER_BOUND('',#4126,.T.);
#3359=FACE_OUTER_BOUND('',#4127,.T.);
#3360=FACE_OUTER_BOUND('',#4128,.T.);
#3361=FACE_OUTER_BOUND('',#4129,.T.);
#3362=FACE_OUTER_BOUND('',#4130,.T.);
#3363=FACE_OUTER_BOUND('',#4131,.T.);
#3364=FACE_OUTER_BOUND('',#4132,.T.);
#3365=FACE_OUTER_BOUND('',#4133,.T.);
#3366=FACE_OUTER_BOUND('',#4134,.T.);
#3367=FACE_OUTER_BOUND('',#4135,.T.);
#3368=FACE_OUTER_BOUND('',#4136,.T.);
#3369=FACE_OUTER_BOUND('',#4137,.T.);
#3370=FACE_OUTER_BOUND('',#4138,.T.);
#3371=FACE_OUTER_BOUND('',#4139,.T.);
#3372=FACE_OUTER_BOUND('',#4140,.T.);
#3373=FACE_OUTER_BOUND('',#4141,.T.);
#3374=FACE_OUTER_BOUND('',#4142,.T.);
#3375=FACE_OUTER_BOUND('',#4143,.T.);
#3376=FACE_OUTER_BOUND('',#4144,.T.);
#3377=FACE_OUTER_BOUND('',#4145,.T.);
#3378=FACE_OUTER_BOUND('',#4146,.T.);
#3379=FACE_OUTER_BOUND('',#4147,.T.);
#3380=FACE_OUTER_BOUND('',#4148,.T.);
#3381=FACE_OUTER_BOUND('',#4149,.T.);
#3382=FACE_OUTER_BOUND('',#4150,.T.);
#3383=FACE_OUTER_BOUND('',#4151,.T.);
#3384=FACE_OUTER_BOUND('',#4152,.T.);
#3385=FACE_OUTER_BOUND('',#4153,.T.);
#3386=FACE_OUTER_BOUND('',#4154,.T.);
#3387=FACE_OUTER_BOUND('',#4155,.T.);
#3388=FACE_OUTER_BOUND('',#4156,.T.);
#3389=FACE_OUTER_BOUND('',#4157,.T.);
#3390=FACE_OUTER_BOUND('',#4158,.T.);
#3391=FACE_OUTER_BOUND('',#4159,.T.);
#3392=FACE_OUTER_BOUND('',#4160,.T.);
#3393=FACE_OUTER_BOUND('',#4161,.T.);
#3394=FACE_OUTER_BOUND('',#4162,.T.);
#3395=FACE_OUTER_BOUND('',#4163,.T.);
#3396=FACE_OUTER_BOUND('',#4164,.T.);
#3397=FACE_OUTER_BOUND('',#4165,.T.);
#3398=FACE_OUTER_BOUND('',#4166,.T.);
#3399=FACE_OUTER_BOUND('',#4167,.T.);
#3400=FACE_OUTER_BOUND('',#4168,.T.);
#3401=FACE_OUTER_BOUND('',#4169,.T.);
#3402=FACE_OUTER_BOUND('',#4170,.T.);
#3403=FACE_OUTER_BOUND('',#4171,.T.);
#3404=FACE_OUTER_BOUND('',#4172,.T.);
#3405=FACE_OUTER_BOUND('',#4173,.T.);
#3406=FACE_OUTER_BOUND('',#4174,.T.);
#3407=FACE_OUTER_BOUND('',#4175,.T.);
#3408=FACE_OUTER_BOUND('',#4176,.T.);
#3409=FACE_OUTER_BOUND('',#4177,.T.);
#3410=FACE_OUTER_BOUND('',#4178,.T.);
#3411=FACE_OUTER_BOUND('',#4179,.T.);
#3412=FACE_OUTER_BOUND('',#4180,.T.);
#3413=FACE_OUTER_BOUND('',#4181,.T.);
#3414=FACE_OUTER_BOUND('',#4182,.T.);
#3415=FACE_OUTER_BOUND('',#4183,.T.);
#3416=FACE_OUTER_BOUND('',#4184,.T.);
#3417=FACE_OUTER_BOUND('',#4185,.T.);
#3418=FACE_OUTER_BOUND('',#4186,.T.);
#3419=FACE_OUTER_BOUND('',#4187,.T.);
#3420=FACE_OUTER_BOUND('',#4188,.T.);
#3421=FACE_OUTER_BOUND('',#4189,.T.);
#3422=FACE_OUTER_BOUND('',#4190,.T.);
#3423=FACE_OUTER_BOUND('',#4191,.T.);
#3424=FACE_OUTER_BOUND('',#4192,.T.);
#3425=FACE_OUTER_BOUND('',#4193,.T.);
#3426=FACE_OUTER_BOUND('',#4194,.T.);
#3427=FACE_OUTER_BOUND('',#4195,.T.);
#3428=FACE_OUTER_BOUND('',#4196,.T.);
#3429=FACE_OUTER_BOUND('',#4197,.T.);
#3430=FACE_OUTER_BOUND('',#4198,.T.);
#3431=FACE_OUTER_BOUND('',#4199,.T.);
#3432=FACE_OUTER_BOUND('',#4200,.T.);
#3433=FACE_OUTER_BOUND('',#4201,.T.);
#3434=FACE_OUTER_BOUND('',#4202,.T.);
#3435=FACE_OUTER_BOUND('',#4203,.T.);
#3436=FACE_OUTER_BOUND('',#4204,.T.);
#3437=FACE_OUTER_BOUND('',#4205,.T.);
#3438=FACE_OUTER_BOUND('',#4206,.T.);
#3439=FACE_OUTER_BOUND('',#4207,.T.);
#3440=FACE_OUTER_BOUND('',#4208,.T.);
#3441=FACE_OUTER_BOUND('',#4209,.T.);
#3442=FACE_OUTER_BOUND('',#4210,.T.);
#3443=FACE_OUTER_BOUND('',#4211,.T.);
#3444=FACE_OUTER_BOUND('',#4212,.T.);
#3445=FACE_OUTER_BOUND('',#4213,.T.);
#3446=FACE_OUTER_BOUND('',#4214,.T.);
#3447=FACE_OUTER_BOUND('',#4215,.T.);
#3448=FACE_OUTER_BOUND('',#4216,.T.);
#3449=FACE_OUTER_BOUND('',#4217,.T.);
#3450=FACE_OUTER_BOUND('',#4218,.T.);
#3451=FACE_OUTER_BOUND('',#4219,.T.);
#3452=FACE_OUTER_BOUND('',#4220,.T.);
#3453=FACE_OUTER_BOUND('',#4221,.T.);
#3454=FACE_OUTER_BOUND('',#4222,.T.);
#3455=FACE_OUTER_BOUND('',#4223,.T.);
#3456=FACE_OUTER_BOUND('',#4224,.T.);
#3457=FACE_OUTER_BOUND('',#4225,.T.);
#3458=FACE_OUTER_BOUND('',#4226,.T.);
#3459=FACE_OUTER_BOUND('',#4227,.T.);
#3460=FACE_OUTER_BOUND('',#4228,.T.);
#3461=FACE_OUTER_BOUND('',#4229,.T.);
#3462=FACE_OUTER_BOUND('',#4230,.T.);
#3463=FACE_OUTER_BOUND('',#4231,.T.);
#3464=FACE_OUTER_BOUND('',#4232,.T.);
#3465=FACE_OUTER_BOUND('',#4233,.T.);
#3466=FACE_OUTER_BOUND('',#4234,.T.);
#3467=FACE_OUTER_BOUND('',#4235,.T.);
#3468=FACE_OUTER_BOUND('',#4236,.T.);
#3469=FACE_OUTER_BOUND('',#4237,.T.);
#3470=FACE_OUTER_BOUND('',#4238,.T.);
#3471=FACE_OUTER_BOUND('',#4239,.T.);
#3472=FACE_OUTER_BOUND('',#4240,.T.);
#3473=FACE_OUTER_BOUND('',#4241,.T.);
#3474=FACE_OUTER_BOUND('',#4242,.T.);
#3475=FACE_OUTER_BOUND('',#4243,.T.);
#3476=FACE_OUTER_BOUND('',#4244,.T.);
#3477=FACE_OUTER_BOUND('',#4245,.T.);
#3478=FACE_OUTER_BOUND('',#4246,.T.);
#3479=FACE_OUTER_BOUND('',#4247,.T.);
#3480=FACE_OUTER_BOUND('',#4248,.T.);
#3481=FACE_OUTER_BOUND('',#4249,.T.);
#3482=FACE_OUTER_BOUND('',#4250,.T.);
#3483=FACE_OUTER_BOUND('',#4251,.T.);
#3484=FACE_OUTER_BOUND('',#4252,.T.);
#3485=FACE_OUTER_BOUND('',#4253,.T.);
#3486=FACE_OUTER_BOUND('',#4254,.T.);
#3487=FACE_OUTER_BOUND('',#4255,.T.);
#3488=FACE_OUTER_BOUND('',#4256,.T.);
#3489=FACE_OUTER_BOUND('',#4257,.T.);
#3490=FACE_OUTER_BOUND('',#4258,.T.);
#3491=FACE_OUTER_BOUND('',#4259,.T.);
#3492=FACE_OUTER_BOUND('',#4260,.T.);
#3493=FACE_OUTER_BOUND('',#4261,.T.);
#3494=FACE_OUTER_BOUND('',#4262,.T.);
#3495=FACE_OUTER_BOUND('',#4263,.T.);
#3496=FACE_OUTER_BOUND('',#4264,.T.);
#3497=FACE_OUTER_BOUND('',#4265,.T.);
#3498=FACE_OUTER_BOUND('',#4266,.T.);
#3499=FACE_OUTER_BOUND('',#4267,.T.);
#3500=FACE_OUTER_BOUND('',#4268,.T.);
#3501=FACE_OUTER_BOUND('',#4269,.T.);
#3502=FACE_OUTER_BOUND('',#4270,.T.);
#3503=FACE_OUTER_BOUND('',#4271,.T.);
#3504=FACE_OUTER_BOUND('',#4272,.T.);
#3505=FACE_OUTER_BOUND('',#4273,.T.);
#3506=FACE_OUTER_BOUND('',#4274,.T.);
#3507=FACE_OUTER_BOUND('',#4275,.T.);
#3508=FACE_OUTER_BOUND('',#4276,.T.);
#3509=FACE_OUTER_BOUND('',#4277,.T.);
#3510=FACE_OUTER_BOUND('',#4278,.T.);
#3511=FACE_OUTER_BOUND('',#4279,.T.);
#3512=FACE_OUTER_BOUND('',#4280,.T.);
#3513=FACE_OUTER_BOUND('',#4415,.T.);
#3514=FACE_OUTER_BOUND('',#4416,.T.);
#3515=FACE_OUTER_BOUND('',#4417,.T.);
#3516=FACE_OUTER_BOUND('',#4418,.T.);
#3517=FACE_OUTER_BOUND('',#4452,.T.);
#3518=FACE_OUTER_BOUND('',#4519,.T.);
#3519=FACE_OUTER_BOUND('',#4553,.T.);
#3520=FACE_OUTER_BOUND('',#4554,.T.);
#3521=FACE_OUTER_BOUND('',#4555,.T.);
#3522=FACE_OUTER_BOUND('',#4556,.T.);
#3523=FACE_OUTER_BOUND('',#4557,.T.);
#3524=FACE_OUTER_BOUND('',#4558,.T.);
#3525=FACE_OUTER_BOUND('',#4559,.T.);
#3526=FACE_OUTER_BOUND('',#4560,.T.);
#3527=FACE_OUTER_BOUND('',#4561,.T.);
#3528=FACE_OUTER_BOUND('',#4818,.T.);
#3529=FACE_OUTER_BOUND('',#4819,.T.);
#3530=FACE_OUTER_BOUND('',#4820,.T.);
#3531=FACE_OUTER_BOUND('',#4821,.T.);
#3532=FACE_OUTER_BOUND('',#4822,.T.);
#3533=FACE_OUTER_BOUND('',#4823,.T.);
#3534=FACE_OUTER_BOUND('',#4824,.T.);
#3535=FACE_OUTER_BOUND('',#4825,.T.);
#3536=FACE_OUTER_BOUND('',#4826,.T.);
#3537=FACE_OUTER_BOUND('',#4827,.T.);
#3538=FACE_OUTER_BOUND('',#4828,.T.);
#3539=FACE_OUTER_BOUND('',#4829,.T.);
#3540=FACE_OUTER_BOUND('',#4830,.T.);
#3541=FACE_OUTER_BOUND('',#4831,.T.);
#3542=FACE_OUTER_BOUND('',#4832,.T.);
#3543=FACE_OUTER_BOUND('',#4833,.T.);
#3544=FACE_OUTER_BOUND('',#4834,.T.);
#3545=FACE_OUTER_BOUND('',#4835,.T.);
#3546=FACE_OUTER_BOUND('',#4836,.T.);
#3547=FACE_OUTER_BOUND('',#4837,.T.);
#3548=FACE_OUTER_BOUND('',#4838,.T.);
#3549=FACE_OUTER_BOUND('',#4839,.T.);
#3550=FACE_OUTER_BOUND('',#4840,.T.);
#3551=FACE_OUTER_BOUND('',#4841,.T.);
#3552=FACE_OUTER_BOUND('',#4842,.T.);
#3553=FACE_OUTER_BOUND('',#4843,.T.);
#3554=FACE_OUTER_BOUND('',#4844,.T.);
#3555=FACE_OUTER_BOUND('',#4845,.T.);
#3556=FACE_OUTER_BOUND('',#4846,.T.);
#3557=FACE_OUTER_BOUND('',#4847,.T.);
#3558=FACE_OUTER_BOUND('',#4848,.T.);
#3559=FACE_OUTER_BOUND('',#4849,.T.);
#3560=FACE_OUTER_BOUND('',#4850,.T.);
#3561=FACE_OUTER_BOUND('',#4851,.T.);
#3562=FACE_OUTER_BOUND('',#4852,.T.);
#3563=FACE_OUTER_BOUND('',#4853,.T.);
#3564=FACE_OUTER_BOUND('',#4854,.T.);
#3565=FACE_OUTER_BOUND('',#4855,.T.);
#3566=FACE_OUTER_BOUND('',#4856,.T.);
#3567=FACE_OUTER_BOUND('',#4857,.T.);
#3568=FACE_OUTER_BOUND('',#4858,.T.);
#3569=FACE_OUTER_BOUND('',#4859,.T.);
#3570=FACE_OUTER_BOUND('',#4860,.T.);
#3571=EDGE_LOOP('',(#4861,#4862,#4863,#4864));
#3572=EDGE_LOOP('',(#4865,#4866,#4867,#4868));
#3573=EDGE_LOOP('',(#4869,#4870,#4871,#4872));
#3574=EDGE_LOOP('',(#4873,#4874,#4875,#4876));
#3575=EDGE_LOOP('',(#4877,#4878,#4879,#4880));
#3576=EDGE_LOOP('',(#4881,#4882,#4883,#4884));
#3577=EDGE_LOOP('',(#4885,#4886,#4887,#4888));
#3578=EDGE_LOOP('',(#4889,#4890,#4891,#4892));
#3579=EDGE_LOOP('',(#4893,#4894,#4895,#4896));
#3580=EDGE_LOOP('',(#4897,#4898,#4899,#4900));
#3581=EDGE_LOOP('',(#4901,#4902,#4903,#4904));
#3582=EDGE_LOOP('',(#4905,#4906,#4907,#4908));
#3583=EDGE_LOOP('',(#4909,#4910,#4911,#4912));
#3584=EDGE_LOOP('',(#4913,#4914,#4915,#4916));
#3585=EDGE_LOOP('',(#4917,#4918,#4919,#4920));
#3586=EDGE_LOOP('',(#4921,#4922,#4923,#4924));
#3587=EDGE_LOOP('',(#4925,#4926,#4927,#4928));
#3588=EDGE_LOOP('',(#4929,#4930,#4931,#4932));
#3589=EDGE_LOOP('',(#4933,#4934,#4935,#4936));
#3590=EDGE_LOOP('',(#4937,#4938,#4939,#4940));
#3591=EDGE_LOOP('',(#4941,#4942,#4943,#4944));
#3592=EDGE_LOOP('',(#4945,#4946,#4947,#4948));
#3593=EDGE_LOOP('',(#4949,#4950,#4951,#4952));
#3594=EDGE_LOOP('',(#4953,#4954,#4955,#4956));
#3595=EDGE_LOOP('',(#4957,#4958,#4959,#4960));
#3596=EDGE_LOOP('',(#4961,#4962,#4963,#4964));
#3597=EDGE_LOOP('',(#4965,#4966,#4967,#4968));
#3598=EDGE_LOOP('',(#4969,#4970,#4971,#4972));
#3599=EDGE_LOOP('',(#4973,#4974,#4975,#4976));
#3600=EDGE_LOOP('',(#4977,#4978,#4979,#4980));
#3601=EDGE_LOOP('',(#4981,#4982,#4983,#4984));
#3602=EDGE_LOOP('',(#4985,#4986,#4987,#4988));
#3603=EDGE_LOOP('',(#4989,#4990,#4991,#4992));
#3604=EDGE_LOOP('',(#4993,#4994,#4995,#4996));
#3605=EDGE_LOOP('',(#4997,#4998,#4999,#5000));
#3606=EDGE_LOOP('',(#5001,#5002,#5003,#5004));
#3607=EDGE_LOOP('',(#5005,#5006,#5007,#5008));
#3608=EDGE_LOOP('',(#5009,#5010,#5011,#5012));
#3609=EDGE_LOOP('',(#5013,#5014,#5015,#5016));
#3610=EDGE_LOOP('',(#5017,#5018,#5019,#5020));
#3611=EDGE_LOOP('',(#5021,#5022,#5023,#5024));
#3612=EDGE_LOOP('',(#5025,#5026,#5027,#5028));
#3613=EDGE_LOOP('',(#5029,#5030,#5031,#5032));
#3614=EDGE_LOOP('',(#5033,#5034,#5035,#5036));
#3615=EDGE_LOOP('',(#5037,#5038,#5039,#5040));
#3616=EDGE_LOOP('',(#5041,#5042,#5043,#5044));
#3617=EDGE_LOOP('',(#5045,#5046,#5047,#5048));
#3618=EDGE_LOOP('',(#5049,#5050,#5051,#5052));
#3619=EDGE_LOOP('',(#5053,#5054,#5055,#5056));
#3620=EDGE_LOOP('',(#5057,#5058,#5059,#5060));
#3621=EDGE_LOOP('',(#5061,#5062,#5063,#5064));
#3622=EDGE_LOOP('',(#5065,#5066,#5067,#5068));
#3623=EDGE_LOOP('',(#5069,#5070,#5071,#5072));
#3624=EDGE_LOOP('',(#5073,#5074,#5075,#5076));
#3625=EDGE_LOOP('',(#5077,#5078,#5079,#5080));
#3626=EDGE_LOOP('',(#5081,#5082,#5083,#5084));
#3627=EDGE_LOOP('',(#5085,#5086,#5087,#5088));
#3628=EDGE_LOOP('',(#5089,#5090,#5091,#5092));
#3629=EDGE_LOOP('',(#5093,#5094,#5095,#5096));
#3630=EDGE_LOOP('',(#5097,#5098,#5099,#5100));
#3631=EDGE_LOOP('',(#5101,#5102,#5103,#5104));
#3632=EDGE_LOOP('',(#5105,#5106,#5107,#5108));
#3633=EDGE_LOOP('',(#5109,#5110,#5111,#5112));
#3634=EDGE_LOOP('',(#5113,#5114,#5115,#5116));
#3635=EDGE_LOOP('',(#5117,#5118,#5119,#5120));
#3636=EDGE_LOOP('',(#5121,#5122,#5123,#5124));
#3637=EDGE_LOOP('',(#5125,#5126,#5127,#5128));
#3638=EDGE_LOOP('',(#5129,#5130,#5131,#5132));
#3639=EDGE_LOOP('',(#5133,#5134,#5135,#5136));
#3640=EDGE_LOOP('',(#5137,#5138,#5139,#5140));
#3641=EDGE_LOOP('',(#5141,#5142,#5143,#5144));
#3642=EDGE_LOOP('',(#5145,#5146,#5147,#5148));
#3643=EDGE_LOOP('',(#5149,#5150,#5151,#5152));
#3644=EDGE_LOOP('',(#5153,#5154,#5155,#5156));
#3645=EDGE_LOOP('',(#5157,#5158,#5159,#5160));
#3646=EDGE_LOOP('',(#5161,#5162,#5163,#5164));
#3647=EDGE_LOOP('',(#5165,#5166,#5167,#5168));
#3648=EDGE_LOOP('',(#5169,#5170,#5171,#5172));
#3649=EDGE_LOOP('',(#5173,#5174,#5175,#5176));
#3650=EDGE_LOOP('',(#5177,#5178,#5179,#5180));
#3651=EDGE_LOOP('',(#5181,#5182,#5183,#5184));
#3652=EDGE_LOOP('',(#5185,#5186,#5187,#5188));
#3653=EDGE_LOOP('',(#5189,#5190,#5191,#5192));
#3654=EDGE_LOOP('',(#5193,#5194,#5195,#5196));
#3655=EDGE_LOOP('',(#5197,#5198,#5199,#5200));
#3656=EDGE_LOOP('',(#5201,#5202,#5203,#5204));
#3657=EDGE_LOOP('',(#5205,#5206,#5207,#5208));
#3658=EDGE_LOOP('',(#5209,#5210,#5211,#5212));
#3659=EDGE_LOOP('',(#5213,#5214,#5215,#5216));
#3660=EDGE_LOOP('',(#5217,#5218,#5219,#5220));
#3661=EDGE_LOOP('',(#5221,#5222,#5223,#5224));
#3662=EDGE_LOOP('',(#5225,#5226,#5227,#5228));
#3663=EDGE_LOOP('',(#5229,#5230,#5231,#5232));
#3664=EDGE_LOOP('',(#5233,#5234,#5235,#5236));
#3665=EDGE_LOOP('',(#5237,#5238,#5239,#5240));
#3666=EDGE_LOOP('',(#5241,#5242,#5243,#5244));
#3667=EDGE_LOOP('',(#5245,#5246,#5247,#5248));
#3668=EDGE_LOOP('',(#5249,#5250,#5251,#5252));
#3669=EDGE_LOOP('',(#5253,#5254,#5255,#5256));
#3670=EDGE_LOOP('',(#5257,#5258,#5259,#5260));
#3671=EDGE_LOOP('',(#5261,#5262,#5263,#5264));
#3672=EDGE_LOOP('',(#5265,#5266,#5267,#5268));
#3673=EDGE_LOOP('',(#5269,#5270,#5271,#5272));
#3674=EDGE_LOOP('',(#5273,#5274,#5275,#5276));
#3675=EDGE_LOOP('',(#5277,#5278,#5279,#5280));
#3676=EDGE_LOOP('',(#5281,#5282,#5283,#5284));
#3677=EDGE_LOOP('',(#5285,#5286,#5287,#5288));
#3678=EDGE_LOOP('',(#5289,#5290,#5291,#5292));
#3679=EDGE_LOOP('',(#5293,#5294,#5295,#5296));
#3680=EDGE_LOOP('',(#5297,#5298,#5299,#5300));
#3681=EDGE_LOOP('',(#5301,#5302,#5303,#5304));
#3682=EDGE_LOOP('',(#5305,#5306,#5307,#5308));
#3683=EDGE_LOOP('',(#5309,#5310,#5311,#5312));
#3684=EDGE_LOOP('',(#5313,#5314,#5315,#5316));
#3685=EDGE_LOOP('',(#5317,#5318,#5319,#5320));
#3686=EDGE_LOOP('',(#5321,#5322,#5323,#5324));
#3687=EDGE_LOOP('',(#5325,#5326,#5327,#5328));
#3688=EDGE_LOOP('',(#5329,#5330,#5331,#5332));
#3689=EDGE_LOOP('',(#5333,#5334,#5335,#5336));
#3690=EDGE_LOOP('',(#5337,#5338,#5339,#5340));
#3691=EDGE_LOOP('',(#5341,#5342,#5343,#5344));
#3692=EDGE_LOOP('',(#5345,#5346,#5347,#5348));
#3693=EDGE_LOOP('',(#5349,#5350,#5351,#5352));
#3694=EDGE_LOOP('',(#5353,#5354,#5355,#5356));
#3695=EDGE_LOOP('',(#5357,#5358,#5359,#5360));
#3696=EDGE_LOOP('',(#5361,#5362,#5363,#5364));
#3697=EDGE_LOOP('',(#5365,#5366,#5367,#5368));
#3698=EDGE_LOOP('',(#5369,#5370,#5371,#5372));
#3699=EDGE_LOOP('',(#5373,#5374,#5375,#5376));
#3700=EDGE_LOOP('',(#5377,#5378,#5379,#5380));
#3701=EDGE_LOOP('',(#5381,#5382,#5383,#5384));
#3702=EDGE_LOOP('',(#5385,#5386,#5387,#5388));
#3703=EDGE_LOOP('',(#5389,#5390,#5391,#5392));
#3704=EDGE_LOOP('',(#5393,#5394,#5395,#5396));
#3705=EDGE_LOOP('',(#5397,#5398,#5399,#5400));
#3706=EDGE_LOOP('',(#5401,#5402,#5403,#5404));
#3707=EDGE_LOOP('',(#5405,#5406,#5407,#5408));
#3708=EDGE_LOOP('',(#5409,#5410,#5411,#5412));
#3709=EDGE_LOOP('',(#5413,#5414,#5415,#5416));
#3710=EDGE_LOOP('',(#5417,#5418,#5419,#5420));
#3711=EDGE_LOOP('',(#5421,#5422,#5423,#5424));
#3712=EDGE_LOOP('',(#5425,#5426,#5427,#5428));
#3713=EDGE_LOOP('',(#5429,#5430,#5431,#5432));
#3714=EDGE_LOOP('',(#5433,#5434,#5435,#5436));
#3715=EDGE_LOOP('',(#5437,#5438,#5439,#5440));
#3716=EDGE_LOOP('',(#5441,#5442,#5443,#5444));
#3717=EDGE_LOOP('',(#5445,#5446,#5447,#5448));
#3718=EDGE_LOOP('',(#5449,#5450,#5451,#5452));
#3719=EDGE_LOOP('',(#5453,#5454,#5455,#5456));
#3720=EDGE_LOOP('',(#5457,#5458,#5459,#5460));
#3721=EDGE_LOOP('',(#5461,#5462,#5463,#5464));
#3722=EDGE_LOOP('',(#5465,#5466,#5467,#5468));
#3723=EDGE_LOOP('',(#5469,#5470,#5471,#5472));
#3724=EDGE_LOOP('',(#5473,#5474,#5475,#5476));
#3725=EDGE_LOOP('',(#5477,#5478,#5479,#5480));
#3726=EDGE_LOOP('',(#5481,#5482,#5483,#5484));
#3727=EDGE_LOOP('',(#5485,#5486,#5487,#5488));
#3728=EDGE_LOOP('',(#5489,#5490,#5491,#5492));
#3729=EDGE_LOOP('',(#5493,#5494,#5495,#5496));
#3730=EDGE_LOOP('',(#5497,#5498,#5499,#5500));
#3731=EDGE_LOOP('',(#5501,#5502,#5503,#5504));
#3732=EDGE_LOOP('',(#5505,#5506,#5507,#5508));
#3733=EDGE_LOOP('',(#5509,#5510,#5511,#5512));
#3734=EDGE_LOOP('',(#5513,#5514,#5515,#5516));
#3735=EDGE_LOOP('',(#5517,#5518,#5519,#5520));
#3736=EDGE_LOOP('',(#5521,#5522,#5523,#5524));
#3737=EDGE_LOOP('',(#5525,#5526,#5527,#5528));
#3738=EDGE_LOOP('',(#5529,#5530,#5531,#5532));
#3739=EDGE_LOOP('',(#5533,#5534,#5535,#5536));
#3740=EDGE_LOOP('',(#5537,#5538,#5539,#5540));
#3741=EDGE_LOOP('',(#5541,#5542,#5543,#5544));
#3742=EDGE_LOOP('',(#5545,#5546,#5547,#5548));
#3743=EDGE_LOOP('',(#5549,#5550,#5551,#5552));
#3744=EDGE_LOOP('',(#5553,#5554,#5555,#5556));
#3745=EDGE_LOOP('',(#5557,#5558,#5559,#5560));
#3746=EDGE_LOOP('',(#5561,#5562,#5563,#5564));
#3747=EDGE_LOOP('',(#5565,#5566,#5567,#5568));
#3748=EDGE_LOOP('',(#5569,#5570,#5571,#5572));
#3749=EDGE_LOOP('',(#5573,#5574,#5575,#5576));
#3750=EDGE_LOOP('',(#5577,#5578,#5579,#5580));
#3751=EDGE_LOOP('',(#5581,#5582,#5583,#5584));
#3752=EDGE_LOOP('',(#5585,#5586,#5587,#5588));
#3753=EDGE_LOOP('',(#5589,#5590,#5591,#5592));
#3754=EDGE_LOOP('',(#5593,#5594,#5595,#5596));
#3755=EDGE_LOOP('',(#5597,#5598,#5599,#5600));
#3756=EDGE_LOOP('',(#5601,#5602,#5603,#5604));
#3757=EDGE_LOOP('',(#5605,#5606,#5607,#5608));
#3758=EDGE_LOOP('',(#5609,#5610,#5611,#5612));
#3759=EDGE_LOOP('',(#5613,#5614,#5615,#5616));
#3760=EDGE_LOOP('',(#5617,#5618,#5619,#5620));
#3761=EDGE_LOOP('',(#5621,#5622,#5623,#5624));
#3762=EDGE_LOOP('',(#5625,#5626,#5627,#5628));
#3763=EDGE_LOOP('',(#5629,#5630,#5631,#5632));
#3764=EDGE_LOOP('',(#5633,#5634,#5635,#5636));
#3765=EDGE_LOOP('',(#5637,#5638,#5639,#5640));
#3766=EDGE_LOOP('',(#5641,#5642,#5643,#5644));
#3767=EDGE_LOOP('',(#5645,#5646,#5647,#5648));
#3768=EDGE_LOOP('',(#5649,#5650,#5651,#5652));
#3769=EDGE_LOOP('',(#5653,#5654,#5655,#5656));
#3770=EDGE_LOOP('',(#5657,#5658,#5659,#5660));
#3771=EDGE_LOOP('',(#5661,#5662,#5663,#5664));
#3772=EDGE_LOOP('',(#5665,#5666,#5667,#5668));
#3773=EDGE_LOOP('',(#5669,#5670,#5671,#5672));
#3774=EDGE_LOOP('',(#5673,#5674,#5675,#5676));
#3775=EDGE_LOOP('',(#5677,#5678,#5679,#5680));
#3776=EDGE_LOOP('',(#5681,#5682,#5683,#5684));
#3777=EDGE_LOOP('',(#5685,#5686,#5687,#5688));
#3778=EDGE_LOOP('',(#5689,#5690,#5691,#5692));
#3779=EDGE_LOOP('',(#5693,#5694,#5695,#5696));
#3780=EDGE_LOOP('',(#5697,#5698,#5699,#5700));
#3781=EDGE_LOOP('',(#5701,#5702,#5703,#5704));
#3782=EDGE_LOOP('',(#5705,#5706,#5707,#5708));
#3783=EDGE_LOOP('',(#5709,#5710,#5711,#5712));
#3784=EDGE_LOOP('',(#5713,#5714,#5715,#5716));
#3785=EDGE_LOOP('',(#5717,#5718,#5719,#5720));
#3786=EDGE_LOOP('',(#5721,#5722,#5723,#5724));
#3787=EDGE_LOOP('',(#5725,#5726,#5727,#5728));
#3788=EDGE_LOOP('',(#5729,#5730,#5731,#5732));
#3789=EDGE_LOOP('',(#5733,#5734,#5735,#5736));
#3790=EDGE_LOOP('',(#5737,#5738,#5739,#5740));
#3791=EDGE_LOOP('',(#5741,#5742,#5743,#5744));
#3792=EDGE_LOOP('',(#5745,#5746,#5747,#5748));
#3793=EDGE_LOOP('',(#5749,#5750,#5751,#5752));
#3794=EDGE_LOOP('',(#5753,#5754,#5755,#5756));
#3795=EDGE_LOOP('',(#5757,#5758,#5759,#5760));
#3796=EDGE_LOOP('',(#5761,#5762,#5763,#5764));
#3797=EDGE_LOOP('',(#5765,#5766,#5767,#5768));
#3798=EDGE_LOOP('',(#5769,#5770,#5771,#5772));
#3799=EDGE_LOOP('',(#5773,#5774,#5775,#5776));
#3800=EDGE_LOOP('',(#5777,#5778,#5779,#5780));
#3801=EDGE_LOOP('',(#5781,#5782,#5783,#5784));
#3802=EDGE_LOOP('',(#5785,#5786,#5787,#5788));
#3803=EDGE_LOOP('',(#5789,#5790,#5791,#5792));
#3804=EDGE_LOOP('',(#5793,#5794,#5795,#5796));
#3805=EDGE_LOOP('',(#5797,#5798,#5799,#5800));
#3806=EDGE_LOOP('',(#5801,#5802,#5803,#5804));
#3807=EDGE_LOOP('',(#5805,#5806,#5807,#5808));
#3808=EDGE_LOOP('',(#5809,#5810,#5811,#5812));
#3809=EDGE_LOOP('',(#5813,#5814,#5815,#5816));
#3810=EDGE_LOOP('',(#5817,#5818,#5819,#5820));
#3811=EDGE_LOOP('',(#5821,#5822,#5823,#5824));
#3812=EDGE_LOOP('',(#5825,#5826,#5827,#5828));
#3813=EDGE_LOOP('',(#5829,#5830,#5831,#5832));
#3814=EDGE_LOOP('',(#5833,#5834,#5835,#5836));
#3815=EDGE_LOOP('',(#5837,#5838,#5839,#5840));
#3816=EDGE_LOOP('',(#5841,#5842,#5843,#5844));
#3817=EDGE_LOOP('',(#5845,#5846,#5847,#5848));
#3818=EDGE_LOOP('',(#5849,#5850,#5851,#5852));
#3819=EDGE_LOOP('',(#5853,#5854,#5855,#5856));
#3820=EDGE_LOOP('',(#5857,#5858,#5859,#5860));
#3821=EDGE_LOOP('',(#5861,#5862,#5863,#5864));
#3822=EDGE_LOOP('',(#5865,#5866,#5867,#5868));
#3823=EDGE_LOOP('',(#5869,#5870,#5871,#5872));
#3824=EDGE_LOOP('',(#5873,#5874,#5875,#5876));
#3825=EDGE_LOOP('',(#5877,#5878,#5879,#5880));
#3826=EDGE_LOOP('',(#5881,#5882,#5883,#5884));
#3827=EDGE_LOOP('',(#5885,#5886,#5887,#5888));
#3828=EDGE_LOOP('',(#5889,#5890,#5891,#5892));
#3829=EDGE_LOOP('',(#5893,#5894,#5895,#5896));
#3830=EDGE_LOOP('',(#5897,#5898,#5899,#5900));
#3831=EDGE_LOOP('',(#5901,#5902,#5903,#5904));
#3832=EDGE_LOOP('',(#5905,#5906,#5907,#5908));
#3833=EDGE_LOOP('',(#5909,#5910,#5911,#5912));
#3834=EDGE_LOOP('',(#5913,#5914,#5915,#5916));
#3835=EDGE_LOOP('',(#5917,#5918,#5919,#5920));
#3836=EDGE_LOOP('',(#5921,#5922,#5923,#5924));
#3837=EDGE_LOOP('',(#5925,#5926,#5927,#5928));
#3838=EDGE_LOOP('',(#5929,#5930,#5931,#5932));
#3839=EDGE_LOOP('',(#5933,#5934,#5935,#5936));
#3840=EDGE_LOOP('',(#5937,#5938,#5939,#5940));
#3841=EDGE_LOOP('',(#5941,#5942,#5943,#5944));
#3842=EDGE_LOOP('',(#5945,#5946,#5947,#5948));
#3843=EDGE_LOOP('',(#5949,#5950,#5951,#5952));
#3844=EDGE_LOOP('',(#5953,#5954,#5955,#5956));
#3845=EDGE_LOOP('',(#5957,#5958,#5959,#5960));
#3846=EDGE_LOOP('',(#5961,#5962,#5963,#5964));
#3847=EDGE_LOOP('',(#5965,#5966,#5967,#5968));
#3848=EDGE_LOOP('',(#5969,#5970,#5971,#5972));
#3849=EDGE_LOOP('',(#5973,#5974,#5975,#5976));
#3850=EDGE_LOOP('',(#5977,#5978,#5979,#5980));
#3851=EDGE_LOOP('',(#5981,#5982,#5983,#5984));
#3852=EDGE_LOOP('',(#5985,#5986,#5987,#5988,#5989,#5990,#5991,#5992,#5993,
#5994,#5995,#5996));
#3853=EDGE_LOOP('',(#5997,#5998,#5999,#6000));
#3854=EDGE_LOOP('',(#6001,#6002,#6003,#6004));
#3855=EDGE_LOOP('',(#6005,#6006,#6007,#6008));
#3856=EDGE_LOOP('',(#6009,#6010,#6011,#6012));
#3857=EDGE_LOOP('',(#6013,#6014,#6015,#6016,#6017,#6018));
#3858=EDGE_LOOP('',(#6019,#6020,#6021,#6022));
#3859=EDGE_LOOP('',(#6023,#6024,#6025,#6026));
#3860=EDGE_LOOP('',(#6027,#6028,#6029,#6030));
#3861=EDGE_LOOP('',(#6031,#6032,#6033,#6034));
#3862=EDGE_LOOP('',(#6035,#6036,#6037,#6038));
#3863=EDGE_LOOP('',(#6039,#6040,#6041,#6042));
#3864=EDGE_LOOP('',(#6043,#6044,#6045,#6046));
#3865=EDGE_LOOP('',(#6047,#6048,#6049,#6050));
#3866=EDGE_LOOP('',(#6051,#6052,#6053,#6054));
#3867=EDGE_LOOP('',(#6055,#6056,#6057,#6058));
#3868=EDGE_LOOP('',(#6059,#6060,#6061,#6062));
#3869=EDGE_LOOP('',(#6063,#6064,#6065,#6066));
#3870=EDGE_LOOP('',(#6067,#6068,#6069,#6070));
#3871=EDGE_LOOP('',(#6071,#6072,#6073,#6074));
#3872=EDGE_LOOP('',(#6075,#6076,#6077,#6078));
#3873=EDGE_LOOP('',(#6079,#6080,#6081,#6082));
#3874=EDGE_LOOP('',(#6083,#6084,#6085,#6086,#6087,#6088,#6089,#6090));
#3875=EDGE_LOOP('',(#6091,#6092,#6093,#6094));
#3876=EDGE_LOOP('',(#6095,#6096,#6097,#6098));
#3877=EDGE_LOOP('',(#6099,#6100,#6101,#6102));
#3878=EDGE_LOOP('',(#6103,#6104,#6105,#6106));
#3879=EDGE_LOOP('',(#6107,#6108,#6109,#6110));
#3880=EDGE_LOOP('',(#6111,#6112,#6113,#6114));
#3881=EDGE_LOOP('',(#6115,#6116,#6117,#6118));
#3882=EDGE_LOOP('',(#6119,#6120,#6121,#6122));
#3883=EDGE_LOOP('',(#6123,#6124,#6125,#6126));
#3884=EDGE_LOOP('',(#6127,#6128,#6129,#6130));
#3885=EDGE_LOOP('',(#6131,#6132,#6133,#6134));
#3886=EDGE_LOOP('',(#6135,#6136,#6137,#6138));
#3887=EDGE_LOOP('',(#6139,#6140,#6141,#6142));
#3888=EDGE_LOOP('',(#6143,#6144,#6145,#6146));
#3889=EDGE_LOOP('',(#6147,#6148,#6149,#6150));
#3890=EDGE_LOOP('',(#6151,#6152,#6153,#6154,#6155,#6156,#6157,#6158));
#3891=EDGE_LOOP('',(#6159,#6160,#6161,#6162,#6163,#6164,#6165,#6166));
#3892=EDGE_LOOP('',(#6167,#6168,#6169,#6170,#6171,#6172,#6173,#6174));
#3893=EDGE_LOOP('',(#6175,#6176,#6177,#6178));
#3894=EDGE_LOOP('',(#6179,#6180,#6181,#6182));
#3895=EDGE_LOOP('',(#6183,#6184,#6185,#6186));
#3896=EDGE_LOOP('',(#6187,#6188,#6189,#6190));
#3897=EDGE_LOOP('',(#6191,#6192,#6193,#6194));
#3898=EDGE_LOOP('',(#6195,#6196,#6197,#6198));
#3899=EDGE_LOOP('',(#6199,#6200,#6201,#6202));
#3900=EDGE_LOOP('',(#6203,#6204,#6205,#6206));
#3901=EDGE_LOOP('',(#6207,#6208,#6209,#6210));
#3902=EDGE_LOOP('',(#6211,#6212,#6213,#6214));
#3903=EDGE_LOOP('',(#6215,#6216,#6217,#6218));
#3904=EDGE_LOOP('',(#6219,#6220,#6221,#6222));
#3905=EDGE_LOOP('',(#6223,#6224,#6225,#6226));
#3906=EDGE_LOOP('',(#6227,#6228,#6229,#6230));
#3907=EDGE_LOOP('',(#6231,#6232,#6233,#6234));
#3908=EDGE_LOOP('',(#6235,#6236,#6237,#6238));
#3909=EDGE_LOOP('',(#6239,#6240,#6241,#6242));
#3910=EDGE_LOOP('',(#6243,#6244,#6245,#6246));
#3911=EDGE_LOOP('',(#6247,#6248,#6249,#6250));
#3912=EDGE_LOOP('',(#6251,#6252,#6253,#6254));
#3913=EDGE_LOOP('',(#6255,#6256,#6257,#6258));
#3914=EDGE_LOOP('',(#6259,#6260,#6261,#6262));
#3915=EDGE_LOOP('',(#6263,#6264,#6265,#6266));
#3916=EDGE_LOOP('',(#6267,#6268,#6269,#6270));
#3917=EDGE_LOOP('',(#6271,#6272,#6273,#6274));
#3918=EDGE_LOOP('',(#6275,#6276,#6277,#6278));
#3919=EDGE_LOOP('',(#6279,#6280,#6281,#6282));
#3920=EDGE_LOOP('',(#6283,#6284,#6285,#6286));
#3921=EDGE_LOOP('',(#6287,#6288,#6289,#6290));
#3922=EDGE_LOOP('',(#6291,#6292,#6293,#6294));
#3923=EDGE_LOOP('',(#6295,#6296,#6297,#6298));
#3924=EDGE_LOOP('',(#6299,#6300,#6301,#6302));
#3925=EDGE_LOOP('',(#6303,#6304,#6305,#6306));
#3926=EDGE_LOOP('',(#6307,#6308,#6309,#6310));
#3927=EDGE_LOOP('',(#6311,#6312,#6313,#6314));
#3928=EDGE_LOOP('',(#6315,#6316,#6317,#6318));
#3929=EDGE_LOOP('',(#6319,#6320,#6321,#6322));
#3930=EDGE_LOOP('',(#6323,#6324,#6325,#6326));
#3931=EDGE_LOOP('',(#6327,#6328,#6329,#6330));
#3932=EDGE_LOOP('',(#6331,#6332,#6333,#6334));
#3933=EDGE_LOOP('',(#6335,#6336,#6337,#6338));
#3934=EDGE_LOOP('',(#6339,#6340,#6341,#6342));
#3935=EDGE_LOOP('',(#6343,#6344,#6345,#6346));
#3936=EDGE_LOOP('',(#6347,#6348,#6349,#6350));
#3937=EDGE_LOOP('',(#6351,#6352,#6353,#6354));
#3938=EDGE_LOOP('',(#6355,#6356,#6357,#6358));
#3939=EDGE_LOOP('',(#6359,#6360,#6361,#6362));
#3940=EDGE_LOOP('',(#6363,#6364,#6365,#6366));
#3941=EDGE_LOOP('',(#6367,#6368,#6369,#6370));
#3942=EDGE_LOOP('',(#6371,#6372,#6373,#6374));
#3943=EDGE_LOOP('',(#6375,#6376,#6377,#6378));
#3944=EDGE_LOOP('',(#6379,#6380,#6381,#6382));
#3945=EDGE_LOOP('',(#6383,#6384,#6385,#6386));
#3946=EDGE_LOOP('',(#6387,#6388,#6389,#6390));
#3947=EDGE_LOOP('',(#6391,#6392,#6393,#6394));
#3948=EDGE_LOOP('',(#6395,#6396,#6397,#6398));
#3949=EDGE_LOOP('',(#6399,#6400,#6401,#6402));
#3950=EDGE_LOOP('',(#6403,#6404,#6405,#6406));
#3951=EDGE_LOOP('',(#6407,#6408,#6409,#6410));
#3952=EDGE_LOOP('',(#6411,#6412,#6413,#6414));
#3953=EDGE_LOOP('',(#6415,#6416,#6417,#6418));
#3954=EDGE_LOOP('',(#6419,#6420,#6421,#6422));
#3955=EDGE_LOOP('',(#6423,#6424,#6425,#6426));
#3956=EDGE_LOOP('',(#6427,#6428,#6429,#6430));
#3957=EDGE_LOOP('',(#6431,#6432,#6433,#6434));
#3958=EDGE_LOOP('',(#6435,#6436,#6437,#6438));
#3959=EDGE_LOOP('',(#6439,#6440,#6441,#6442));
#3960=EDGE_LOOP('',(#6443,#6444,#6445,#6446));
#3961=EDGE_LOOP('',(#6447,#6448,#6449,#6450));
#3962=EDGE_LOOP('',(#6451,#6452,#6453,#6454));
#3963=EDGE_LOOP('',(#6455,#6456,#6457,#6458));
#3964=EDGE_LOOP('',(#6459,#6460,#6461,#6462));
#3965=EDGE_LOOP('',(#6463,#6464,#6465,#6466));
#3966=EDGE_LOOP('',(#6467,#6468,#6469,#6470));
#3967=EDGE_LOOP('',(#6471,#6472,#6473,#6474));
#3968=EDGE_LOOP('',(#6475,#6476,#6477,#6478));
#3969=EDGE_LOOP('',(#6479,#6480,#6481,#6482));
#3970=EDGE_LOOP('',(#6483,#6484,#6485,#6486));
#3971=EDGE_LOOP('',(#6487,#6488,#6489,#6490));
#3972=EDGE_LOOP('',(#6491,#6492,#6493,#6494));
#3973=EDGE_LOOP('',(#6495,#6496,#6497,#6498));
#3974=EDGE_LOOP('',(#6499,#6500,#6501,#6502));
#3975=EDGE_LOOP('',(#6503,#6504,#6505,#6506));
#3976=EDGE_LOOP('',(#6507,#6508,#6509,#6510));
#3977=EDGE_LOOP('',(#6511,#6512,#6513,#6514));
#3978=EDGE_LOOP('',(#6515,#6516,#6517,#6518));
#3979=EDGE_LOOP('',(#6519,#6520,#6521,#6522));
#3980=EDGE_LOOP('',(#6523,#6524,#6525,#6526));
#3981=EDGE_LOOP('',(#6527,#6528,#6529,#6530));
#3982=EDGE_LOOP('',(#6531,#6532,#6533,#6534));
#3983=EDGE_LOOP('',(#6535,#6536,#6537,#6538));
#3984=EDGE_LOOP('',(#6539,#6540,#6541,#6542));
#3985=EDGE_LOOP('',(#6543,#6544,#6545,#6546));
#3986=EDGE_LOOP('',(#6547,#6548,#6549,#6550));
#3987=EDGE_LOOP('',(#6551,#6552,#6553,#6554));
#3988=EDGE_LOOP('',(#6555,#6556,#6557,#6558));
#3989=EDGE_LOOP('',(#6559,#6560,#6561,#6562));
#3990=EDGE_LOOP('',(#6563,#6564,#6565,#6566));
#3991=EDGE_LOOP('',(#6567,#6568,#6569,#6570));
#3992=EDGE_LOOP('',(#6571,#6572,#6573,#6574));
#3993=EDGE_LOOP('',(#6575,#6576,#6577,#6578));
#3994=EDGE_LOOP('',(#6579,#6580,#6581,#6582));
#3995=EDGE_LOOP('',(#6583,#6584,#6585,#6586));
#3996=EDGE_LOOP('',(#6587,#6588,#6589,#6590));
#3997=EDGE_LOOP('',(#6591,#6592,#6593,#6594));
#3998=EDGE_LOOP('',(#6595,#6596,#6597,#6598));
#3999=EDGE_LOOP('',(#6599,#6600,#6601,#6602));
#4000=EDGE_LOOP('',(#6603,#6604,#6605,#6606));
#4001=EDGE_LOOP('',(#6607,#6608,#6609,#6610));
#4002=EDGE_LOOP('',(#6611,#6612,#6613,#6614));
#4003=EDGE_LOOP('',(#6615,#6616,#6617,#6618));
#4004=EDGE_LOOP('',(#6619,#6620,#6621,#6622));
#4005=EDGE_LOOP('',(#6623,#6624,#6625,#6626));
#4006=EDGE_LOOP('',(#6627,#6628,#6629,#6630));
#4007=EDGE_LOOP('',(#6631,#6632,#6633,#6634));
#4008=EDGE_LOOP('',(#6635,#6636,#6637,#6638));
#4009=EDGE_LOOP('',(#6639,#6640,#6641,#6642));
#4010=EDGE_LOOP('',(#6643,#6644,#6645,#6646));
#4011=EDGE_LOOP('',(#6647,#6648,#6649,#6650));
#4012=EDGE_LOOP('',(#6651,#6652,#6653,#6654));
#4013=EDGE_LOOP('',(#6655,#6656,#6657,#6658));
#4014=EDGE_LOOP('',(#6659,#6660,#6661,#6662));
#4015=EDGE_LOOP('',(#6663,#6664,#6665,#6666));
#4016=EDGE_LOOP('',(#6667,#6668,#6669,#6670));
#4017=EDGE_LOOP('',(#6671,#6672,#6673,#6674));
#4018=EDGE_LOOP('',(#6675,#6676,#6677,#6678));
#4019=EDGE_LOOP('',(#6679,#6680,#6681,#6682));
#4020=EDGE_LOOP('',(#6683,#6684,#6685,#6686));
#4021=EDGE_LOOP('',(#6687,#6688,#6689,#6690));
#4022=EDGE_LOOP('',(#6691,#6692,#6693,#6694));
#4023=EDGE_LOOP('',(#6695,#6696,#6697,#6698));
#4024=EDGE_LOOP('',(#6699,#6700,#6701,#6702));
#4025=EDGE_LOOP('',(#6703,#6704,#6705,#6706));
#4026=EDGE_LOOP('',(#6707,#6708,#6709,#6710));
#4027=EDGE_LOOP('',(#6711,#6712,#6713,#6714));
#4028=EDGE_LOOP('',(#6715,#6716,#6717,#6718));
#4029=EDGE_LOOP('',(#6719,#6720,#6721,#6722));
#4030=EDGE_LOOP('',(#6723,#6724,#6725,#6726));
#4031=EDGE_LOOP('',(#6727,#6728,#6729,#6730));
#4032=EDGE_LOOP('',(#6731,#6732,#6733,#6734));
#4033=EDGE_LOOP('',(#6735,#6736,#6737,#6738));
#4034=EDGE_LOOP('',(#6739,#6740,#6741,#6742));
#4035=EDGE_LOOP('',(#6743,#6744,#6745,#6746));
#4036=EDGE_LOOP('',(#6747,#6748,#6749,#6750));
#4037=EDGE_LOOP('',(#6751,#6752,#6753,#6754));
#4038=EDGE_LOOP('',(#6755,#6756,#6757,#6758));
#4039=EDGE_LOOP('',(#6759,#6760,#6761,#6762));
#4040=EDGE_LOOP('',(#6763,#6764,#6765,#6766));
#4041=EDGE_LOOP('',(#6767,#6768,#6769,#6770));
#4042=EDGE_LOOP('',(#6771,#6772,#6773,#6774));
#4043=EDGE_LOOP('',(#6775,#6776,#6777,#6778));
#4044=EDGE_LOOP('',(#6779,#6780,#6781,#6782));
#4045=EDGE_LOOP('',(#6783,#6784,#6785,#6786));
#4046=EDGE_LOOP('',(#6787,#6788,#6789,#6790));
#4047=EDGE_LOOP('',(#6791,#6792,#6793,#6794));
#4048=EDGE_LOOP('',(#6795,#6796,#6797,#6798));
#4049=EDGE_LOOP('',(#6799,#6800,#6801,#6802));
#4050=EDGE_LOOP('',(#6803,#6804,#6805,#6806));
#4051=EDGE_LOOP('',(#6807,#6808,#6809,#6810));
#4052=EDGE_LOOP('',(#6811,#6812,#6813,#6814));
#4053=EDGE_LOOP('',(#6815,#6816,#6817,#6818));
#4054=EDGE_LOOP('',(#6819,#6820,#6821,#6822));
#4055=EDGE_LOOP('',(#6823,#6824,#6825,#6826));
#4056=EDGE_LOOP('',(#6827,#6828,#6829,#6830));
#4057=EDGE_LOOP('',(#6831,#6832,#6833,#6834));
#4058=EDGE_LOOP('',(#6835,#6836,#6837,#6838));
#4059=EDGE_LOOP('',(#6839,#6840,#6841,#6842));
#4060=EDGE_LOOP('',(#6843,#6844,#6845,#6846));
#4061=EDGE_LOOP('',(#6847,#6848,#6849,#6850));
#4062=EDGE_LOOP('',(#6851,#6852,#6853,#6854));
#4063=EDGE_LOOP('',(#6855,#6856,#6857,#6858));
#4064=EDGE_LOOP('',(#6859,#6860,#6861,#6862));
#4065=EDGE_LOOP('',(#6863,#6864,#6865,#6866));
#4066=EDGE_LOOP('',(#6867,#6868,#6869,#6870));
#4067=EDGE_LOOP('',(#6871,#6872,#6873,#6874));
#4068=EDGE_LOOP('',(#6875,#6876,#6877,#6878));
#4069=EDGE_LOOP('',(#6879,#6880,#6881,#6882));
#4070=EDGE_LOOP('',(#6883,#6884,#6885,#6886));
#4071=EDGE_LOOP('',(#6887,#6888,#6889,#6890));
#4072=EDGE_LOOP('',(#6891,#6892,#6893,#6894));
#4073=EDGE_LOOP('',(#6895,#6896,#6897,#6898));
#4074=EDGE_LOOP('',(#6899,#6900,#6901,#6902));
#4075=EDGE_LOOP('',(#6903,#6904,#6905,#6906));
#4076=EDGE_LOOP('',(#6907,#6908,#6909,#6910));
#4077=EDGE_LOOP('',(#6911,#6912,#6913,#6914));
#4078=EDGE_LOOP('',(#6915,#6916,#6917,#6918));
#4079=EDGE_LOOP('',(#6919,#6920,#6921,#6922));
#4080=EDGE_LOOP('',(#6923,#6924,#6925,#6926));
#4081=EDGE_LOOP('',(#6927,#6928,#6929,#6930));
#4082=EDGE_LOOP('',(#6931,#6932,#6933,#6934));
#4083=EDGE_LOOP('',(#6935,#6936,#6937,#6938));
#4084=EDGE_LOOP('',(#6939,#6940,#6941,#6942));
#4085=EDGE_LOOP('',(#6943,#6944,#6945,#6946));
#4086=EDGE_LOOP('',(#6947,#6948,#6949,#6950));
#4087=EDGE_LOOP('',(#6951,#6952,#6953,#6954));
#4088=EDGE_LOOP('',(#6955,#6956,#6957,#6958));
#4089=EDGE_LOOP('',(#6959,#6960,#6961,#6962));
#4090=EDGE_LOOP('',(#6963,#6964,#6965,#6966));
#4091=EDGE_LOOP('',(#6967,#6968,#6969,#6970));
#4092=EDGE_LOOP('',(#6971,#6972,#6973,#6974));
#4093=EDGE_LOOP('',(#6975,#6976,#6977,#6978));
#4094=EDGE_LOOP('',(#6979,#6980,#6981,#6982,#6983,#6984));
#4095=EDGE_LOOP('',(#6985,#6986,#6987,#6988));
#4096=EDGE_LOOP('',(#6989,#6990,#6991,#6992,#6993,#6994));
#4097=EDGE_LOOP('',(#6995,#6996,#6997,#6998,#6999,#7000));
#4098=EDGE_LOOP('',(#7001,#7002,#7003,#7004));
#4099=EDGE_LOOP('',(#7005,#7006,#7007,#7008));
#4100=EDGE_LOOP('',(#7009,#7010,#7011,#7012));
#4101=EDGE_LOOP('',(#7013,#7014,#7015,#7016));
#4102=EDGE_LOOP('',(#7017,#7018,#7019,#7020));
#4103=EDGE_LOOP('',(#7021,#7022,#7023,#7024));
#4104=EDGE_LOOP('',(#7025,#7026,#7027,#7028));
#4105=EDGE_LOOP('',(#7029,#7030,#7031,#7032));
#4106=EDGE_LOOP('',(#7033,#7034,#7035,#7036));
#4107=EDGE_LOOP('',(#7037,#7038,#7039,#7040));
#4108=EDGE_LOOP('',(#7041,#7042,#7043,#7044));
#4109=EDGE_LOOP('',(#7045,#7046,#7047,#7048));
#4110=EDGE_LOOP('',(#7049,#7050,#7051,#7052));
#4111=EDGE_LOOP('',(#7053,#7054,#7055,#7056));
#4112=EDGE_LOOP('',(#7057,#7058,#7059,#7060));
#4113=EDGE_LOOP('',(#7061,#7062,#7063,#7064));
#4114=EDGE_LOOP('',(#7065,#7066,#7067,#7068));
#4115=EDGE_LOOP('',(#7069,#7070,#7071,#7072));
#4116=EDGE_LOOP('',(#7073,#7074,#7075,#7076));
#4117=EDGE_LOOP('',(#7077,#7078,#7079,#7080));
#4118=EDGE_LOOP('',(#7081,#7082,#7083,#7084));
#4119=EDGE_LOOP('',(#7085,#7086,#7087,#7088));
#4120=EDGE_LOOP('',(#7089,#7090,#7091,#7092));
#4121=EDGE_LOOP('',(#7093,#7094,#7095,#7096));
#4122=EDGE_LOOP('',(#7097,#7098,#7099,#7100));
#4123=EDGE_LOOP('',(#7101,#7102,#7103,#7104));
#4124=EDGE_LOOP('',(#7105,#7106,#7107,#7108));
#4125=EDGE_LOOP('',(#7109,#7110,#7111,#7112));
#4126=EDGE_LOOP('',(#7113,#7114,#7115,#7116));
#4127=EDGE_LOOP('',(#7117,#7118,#7119,#7120));
#4128=EDGE_LOOP('',(#7121,#7122,#7123,#7124));
#4129=EDGE_LOOP('',(#7125,#7126,#7127,#7128));
#4130=EDGE_LOOP('',(#7129,#7130,#7131,#7132));
#4131=EDGE_LOOP('',(#7133,#7134,#7135,#7136));
#4132=EDGE_LOOP('',(#7137,#7138,#7139,#7140));
#4133=EDGE_LOOP('',(#7141,#7142,#7143,#7144));
#4134=EDGE_LOOP('',(#7145,#7146,#7147,#7148));
#4135=EDGE_LOOP('',(#7149,#7150,#7151,#7152));
#4136=EDGE_LOOP('',(#7153,#7154,#7155,#7156));
#4137=EDGE_LOOP('',(#7157,#7158,#7159,#7160));
#4138=EDGE_LOOP('',(#7161,#7162,#7163,#7164));
#4139=EDGE_LOOP('',(#7165,#7166,#7167,#7168));
#4140=EDGE_LOOP('',(#7169,#7170,#7171,#7172));
#4141=EDGE_LOOP('',(#7173,#7174,#7175,#7176));
#4142=EDGE_LOOP('',(#7177,#7178,#7179,#7180));
#4143=EDGE_LOOP('',(#7181,#7182,#7183,#7184));
#4144=EDGE_LOOP('',(#7185,#7186,#7187,#7188));
#4145=EDGE_LOOP('',(#7189,#7190,#7191,#7192));
#4146=EDGE_LOOP('',(#7193,#7194,#7195,#7196));
#4147=EDGE_LOOP('',(#7197,#7198,#7199,#7200));
#4148=EDGE_LOOP('',(#7201,#7202,#7203,#7204));
#4149=EDGE_LOOP('',(#7205,#7206,#7207,#7208));
#4150=EDGE_LOOP('',(#7209,#7210,#7211,#7212));
#4151=EDGE_LOOP('',(#7213,#7214,#7215,#7216));
#4152=EDGE_LOOP('',(#7217,#7218,#7219,#7220));
#4153=EDGE_LOOP('',(#7221,#7222,#7223,#7224));
#4154=EDGE_LOOP('',(#7225,#7226,#7227,#7228));
#4155=EDGE_LOOP('',(#7229,#7230,#7231,#7232));
#4156=EDGE_LOOP('',(#7233,#7234,#7235,#7236));
#4157=EDGE_LOOP('',(#7237,#7238,#7239,#7240));
#4158=EDGE_LOOP('',(#7241,#7242,#7243,#7244));
#4159=EDGE_LOOP('',(#7245,#7246,#7247,#7248));
#4160=EDGE_LOOP('',(#7249,#7250,#7251,#7252));
#4161=EDGE_LOOP('',(#7253,#7254,#7255,#7256));
#4162=EDGE_LOOP('',(#7257,#7258,#7259,#7260));
#4163=EDGE_LOOP('',(#7261,#7262,#7263,#7264));
#4164=EDGE_LOOP('',(#7265,#7266,#7267,#7268));
#4165=EDGE_LOOP('',(#7269,#7270,#7271,#7272));
#4166=EDGE_LOOP('',(#7273,#7274,#7275,#7276));
#4167=EDGE_LOOP('',(#7277,#7278,#7279,#7280));
#4168=EDGE_LOOP('',(#7281,#7282,#7283,#7284));
#4169=EDGE_LOOP('',(#7285,#7286,#7287,#7288));
#4170=EDGE_LOOP('',(#7289,#7290,#7291,#7292));
#4171=EDGE_LOOP('',(#7293,#7294,#7295,#7296));
#4172=EDGE_LOOP('',(#7297,#7298,#7299,#7300));
#4173=EDGE_LOOP('',(#7301,#7302,#7303,#7304));
#4174=EDGE_LOOP('',(#7305,#7306,#7307,#7308));
#4175=EDGE_LOOP('',(#7309,#7310,#7311,#7312));
#4176=EDGE_LOOP('',(#7313,#7314,#7315,#7316));
#4177=EDGE_LOOP('',(#7317,#7318,#7319,#7320));
#4178=EDGE_LOOP('',(#7321,#7322,#7323,#7324));
#4179=EDGE_LOOP('',(#7325,#7326,#7327,#7328));
#4180=EDGE_LOOP('',(#7329,#7330,#7331,#7332));
#4181=EDGE_LOOP('',(#7333,#7334,#7335,#7336));
#4182=EDGE_LOOP('',(#7337,#7338,#7339,#7340));
#4183=EDGE_LOOP('',(#7341,#7342,#7343,#7344));
#4184=EDGE_LOOP('',(#7345,#7346,#7347,#7348));
#4185=EDGE_LOOP('',(#7349,#7350,#7351,#7352));
#4186=EDGE_LOOP('',(#7353,#7354,#7355,#7356));
#4187=EDGE_LOOP('',(#7357,#7358,#7359,#7360));
#4188=EDGE_LOOP('',(#7361,#7362,#7363,#7364));
#4189=EDGE_LOOP('',(#7365,#7366,#7367,#7368));
#4190=EDGE_LOOP('',(#7369,#7370,#7371,#7372));
#4191=EDGE_LOOP('',(#7373,#7374,#7375,#7376));
#4192=EDGE_LOOP('',(#7377,#7378,#7379,#7380));
#4193=EDGE_LOOP('',(#7381,#7382,#7383,#7384));
#4194=EDGE_LOOP('',(#7385,#7386,#7387,#7388));
#4195=EDGE_LOOP('',(#7389,#7390,#7391,#7392));
#4196=EDGE_LOOP('',(#7393,#7394,#7395,#7396));
#4197=EDGE_LOOP('',(#7397,#7398,#7399,#7400));
#4198=EDGE_LOOP('',(#7401,#7402,#7403,#7404));
#4199=EDGE_LOOP('',(#7405,#7406,#7407,#7408));
#4200=EDGE_LOOP('',(#7409,#7410,#7411,#7412));
#4201=EDGE_LOOP('',(#7413,#7414,#7415,#7416));
#4202=EDGE_LOOP('',(#7417,#7418,#7419,#7420));
#4203=EDGE_LOOP('',(#7421,#7422,#7423,#7424));
#4204=EDGE_LOOP('',(#7425,#7426,#7427,#7428));
#4205=EDGE_LOOP('',(#7429,#7430,#7431,#7432));
#4206=EDGE_LOOP('',(#7433,#7434,#7435,#7436));
#4207=EDGE_LOOP('',(#7437,#7438,#7439,#7440));
#4208=EDGE_LOOP('',(#7441,#7442,#7443,#7444));
#4209=EDGE_LOOP('',(#7445,#7446,#7447,#7448));
#4210=EDGE_LOOP('',(#7449,#7450,#7451,#7452));
#4211=EDGE_LOOP('',(#7453,#7454,#7455,#7456));
#4212=EDGE_LOOP('',(#7457,#7458,#7459,#7460));
#4213=EDGE_LOOP('',(#7461,#7462,#7463,#7464));
#4214=EDGE_LOOP('',(#7465,#7466,#7467,#7468));
#4215=EDGE_LOOP('',(#7469,#7470,#7471,#7472));
#4216=EDGE_LOOP('',(#7473,#7474,#7475,#7476));
#4217=EDGE_LOOP('',(#7477,#7478,#7479,#7480));
#4218=EDGE_LOOP('',(#7481,#7482,#7483,#7484));
#4219=EDGE_LOOP('',(#7485,#7486,#7487,#7488));
#4220=EDGE_LOOP('',(#7489,#7490,#7491,#7492));
#4221=EDGE_LOOP('',(#7493,#7494,#7495,#7496));
#4222=EDGE_LOOP('',(#7497,#7498,#7499,#7500));
#4223=EDGE_LOOP('',(#7501,#7502,#7503,#7504));
#4224=EDGE_LOOP('',(#7505,#7506,#7507,#7508));
#4225=EDGE_LOOP('',(#7509,#7510,#7511,#7512));
#4226=EDGE_LOOP('',(#7513,#7514,#7515,#7516));
#4227=EDGE_LOOP('',(#7517,#7518,#7519,#7520));
#4228=EDGE_LOOP('',(#7521,#7522,#7523,#7524));
#4229=EDGE_LOOP('',(#7525,#7526,#7527,#7528));
#4230=EDGE_LOOP('',(#7529,#7530,#7531,#7532));
#4231=EDGE_LOOP('',(#7533,#7534,#7535,#7536));
#4232=EDGE_LOOP('',(#7537,#7538,#7539,#7540));
#4233=EDGE_LOOP('',(#7541,#7542,#7543,#7544));
#4234=EDGE_LOOP('',(#7545,#7546,#7547,#7548));
#4235=EDGE_LOOP('',(#7549,#7550,#7551,#7552));
#4236=EDGE_LOOP('',(#7553,#7554,#7555,#7556));
#4237=EDGE_LOOP('',(#7557,#7558,#7559,#7560));
#4238=EDGE_LOOP('',(#7561,#7562,#7563,#7564));
#4239=EDGE_LOOP('',(#7565,#7566,#7567,#7568));
#4240=EDGE_LOOP('',(#7569,#7570,#7571,#7572));
#4241=EDGE_LOOP('',(#7573,#7574,#7575,#7576));
#4242=EDGE_LOOP('',(#7577,#7578,#7579,#7580));
#4243=EDGE_LOOP('',(#7581,#7582,#7583,#7584));
#4244=EDGE_LOOP('',(#7585,#7586,#7587,#7588));
#4245=EDGE_LOOP('',(#7589,#7590,#7591,#7592));
#4246=EDGE_LOOP('',(#7593,#7594,#7595,#7596));
#4247=EDGE_LOOP('',(#7597,#7598,#7599,#7600));
#4248=EDGE_LOOP('',(#7601,#7602,#7603,#7604));
#4249=EDGE_LOOP('',(#7605,#7606,#7607,#7608));
#4250=EDGE_LOOP('',(#7609,#7610,#7611,#7612));
#4251=EDGE_LOOP('',(#7613,#7614,#7615,#7616));
#4252=EDGE_LOOP('',(#7617,#7618,#7619,#7620));
#4253=EDGE_LOOP('',(#7621,#7622,#7623,#7624));
#4254=EDGE_LOOP('',(#7625,#7626,#7627,#7628));
#4255=EDGE_LOOP('',(#7629,#7630,#7631,#7632));
#4256=EDGE_LOOP('',(#7633,#7634,#7635,#7636));
#4257=EDGE_LOOP('',(#7637,#7638,#7639,#7640));
#4258=EDGE_LOOP('',(#7641,#7642,#7643,#7644));
#4259=EDGE_LOOP('',(#7645,#7646,#7647,#7648));
#4260=EDGE_LOOP('',(#7649,#7650,#7651,#7652));
#4261=EDGE_LOOP('',(#7653,#7654,#7655,#7656));
#4262=EDGE_LOOP('',(#7657,#7658,#7659,#7660));
#4263=EDGE_LOOP('',(#7661,#7662,#7663,#7664));
#4264=EDGE_LOOP('',(#7665,#7666,#7667,#7668));
#4265=EDGE_LOOP('',(#7669,#7670,#7671,#7672));
#4266=EDGE_LOOP('',(#7673,#7674,#7675,#7676));
#4267=EDGE_LOOP('',(#7677,#7678,#7679,#7680));
#4268=EDGE_LOOP('',(#7681,#7682,#7683,#7684));
#4269=EDGE_LOOP('',(#7685,#7686,#7687,#7688));
#4270=EDGE_LOOP('',(#7689,#7690,#7691,#7692));
#4271=EDGE_LOOP('',(#7693,#7694,#7695,#7696));
#4272=EDGE_LOOP('',(#7697,#7698,#7699,#7700,#7701,#7702,#7703,#7704,#7705,
#7706,#7707,#7708,#7709,#7710,#7711,#7712,#7713,#7714,#7715,#7716,#7717,
#7718,#7719,#7720,#7721,#7722,#7723,#7724,#7725,#7726));
#4273=EDGE_LOOP('',(#7727,#7728,#7729,#7730));
#4274=EDGE_LOOP('',(#7731,#7732,#7733,#7734));
#4275=EDGE_LOOP('',(#7735,#7736,#7737,#7738));
#4276=EDGE_LOOP('',(#7739,#7740,#7741,#7742));
#4277=EDGE_LOOP('',(#7743,#7744,#7745,#7746));
#4278=EDGE_LOOP('',(#7747,#7748,#7749,#7750));
#4279=EDGE_LOOP('',(#7751,#7752,#7753,#7754));
#4280=EDGE_LOOP('',(#7755,#7756,#7757,#7758));
#4281=EDGE_LOOP('',(#7759,#7760,#7761,#7762));
#4282=EDGE_LOOP('',(#7763));
#4283=EDGE_LOOP('',(#7764));
#4284=EDGE_LOOP('',(#7765));
#4285=EDGE_LOOP('',(#7766));
#4286=EDGE_LOOP('',(#7767));
#4287=EDGE_LOOP('',(#7768));
#4288=EDGE_LOOP('',(#7769));
#4289=EDGE_LOOP('',(#7770));
#4290=EDGE_LOOP('',(#7771));
#4291=EDGE_LOOP('',(#7772));
#4292=EDGE_LOOP('',(#7773));
#4293=EDGE_LOOP('',(#7774));
#4294=EDGE_LOOP('',(#7775));
#4295=EDGE_LOOP('',(#7776));
#4296=EDGE_LOOP('',(#7777));
#4297=EDGE_LOOP('',(#7778));
#4298=EDGE_LOOP('',(#7779));
#4299=EDGE_LOOP('',(#7780));
#4300=EDGE_LOOP('',(#7781));
#4301=EDGE_LOOP('',(#7782));
#4302=EDGE_LOOP('',(#7783));
#4303=EDGE_LOOP('',(#7784));
#4304=EDGE_LOOP('',(#7785));
#4305=EDGE_LOOP('',(#7786));
#4306=EDGE_LOOP('',(#7787));
#4307=EDGE_LOOP('',(#7788));
#4308=EDGE_LOOP('',(#7789));
#4309=EDGE_LOOP('',(#7790));
#4310=EDGE_LOOP('',(#7791));
#4311=EDGE_LOOP('',(#7792));
#4312=EDGE_LOOP('',(#7793));
#4313=EDGE_LOOP('',(#7794));
#4314=EDGE_LOOP('',(#7795));
#4315=EDGE_LOOP('',(#7796));
#4316=EDGE_LOOP('',(#7797));
#4317=EDGE_LOOP('',(#7798));
#4318=EDGE_LOOP('',(#7799));
#4319=EDGE_LOOP('',(#7800));
#4320=EDGE_LOOP('',(#7801));
#4321=EDGE_LOOP('',(#7802));
#4322=EDGE_LOOP('',(#7803));
#4323=EDGE_LOOP('',(#7804));
#4324=EDGE_LOOP('',(#7805));
#4325=EDGE_LOOP('',(#7806));
#4326=EDGE_LOOP('',(#7807));
#4327=EDGE_LOOP('',(#7808));
#4328=EDGE_LOOP('',(#7809));
#4329=EDGE_LOOP('',(#7810));
#4330=EDGE_LOOP('',(#7811));
#4331=EDGE_LOOP('',(#7812));
#4332=EDGE_LOOP('',(#7813));
#4333=EDGE_LOOP('',(#7814));
#4334=EDGE_LOOP('',(#7815));
#4335=EDGE_LOOP('',(#7816));
#4336=EDGE_LOOP('',(#7817));
#4337=EDGE_LOOP('',(#7818));
#4338=EDGE_LOOP('',(#7819));
#4339=EDGE_LOOP('',(#7820));
#4340=EDGE_LOOP('',(#7821));
#4341=EDGE_LOOP('',(#7822));
#4342=EDGE_LOOP('',(#7823));
#4343=EDGE_LOOP('',(#7824));
#4344=EDGE_LOOP('',(#7825));
#4345=EDGE_LOOP('',(#7826));
#4346=EDGE_LOOP('',(#7827));
#4347=EDGE_LOOP('',(#7828));
#4348=EDGE_LOOP('',(#7829));
#4349=EDGE_LOOP('',(#7830));
#4350=EDGE_LOOP('',(#7831));
#4351=EDGE_LOOP('',(#7832));
#4352=EDGE_LOOP('',(#7833));
#4353=EDGE_LOOP('',(#7834));
#4354=EDGE_LOOP('',(#7835));
#4355=EDGE_LOOP('',(#7836));
#4356=EDGE_LOOP('',(#7837));
#4357=EDGE_LOOP('',(#7838));
#4358=EDGE_LOOP('',(#7839));
#4359=EDGE_LOOP('',(#7840));
#4360=EDGE_LOOP('',(#7841));
#4361=EDGE_LOOP('',(#7842));
#4362=EDGE_LOOP('',(#7843));
#4363=EDGE_LOOP('',(#7844));
#4364=EDGE_LOOP('',(#7845));
#4365=EDGE_LOOP('',(#7846));
#4366=EDGE_LOOP('',(#7847));
#4367=EDGE_LOOP('',(#7848));
#4368=EDGE_LOOP('',(#7849));
#4369=EDGE_LOOP('',(#7850));
#4370=EDGE_LOOP('',(#7851));
#4371=EDGE_LOOP('',(#7852));
#4372=EDGE_LOOP('',(#7853));
#4373=EDGE_LOOP('',(#7854));
#4374=EDGE_LOOP('',(#7855));
#4375=EDGE_LOOP('',(#7856));
#4376=EDGE_LOOP('',(#7857));
#4377=EDGE_LOOP('',(#7858));
#4378=EDGE_LOOP('',(#7859));
#4379=EDGE_LOOP('',(#7860));
#4380=EDGE_LOOP('',(#7861));
#4381=EDGE_LOOP('',(#7862));
#4382=EDGE_LOOP('',(#7863));
#4383=EDGE_LOOP('',(#7864));
#4384=EDGE_LOOP('',(#7865));
#4385=EDGE_LOOP('',(#7866));
#4386=EDGE_LOOP('',(#7867));
#4387=EDGE_LOOP('',(#7868));
#4388=EDGE_LOOP('',(#7869));
#4389=EDGE_LOOP('',(#7870));
#4390=EDGE_LOOP('',(#7871));
#4391=EDGE_LOOP('',(#7872));
#4392=EDGE_LOOP('',(#7873));
#4393=EDGE_LOOP('',(#7874));
#4394=EDGE_LOOP('',(#7875));
#4395=EDGE_LOOP('',(#7876));
#4396=EDGE_LOOP('',(#7877));
#4397=EDGE_LOOP('',(#7878));
#4398=EDGE_LOOP('',(#7879));
#4399=EDGE_LOOP('',(#7880));
#4400=EDGE_LOOP('',(#7881));
#4401=EDGE_LOOP('',(#7882));
#4402=EDGE_LOOP('',(#7883));
#4403=EDGE_LOOP('',(#7884));
#4404=EDGE_LOOP('',(#7885));
#4405=EDGE_LOOP('',(#7886));
#4406=EDGE_LOOP('',(#7887));
#4407=EDGE_LOOP('',(#7888));
#4408=EDGE_LOOP('',(#7889));
#4409=EDGE_LOOP('',(#7890));
#4410=EDGE_LOOP('',(#7891,#7892,#7893,#7894));
#4411=EDGE_LOOP('',(#7895,#7896,#7897,#7898));
#4412=EDGE_LOOP('',(#7899,#7900,#7901,#7902));
#4413=EDGE_LOOP('',(#7903,#7904,#7905,#7906));
#4414=EDGE_LOOP('',(#7907,#7908,#7909,#7910,#7911,#7912,#7913,#7914,#7915,
#7916));
#4415=EDGE_LOOP('',(#7917,#7918,#7919,#7920,#7921));
#4416=EDGE_LOOP('',(#7922,#7923,#7924,#7925,#7926,#7927,#7928,#7929,#7930,
#7931,#7932,#7933,#7934,#7935,#7936,#7937));
#4417=EDGE_LOOP('',(#7938,#7939,#7940,#7941));
#4418=EDGE_LOOP('',(#7942,#7943,#7944,#7945));
#4419=EDGE_LOOP('',(#7946));
#4420=EDGE_LOOP('',(#7947));
#4421=EDGE_LOOP('',(#7948));
#4422=EDGE_LOOP('',(#7949));
#4423=EDGE_LOOP('',(#7950));
#4424=EDGE_LOOP('',(#7951));
#4425=EDGE_LOOP('',(#7952));
#4426=EDGE_LOOP('',(#7953));
#4427=EDGE_LOOP('',(#7954));
#4428=EDGE_LOOP('',(#7955));
#4429=EDGE_LOOP('',(#7956));
#4430=EDGE_LOOP('',(#7957));
#4431=EDGE_LOOP('',(#7958));
#4432=EDGE_LOOP('',(#7959));
#4433=EDGE_LOOP('',(#7960));
#4434=EDGE_LOOP('',(#7961));
#4435=EDGE_LOOP('',(#7962));
#4436=EDGE_LOOP('',(#7963));
#4437=EDGE_LOOP('',(#7964));
#4438=EDGE_LOOP('',(#7965));
#4439=EDGE_LOOP('',(#7966));
#4440=EDGE_LOOP('',(#7967));
#4441=EDGE_LOOP('',(#7968));
#4442=EDGE_LOOP('',(#7969));
#4443=EDGE_LOOP('',(#7970));
#4444=EDGE_LOOP('',(#7971));
#4445=EDGE_LOOP('',(#7972));
#4446=EDGE_LOOP('',(#7973));
#4447=EDGE_LOOP('',(#7974));
#4448=EDGE_LOOP('',(#7975));
#4449=EDGE_LOOP('',(#7976));
#4450=EDGE_LOOP('',(#7977));
#4451=EDGE_LOOP('',(#7978,#7979,#7980,#7981));
#4452=EDGE_LOOP('',(#7982,#7983,#7984,#7985));
#4453=EDGE_LOOP('',(#7986));
#4454=EDGE_LOOP('',(#7987));
#4455=EDGE_LOOP('',(#7988));
#4456=EDGE_LOOP('',(#7989));
#4457=EDGE_LOOP('',(#7990));
#4458=EDGE_LOOP('',(#7991));
#4459=EDGE_LOOP('',(#7992));
#4460=EDGE_LOOP('',(#7993));
#4461=EDGE_LOOP('',(#7994));
#4462=EDGE_LOOP('',(#7995));
#4463=EDGE_LOOP('',(#7996));
#4464=EDGE_LOOP('',(#7997));
#4465=EDGE_LOOP('',(#7998));
#4466=EDGE_LOOP('',(#7999));
#4467=EDGE_LOOP('',(#8000));
#4468=EDGE_LOOP('',(#8001));
#4469=EDGE_LOOP('',(#8002));
#4470=EDGE_LOOP('',(#8003));
#4471=EDGE_LOOP('',(#8004));
#4472=EDGE_LOOP('',(#8005));
#4473=EDGE_LOOP('',(#8006));
#4474=EDGE_LOOP('',(#8007));
#4475=EDGE_LOOP('',(#8008));
#4476=EDGE_LOOP('',(#8009));
#4477=EDGE_LOOP('',(#8010));
#4478=EDGE_LOOP('',(#8011));
#4479=EDGE_LOOP('',(#8012));
#4480=EDGE_LOOP('',(#8013));
#4481=EDGE_LOOP('',(#8014));
#4482=EDGE_LOOP('',(#8015));
#4483=EDGE_LOOP('',(#8016));
#4484=EDGE_LOOP('',(#8017));
#4485=EDGE_LOOP('',(#8018,#8019,#8020,#8021));
#4486=EDGE_LOOP('',(#8022));
#4487=EDGE_LOOP('',(#8023));
#4488=EDGE_LOOP('',(#8024));
#4489=EDGE_LOOP('',(#8025));
#4490=EDGE_LOOP('',(#8026));
#4491=EDGE_LOOP('',(#8027));
#4492=EDGE_LOOP('',(#8028));
#4493=EDGE_LOOP('',(#8029));
#4494=EDGE_LOOP('',(#8030));
#4495=EDGE_LOOP('',(#8031));
#4496=EDGE_LOOP('',(#8032));
#4497=EDGE_LOOP('',(#8033));
#4498=EDGE_LOOP('',(#8034));
#4499=EDGE_LOOP('',(#8035));
#4500=EDGE_LOOP('',(#8036));
#4501=EDGE_LOOP('',(#8037));
#4502=EDGE_LOOP('',(#8038));
#4503=EDGE_LOOP('',(#8039));
#4504=EDGE_LOOP('',(#8040));
#4505=EDGE_LOOP('',(#8041));
#4506=EDGE_LOOP('',(#8042));
#4507=EDGE_LOOP('',(#8043));
#4508=EDGE_LOOP('',(#8044));
#4509=EDGE_LOOP('',(#8045));
#4510=EDGE_LOOP('',(#8046));
#4511=EDGE_LOOP('',(#8047));
#4512=EDGE_LOOP('',(#8048));
#4513=EDGE_LOOP('',(#8049));
#4514=EDGE_LOOP('',(#8050));
#4515=EDGE_LOOP('',(#8051));
#4516=EDGE_LOOP('',(#8052));
#4517=EDGE_LOOP('',(#8053));
#4518=EDGE_LOOP('',(#8054,#8055,#8056,#8057));
#4519=EDGE_LOOP('',(#8058,#8059,#8060,#8061));
#4520=EDGE_LOOP('',(#8062));
#4521=EDGE_LOOP('',(#8063));
#4522=EDGE_LOOP('',(#8064));
#4523=EDGE_LOOP('',(#8065));
#4524=EDGE_LOOP('',(#8066));
#4525=EDGE_LOOP('',(#8067));
#4526=EDGE_LOOP('',(#8068));
#4527=EDGE_LOOP('',(#8069));
#4528=EDGE_LOOP('',(#8070));
#4529=EDGE_LOOP('',(#8071));
#4530=EDGE_LOOP('',(#8072));
#4531=EDGE_LOOP('',(#8073));
#4532=EDGE_LOOP('',(#8074));
#4533=EDGE_LOOP('',(#8075));
#4534=EDGE_LOOP('',(#8076));
#4535=EDGE_LOOP('',(#8077));
#4536=EDGE_LOOP('',(#8078));
#4537=EDGE_LOOP('',(#8079));
#4538=EDGE_LOOP('',(#8080));
#4539=EDGE_LOOP('',(#8081));
#4540=EDGE_LOOP('',(#8082));
#4541=EDGE_LOOP('',(#8083));
#4542=EDGE_LOOP('',(#8084));
#4543=EDGE_LOOP('',(#8085));
#4544=EDGE_LOOP('',(#8086));
#4545=EDGE_LOOP('',(#8087));
#4546=EDGE_LOOP('',(#8088));
#4547=EDGE_LOOP('',(#8089));
#4548=EDGE_LOOP('',(#8090));
#4549=EDGE_LOOP('',(#8091));
#4550=EDGE_LOOP('',(#8092));
#4551=EDGE_LOOP('',(#8093));
#4552=EDGE_LOOP('',(#8094,#8095,#8096,#8097));
#4553=EDGE_LOOP('',(#8098,#8099,#8100,#8101));
#4554=EDGE_LOOP('',(#8102,#8103,#8104,#8105));
#4555=EDGE_LOOP('',(#8106,#8107,#8108,#8109,#8110));
#4556=EDGE_LOOP('',(#8111,#8112,#8113,#8114));
#4557=EDGE_LOOP('',(#8115,#8116,#8117,#8118));
#4558=EDGE_LOOP('',(#8119,#8120,#8121,#8122));
#4559=EDGE_LOOP('',(#8123,#8124,#8125,#8126));
#4560=EDGE_LOOP('',(#8127,#8128,#8129,#8130));
#4561=EDGE_LOOP('',(#8131,#8132,#8133,#8134));
#4562=EDGE_LOOP('',(#8135));
#4563=EDGE_LOOP('',(#8136));
#4564=EDGE_LOOP('',(#8137));
#4565=EDGE_LOOP('',(#8138));
#4566=EDGE_LOOP('',(#8139));
#4567=EDGE_LOOP('',(#8140));
#4568=EDGE_LOOP('',(#8141));
#4569=EDGE_LOOP('',(#8142));
#4570=EDGE_LOOP('',(#8143));
#4571=EDGE_LOOP('',(#8144));
#4572=EDGE_LOOP('',(#8145));
#4573=EDGE_LOOP('',(#8146));
#4574=EDGE_LOOP('',(#8147));
#4575=EDGE_LOOP('',(#8148));
#4576=EDGE_LOOP('',(#8149));
#4577=EDGE_LOOP('',(#8150));
#4578=EDGE_LOOP('',(#8151));
#4579=EDGE_LOOP('',(#8152));
#4580=EDGE_LOOP('',(#8153));
#4581=EDGE_LOOP('',(#8154));
#4582=EDGE_LOOP('',(#8155));
#4583=EDGE_LOOP('',(#8156));
#4584=EDGE_LOOP('',(#8157));
#4585=EDGE_LOOP('',(#8158));
#4586=EDGE_LOOP('',(#8159));
#4587=EDGE_LOOP('',(#8160));
#4588=EDGE_LOOP('',(#8161));
#4589=EDGE_LOOP('',(#8162));
#4590=EDGE_LOOP('',(#8163));
#4591=EDGE_LOOP('',(#8164));
#4592=EDGE_LOOP('',(#8165));
#4593=EDGE_LOOP('',(#8166));
#4594=EDGE_LOOP('',(#8167));
#4595=EDGE_LOOP('',(#8168));
#4596=EDGE_LOOP('',(#8169));
#4597=EDGE_LOOP('',(#8170));
#4598=EDGE_LOOP('',(#8171));
#4599=EDGE_LOOP('',(#8172));
#4600=EDGE_LOOP('',(#8173));
#4601=EDGE_LOOP('',(#8174));
#4602=EDGE_LOOP('',(#8175));
#4603=EDGE_LOOP('',(#8176));
#4604=EDGE_LOOP('',(#8177));
#4605=EDGE_LOOP('',(#8178));
#4606=EDGE_LOOP('',(#8179));
#4607=EDGE_LOOP('',(#8180));
#4608=EDGE_LOOP('',(#8181));
#4609=EDGE_LOOP('',(#8182));
#4610=EDGE_LOOP('',(#8183));
#4611=EDGE_LOOP('',(#8184));
#4612=EDGE_LOOP('',(#8185));
#4613=EDGE_LOOP('',(#8186));
#4614=EDGE_LOOP('',(#8187));
#4615=EDGE_LOOP('',(#8188));
#4616=EDGE_LOOP('',(#8189));
#4617=EDGE_LOOP('',(#8190));
#4618=EDGE_LOOP('',(#8191));
#4619=EDGE_LOOP('',(#8192));
#4620=EDGE_LOOP('',(#8193));
#4621=EDGE_LOOP('',(#8194));
#4622=EDGE_LOOP('',(#8195));
#4623=EDGE_LOOP('',(#8196));
#4624=EDGE_LOOP('',(#8197));
#4625=EDGE_LOOP('',(#8198));
#4626=EDGE_LOOP('',(#8199));
#4627=EDGE_LOOP('',(#8200));
#4628=EDGE_LOOP('',(#8201));
#4629=EDGE_LOOP('',(#8202));
#4630=EDGE_LOOP('',(#8203));
#4631=EDGE_LOOP('',(#8204));
#4632=EDGE_LOOP('',(#8205));
#4633=EDGE_LOOP('',(#8206));
#4634=EDGE_LOOP('',(#8207));
#4635=EDGE_LOOP('',(#8208));
#4636=EDGE_LOOP('',(#8209));
#4637=EDGE_LOOP('',(#8210));
#4638=EDGE_LOOP('',(#8211));
#4639=EDGE_LOOP('',(#8212));
#4640=EDGE_LOOP('',(#8213));
#4641=EDGE_LOOP('',(#8214));
#4642=EDGE_LOOP('',(#8215));
#4643=EDGE_LOOP('',(#8216));
#4644=EDGE_LOOP('',(#8217));
#4645=EDGE_LOOP('',(#8218));
#4646=EDGE_LOOP('',(#8219));
#4647=EDGE_LOOP('',(#8220));
#4648=EDGE_LOOP('',(#8221));
#4649=EDGE_LOOP('',(#8222));
#4650=EDGE_LOOP('',(#8223));
#4651=EDGE_LOOP('',(#8224));
#4652=EDGE_LOOP('',(#8225));
#4653=EDGE_LOOP('',(#8226));
#4654=EDGE_LOOP('',(#8227));
#4655=EDGE_LOOP('',(#8228));
#4656=EDGE_LOOP('',(#8229));
#4657=EDGE_LOOP('',(#8230));
#4658=EDGE_LOOP('',(#8231));
#4659=EDGE_LOOP('',(#8232));
#4660=EDGE_LOOP('',(#8233));
#4661=EDGE_LOOP('',(#8234));
#4662=EDGE_LOOP('',(#8235));
#4663=EDGE_LOOP('',(#8236));
#4664=EDGE_LOOP('',(#8237));
#4665=EDGE_LOOP('',(#8238));
#4666=EDGE_LOOP('',(#8239));
#4667=EDGE_LOOP('',(#8240));
#4668=EDGE_LOOP('',(#8241));
#4669=EDGE_LOOP('',(#8242));
#4670=EDGE_LOOP('',(#8243));
#4671=EDGE_LOOP('',(#8244));
#4672=EDGE_LOOP('',(#8245));
#4673=EDGE_LOOP('',(#8246));
#4674=EDGE_LOOP('',(#8247));
#4675=EDGE_LOOP('',(#8248));
#4676=EDGE_LOOP('',(#8249));
#4677=EDGE_LOOP('',(#8250));
#4678=EDGE_LOOP('',(#8251));
#4679=EDGE_LOOP('',(#8252));
#4680=EDGE_LOOP('',(#8253));
#4681=EDGE_LOOP('',(#8254));
#4682=EDGE_LOOP('',(#8255));
#4683=EDGE_LOOP('',(#8256));
#4684=EDGE_LOOP('',(#8257));
#4685=EDGE_LOOP('',(#8258));
#4686=EDGE_LOOP('',(#8259));
#4687=EDGE_LOOP('',(#8260));
#4688=EDGE_LOOP('',(#8261));
#4689=EDGE_LOOP('',(#8262));
#4690=EDGE_LOOP('',(#8263));
#4691=EDGE_LOOP('',(#8264));
#4692=EDGE_LOOP('',(#8265));
#4693=EDGE_LOOP('',(#8266));
#4694=EDGE_LOOP('',(#8267));
#4695=EDGE_LOOP('',(#8268));
#4696=EDGE_LOOP('',(#8269));
#4697=EDGE_LOOP('',(#8270));
#4698=EDGE_LOOP('',(#8271));
#4699=EDGE_LOOP('',(#8272));
#4700=EDGE_LOOP('',(#8273));
#4701=EDGE_LOOP('',(#8274));
#4702=EDGE_LOOP('',(#8275));
#4703=EDGE_LOOP('',(#8276));
#4704=EDGE_LOOP('',(#8277));
#4705=EDGE_LOOP('',(#8278));
#4706=EDGE_LOOP('',(#8279));
#4707=EDGE_LOOP('',(#8280));
#4708=EDGE_LOOP('',(#8281));
#4709=EDGE_LOOP('',(#8282));
#4710=EDGE_LOOP('',(#8283));
#4711=EDGE_LOOP('',(#8284));
#4712=EDGE_LOOP('',(#8285));
#4713=EDGE_LOOP('',(#8286));
#4714=EDGE_LOOP('',(#8287));
#4715=EDGE_LOOP('',(#8288));
#4716=EDGE_LOOP('',(#8289));
#4717=EDGE_LOOP('',(#8290));
#4718=EDGE_LOOP('',(#8291));
#4719=EDGE_LOOP('',(#8292));
#4720=EDGE_LOOP('',(#8293));
#4721=EDGE_LOOP('',(#8294));
#4722=EDGE_LOOP('',(#8295));
#4723=EDGE_LOOP('',(#8296));
#4724=EDGE_LOOP('',(#8297));
#4725=EDGE_LOOP('',(#8298));
#4726=EDGE_LOOP('',(#8299));
#4727=EDGE_LOOP('',(#8300));
#4728=EDGE_LOOP('',(#8301));
#4729=EDGE_LOOP('',(#8302));
#4730=EDGE_LOOP('',(#8303));
#4731=EDGE_LOOP('',(#8304));
#4732=EDGE_LOOP('',(#8305));
#4733=EDGE_LOOP('',(#8306));
#4734=EDGE_LOOP('',(#8307));
#4735=EDGE_LOOP('',(#8308));
#4736=EDGE_LOOP('',(#8309));
#4737=EDGE_LOOP('',(#8310));
#4738=EDGE_LOOP('',(#8311));
#4739=EDGE_LOOP('',(#8312));
#4740=EDGE_LOOP('',(#8313));
#4741=EDGE_LOOP('',(#8314));
#4742=EDGE_LOOP('',(#8315));
#4743=EDGE_LOOP('',(#8316));
#4744=EDGE_LOOP('',(#8317));
#4745=EDGE_LOOP('',(#8318));
#4746=EDGE_LOOP('',(#8319));
#4747=EDGE_LOOP('',(#8320));
#4748=EDGE_LOOP('',(#8321));
#4749=EDGE_LOOP('',(#8322));
#4750=EDGE_LOOP('',(#8323));
#4751=EDGE_LOOP('',(#8324));
#4752=EDGE_LOOP('',(#8325));
#4753=EDGE_LOOP('',(#8326));
#4754=EDGE_LOOP('',(#8327));
#4755=EDGE_LOOP('',(#8328));
#4756=EDGE_LOOP('',(#8329));
#4757=EDGE_LOOP('',(#8330));
#4758=EDGE_LOOP('',(#8331));
#4759=EDGE_LOOP('',(#8332));
#4760=EDGE_LOOP('',(#8333));
#4761=EDGE_LOOP('',(#8334));
#4762=EDGE_LOOP('',(#8335));
#4763=EDGE_LOOP('',(#8336));
#4764=EDGE_LOOP('',(#8337));
#4765=EDGE_LOOP('',(#8338));
#4766=EDGE_LOOP('',(#8339));
#4767=EDGE_LOOP('',(#8340));
#4768=EDGE_LOOP('',(#8341));
#4769=EDGE_LOOP('',(#8342));
#4770=EDGE_LOOP('',(#8343));
#4771=EDGE_LOOP('',(#8344));
#4772=EDGE_LOOP('',(#8345));
#4773=EDGE_LOOP('',(#8346));
#4774=EDGE_LOOP('',(#8347));
#4775=EDGE_LOOP('',(#8348));
#4776=EDGE_LOOP('',(#8349));
#4777=EDGE_LOOP('',(#8350));
#4778=EDGE_LOOP('',(#8351));
#4779=EDGE_LOOP('',(#8352));
#4780=EDGE_LOOP('',(#8353));
#4781=EDGE_LOOP('',(#8354));
#4782=EDGE_LOOP('',(#8355));
#4783=EDGE_LOOP('',(#8356));
#4784=EDGE_LOOP('',(#8357));
#4785=EDGE_LOOP('',(#8358));
#4786=EDGE_LOOP('',(#8359));
#4787=EDGE_LOOP('',(#8360));
#4788=EDGE_LOOP('',(#8361));
#4789=EDGE_LOOP('',(#8362));
#4790=EDGE_LOOP('',(#8363));
#4791=EDGE_LOOP('',(#8364));
#4792=EDGE_LOOP('',(#8365));
#4793=EDGE_LOOP('',(#8366));
#4794=EDGE_LOOP('',(#8367));
#4795=EDGE_LOOP('',(#8368));
#4796=EDGE_LOOP('',(#8369));
#4797=EDGE_LOOP('',(#8370));
#4798=EDGE_LOOP('',(#8371));
#4799=EDGE_LOOP('',(#8372));
#4800=EDGE_LOOP('',(#8373));
#4801=EDGE_LOOP('',(#8374));
#4802=EDGE_LOOP('',(#8375));
#4803=EDGE_LOOP('',(#8376));
#4804=EDGE_LOOP('',(#8377));
#4805=EDGE_LOOP('',(#8378));
#4806=EDGE_LOOP('',(#8379));
#4807=EDGE_LOOP('',(#8380));
#4808=EDGE_LOOP('',(#8381));
#4809=EDGE_LOOP('',(#8382));
#4810=EDGE_LOOP('',(#8383));
#4811=EDGE_LOOP('',(#8384));
#4812=EDGE_LOOP('',(#8385));
#4813=EDGE_LOOP('',(#8386));
#4814=EDGE_LOOP('',(#8387));
#4815=EDGE_LOOP('',(#8388));
#4816=EDGE_LOOP('',(#8389));
#4817=EDGE_LOOP('',(#8390));
#4818=EDGE_LOOP('',(#8391,#8392,#8393,#8394,#8395,#8396,#8397,#8398,#8399,
#8400,#8401,#8402,#8403,#8404,#8405,#8406,#8407,#8408,#8409,#8410,#8411,
#8412,#8413,#8414,#8415,#8416,#8417,#8418));
#4819=EDGE_LOOP('',(#8419,#8420,#8421,#8422));
#4820=EDGE_LOOP('',(#8423,#8424,#8425,#8426));
#4821=EDGE_LOOP('',(#8427,#8428,#8429,#8430,#8431));
#4822=EDGE_LOOP('',(#8432,#8433,#8434,#8435));
#4823=EDGE_LOOP('',(#8436,#8437,#8438,#8439));
#4824=EDGE_LOOP('',(#8440,#8441,#8442,#8443));
#4825=EDGE_LOOP('',(#8444,#8445,#8446,#8447));
#4826=EDGE_LOOP('',(#8448,#8449,#8450,#8451,#8452));
#4827=EDGE_LOOP('',(#8453,#8454,#8455,#8456));
#4828=EDGE_LOOP('',(#8457,#8458,#8459,#8460));
#4829=EDGE_LOOP('',(#8461,#8462,#8463,#8464,#8465,#8466));
#4830=EDGE_LOOP('',(#8467,#8468,#8469,#8470));
#4831=EDGE_LOOP('',(#8471,#8472,#8473,#8474));
#4832=EDGE_LOOP('',(#8475,#8476,#8477,#8478,#8479,#8480));
#4833=EDGE_LOOP('',(#8481,#8482,#8483,#8484));
#4834=EDGE_LOOP('',(#8485,#8486,#8487,#8488));
#4835=EDGE_LOOP('',(#8489,#8490,#8491,#8492));
#4836=EDGE_LOOP('',(#8493,#8494,#8495,#8496));
#4837=EDGE_LOOP('',(#8497,#8498,#8499,#8500));
#4838=EDGE_LOOP('',(#8501,#8502,#8503,#8504));
#4839=EDGE_LOOP('',(#8505,#8506,#8507,#8508));
#4840=EDGE_LOOP('',(#8509,#8510,#8511,#8512));
#4841=EDGE_LOOP('',(#8513,#8514,#8515,#8516,#8517,#8518,#8519,#8520));
#4842=EDGE_LOOP('',(#8521,#8522,#8523,#8524,#8525,#8526,#8527,#8528));
#4843=EDGE_LOOP('',(#8529,#8530,#8531,#8532));
#4844=EDGE_LOOP('',(#8533,#8534,#8535,#8536));
#4845=EDGE_LOOP('',(#8537,#8538,#8539,#8540,#8541,#8542,#8543,#8544));
#4846=EDGE_LOOP('',(#8545,#8546,#8547,#8548,#8549,#8550,#8551,#8552));
#4847=EDGE_LOOP('',(#8553,#8554,#8555,#8556,#8557,#8558,#8559,#8560,#8561,
#8562,#8563,#8564,#8565,#8566,#8567,#8568,#8569,#8570,#8571,#8572));
#4848=EDGE_LOOP('',(#8573,#8574,#8575,#8576));
#4849=EDGE_LOOP('',(#8577,#8578,#8579,#8580));
#4850=EDGE_LOOP('',(#8581,#8582,#8583,#8584));
#4851=EDGE_LOOP('',(#8585,#8586,#8587,#8588));
#4852=EDGE_LOOP('',(#8589,#8590,#8591,#8592));
#4853=EDGE_LOOP('',(#8593,#8594,#8595,#8596));
#4854=EDGE_LOOP('',(#8597,#8598,#8599,#8600));
#4855=EDGE_LOOP('',(#8601,#8602,#8603,#8604));
#4856=EDGE_LOOP('',(#8605,#8606,#8607,#8608));
#4857=EDGE_LOOP('',(#8609,#8610,#8611,#8612));
#4858=EDGE_LOOP('',(#8613,#8614,#8615,#8616));
#4859=EDGE_LOOP('',(#8617,#8618,#8619,#8620));
#4860=EDGE_LOOP('',(#8621,#8622,#8623,#8624));
#4861=ORIENTED_EDGE('',*,*,#9963,.F.);
#4862=ORIENTED_EDGE('',*,*,#9964,.T.);
#4863=ORIENTED_EDGE('',*,*,#9965,.T.);
#4864=ORIENTED_EDGE('',*,*,#9966,.F.);
#4865=ORIENTED_EDGE('',*,*,#9967,.T.);
#4866=ORIENTED_EDGE('',*,*,#9968,.T.);
#4867=ORIENTED_EDGE('',*,*,#9969,.F.);
#4868=ORIENTED_EDGE('',*,*,#9970,.F.);
#4869=ORIENTED_EDGE('',*,*,#9971,.F.);
#4870=ORIENTED_EDGE('',*,*,#9972,.T.);
#4871=ORIENTED_EDGE('',*,*,#9973,.T.);
#4872=ORIENTED_EDGE('',*,*,#9969,.T.);
#4873=ORIENTED_EDGE('',*,*,#9974,.F.);
#4874=ORIENTED_EDGE('',*,*,#9975,.T.);
#4875=ORIENTED_EDGE('',*,*,#9963,.T.);
#4876=ORIENTED_EDGE('',*,*,#9976,.F.);
#4877=ORIENTED_EDGE('',*,*,#9977,.F.);
#4878=ORIENTED_EDGE('',*,*,#9978,.T.);
#4879=ORIENTED_EDGE('',*,*,#9979,.T.);
#4880=ORIENTED_EDGE('',*,*,#9965,.F.);
#4881=ORIENTED_EDGE('',*,*,#9980,.F.);
#4882=ORIENTED_EDGE('',*,*,#9981,.T.);
#4883=ORIENTED_EDGE('',*,*,#9982,.T.);
#4884=ORIENTED_EDGE('',*,*,#9983,.F.);
#4885=ORIENTED_EDGE('',*,*,#9984,.F.);
#4886=ORIENTED_EDGE('',*,*,#9985,.T.);
#4887=ORIENTED_EDGE('',*,*,#9986,.T.);
#4888=ORIENTED_EDGE('',*,*,#9987,.F.);
#4889=ORIENTED_EDGE('',*,*,#9988,.F.);
#4890=ORIENTED_EDGE('',*,*,#9987,.T.);
#4891=ORIENTED_EDGE('',*,*,#9989,.F.);
#4892=ORIENTED_EDGE('',*,*,#9982,.F.);
#4893=ORIENTED_EDGE('',*,*,#9990,.F.);
#4894=ORIENTED_EDGE('',*,*,#9991,.T.);
#4895=ORIENTED_EDGE('',*,*,#9992,.T.);
#4896=ORIENTED_EDGE('',*,*,#9993,.F.);
#4897=ORIENTED_EDGE('',*,*,#9994,.F.);
#4898=ORIENTED_EDGE('',*,*,#9995,.T.);
#4899=ORIENTED_EDGE('',*,*,#9996,.T.);
#4900=ORIENTED_EDGE('',*,*,#9997,.F.);
#4901=ORIENTED_EDGE('',*,*,#9998,.F.);
#4902=ORIENTED_EDGE('',*,*,#9997,.T.);
#4903=ORIENTED_EDGE('',*,*,#9999,.F.);
#4904=ORIENTED_EDGE('',*,*,#9992,.F.);
#4905=ORIENTED_EDGE('',*,*,#10000,.F.);
#4906=ORIENTED_EDGE('',*,*,#10001,.T.);
#4907=ORIENTED_EDGE('',*,*,#10002,.T.);
#4908=ORIENTED_EDGE('',*,*,#10003,.F.);
#4909=ORIENTED_EDGE('',*,*,#10004,.F.);
#4910=ORIENTED_EDGE('',*,*,#10005,.T.);
#4911=ORIENTED_EDGE('',*,*,#10006,.T.);
#4912=ORIENTED_EDGE('',*,*,#10007,.F.);
#4913=ORIENTED_EDGE('',*,*,#10008,.F.);
#4914=ORIENTED_EDGE('',*,*,#10007,.T.);
#4915=ORIENTED_EDGE('',*,*,#10009,.F.);
#4916=ORIENTED_EDGE('',*,*,#10002,.F.);
#4917=ORIENTED_EDGE('',*,*,#10010,.F.);
#4918=ORIENTED_EDGE('',*,*,#10011,.T.);
#4919=ORIENTED_EDGE('',*,*,#10012,.T.);
#4920=ORIENTED_EDGE('',*,*,#10013,.F.);
#4921=ORIENTED_EDGE('',*,*,#10014,.F.);
#4922=ORIENTED_EDGE('',*,*,#10015,.T.);
#4923=ORIENTED_EDGE('',*,*,#10016,.T.);
#4924=ORIENTED_EDGE('',*,*,#10017,.F.);
#4925=ORIENTED_EDGE('',*,*,#10018,.F.);
#4926=ORIENTED_EDGE('',*,*,#10017,.T.);
#4927=ORIENTED_EDGE('',*,*,#10019,.F.);
#4928=ORIENTED_EDGE('',*,*,#10012,.F.);
#4929=ORIENTED_EDGE('',*,*,#10020,.F.);
#4930=ORIENTED_EDGE('',*,*,#10021,.T.);
#4931=ORIENTED_EDGE('',*,*,#10022,.T.);
#4932=ORIENTED_EDGE('',*,*,#10023,.F.);
#4933=ORIENTED_EDGE('',*,*,#10024,.F.);
#4934=ORIENTED_EDGE('',*,*,#10025,.T.);
#4935=ORIENTED_EDGE('',*,*,#10026,.T.);
#4936=ORIENTED_EDGE('',*,*,#10027,.F.);
#4937=ORIENTED_EDGE('',*,*,#10028,.F.);
#4938=ORIENTED_EDGE('',*,*,#10027,.T.);
#4939=ORIENTED_EDGE('',*,*,#10029,.F.);
#4940=ORIENTED_EDGE('',*,*,#10022,.F.);
#4941=ORIENTED_EDGE('',*,*,#10030,.F.);
#4942=ORIENTED_EDGE('',*,*,#10031,.T.);
#4943=ORIENTED_EDGE('',*,*,#10032,.T.);
#4944=ORIENTED_EDGE('',*,*,#10033,.F.);
#4945=ORIENTED_EDGE('',*,*,#10034,.F.);
#4946=ORIENTED_EDGE('',*,*,#10035,.T.);
#4947=ORIENTED_EDGE('',*,*,#10036,.T.);
#4948=ORIENTED_EDGE('',*,*,#10037,.F.);
#4949=ORIENTED_EDGE('',*,*,#10038,.F.);
#4950=ORIENTED_EDGE('',*,*,#10037,.T.);
#4951=ORIENTED_EDGE('',*,*,#10039,.F.);
#4952=ORIENTED_EDGE('',*,*,#10032,.F.);
#4953=ORIENTED_EDGE('',*,*,#10040,.F.);
#4954=ORIENTED_EDGE('',*,*,#10041,.T.);
#4955=ORIENTED_EDGE('',*,*,#10042,.T.);
#4956=ORIENTED_EDGE('',*,*,#10043,.F.);
#4957=ORIENTED_EDGE('',*,*,#10044,.F.);
#4958=ORIENTED_EDGE('',*,*,#10045,.T.);
#4959=ORIENTED_EDGE('',*,*,#10046,.T.);
#4960=ORIENTED_EDGE('',*,*,#10047,.F.);
#4961=ORIENTED_EDGE('',*,*,#10048,.F.);
#4962=ORIENTED_EDGE('',*,*,#10047,.T.);
#4963=ORIENTED_EDGE('',*,*,#10049,.F.);
#4964=ORIENTED_EDGE('',*,*,#10042,.F.);
#4965=ORIENTED_EDGE('',*,*,#10050,.F.);
#4966=ORIENTED_EDGE('',*,*,#10051,.T.);
#4967=ORIENTED_EDGE('',*,*,#10052,.T.);
#4968=ORIENTED_EDGE('',*,*,#10053,.F.);
#4969=ORIENTED_EDGE('',*,*,#10054,.F.);
#4970=ORIENTED_EDGE('',*,*,#10055,.T.);
#4971=ORIENTED_EDGE('',*,*,#10056,.T.);
#4972=ORIENTED_EDGE('',*,*,#10057,.F.);
#4973=ORIENTED_EDGE('',*,*,#10058,.F.);
#4974=ORIENTED_EDGE('',*,*,#10057,.T.);
#4975=ORIENTED_EDGE('',*,*,#10059,.F.);
#4976=ORIENTED_EDGE('',*,*,#10052,.F.);
#4977=ORIENTED_EDGE('',*,*,#10060,.F.);
#4978=ORIENTED_EDGE('',*,*,#10061,.T.);
#4979=ORIENTED_EDGE('',*,*,#10062,.T.);
#4980=ORIENTED_EDGE('',*,*,#10063,.F.);
#4981=ORIENTED_EDGE('',*,*,#10064,.F.);
#4982=ORIENTED_EDGE('',*,*,#10065,.T.);
#4983=ORIENTED_EDGE('',*,*,#10066,.T.);
#4984=ORIENTED_EDGE('',*,*,#10067,.F.);
#4985=ORIENTED_EDGE('',*,*,#10068,.F.);
#4986=ORIENTED_EDGE('',*,*,#10067,.T.);
#4987=ORIENTED_EDGE('',*,*,#10069,.F.);
#4988=ORIENTED_EDGE('',*,*,#10062,.F.);
#4989=ORIENTED_EDGE('',*,*,#10070,.F.);
#4990=ORIENTED_EDGE('',*,*,#10071,.T.);
#4991=ORIENTED_EDGE('',*,*,#10072,.T.);
#4992=ORIENTED_EDGE('',*,*,#10073,.F.);
#4993=ORIENTED_EDGE('',*,*,#10074,.F.);
#4994=ORIENTED_EDGE('',*,*,#10075,.T.);
#4995=ORIENTED_EDGE('',*,*,#10076,.T.);
#4996=ORIENTED_EDGE('',*,*,#10077,.F.);
#4997=ORIENTED_EDGE('',*,*,#10078,.F.);
#4998=ORIENTED_EDGE('',*,*,#10077,.T.);
#4999=ORIENTED_EDGE('',*,*,#10079,.F.);
#5000=ORIENTED_EDGE('',*,*,#10072,.F.);
#5001=ORIENTED_EDGE('',*,*,#10080,.F.);
#5002=ORIENTED_EDGE('',*,*,#10081,.T.);
#5003=ORIENTED_EDGE('',*,*,#10082,.T.);
#5004=ORIENTED_EDGE('',*,*,#10083,.F.);
#5005=ORIENTED_EDGE('',*,*,#10084,.F.);
#5006=ORIENTED_EDGE('',*,*,#10085,.T.);
#5007=ORIENTED_EDGE('',*,*,#10086,.T.);
#5008=ORIENTED_EDGE('',*,*,#10087,.F.);
#5009=ORIENTED_EDGE('',*,*,#10088,.F.);
#5010=ORIENTED_EDGE('',*,*,#10087,.T.);
#5011=ORIENTED_EDGE('',*,*,#10089,.F.);
#5012=ORIENTED_EDGE('',*,*,#10082,.F.);
#5013=ORIENTED_EDGE('',*,*,#10090,.F.);
#5014=ORIENTED_EDGE('',*,*,#10091,.T.);
#5015=ORIENTED_EDGE('',*,*,#10092,.T.);
#5016=ORIENTED_EDGE('',*,*,#10093,.F.);
#5017=ORIENTED_EDGE('',*,*,#10094,.F.);
#5018=ORIENTED_EDGE('',*,*,#10095,.T.);
#5019=ORIENTED_EDGE('',*,*,#10096,.T.);
#5020=ORIENTED_EDGE('',*,*,#10097,.F.);
#5021=ORIENTED_EDGE('',*,*,#10098,.F.);
#5022=ORIENTED_EDGE('',*,*,#10097,.T.);
#5023=ORIENTED_EDGE('',*,*,#10099,.F.);
#5024=ORIENTED_EDGE('',*,*,#10092,.F.);
#5025=ORIENTED_EDGE('',*,*,#10100,.F.);
#5026=ORIENTED_EDGE('',*,*,#10101,.T.);
#5027=ORIENTED_EDGE('',*,*,#10102,.T.);
#5028=ORIENTED_EDGE('',*,*,#10103,.F.);
#5029=ORIENTED_EDGE('',*,*,#10104,.F.);
#5030=ORIENTED_EDGE('',*,*,#10105,.T.);
#5031=ORIENTED_EDGE('',*,*,#10106,.T.);
#5032=ORIENTED_EDGE('',*,*,#10107,.F.);
#5033=ORIENTED_EDGE('',*,*,#10108,.F.);
#5034=ORIENTED_EDGE('',*,*,#10107,.T.);
#5035=ORIENTED_EDGE('',*,*,#10109,.F.);
#5036=ORIENTED_EDGE('',*,*,#10102,.F.);
#5037=ORIENTED_EDGE('',*,*,#10110,.F.);
#5038=ORIENTED_EDGE('',*,*,#10111,.T.);
#5039=ORIENTED_EDGE('',*,*,#10112,.T.);
#5040=ORIENTED_EDGE('',*,*,#10113,.F.);
#5041=ORIENTED_EDGE('',*,*,#10114,.F.);
#5042=ORIENTED_EDGE('',*,*,#10115,.T.);
#5043=ORIENTED_EDGE('',*,*,#10116,.T.);
#5044=ORIENTED_EDGE('',*,*,#10117,.F.);
#5045=ORIENTED_EDGE('',*,*,#10118,.F.);
#5046=ORIENTED_EDGE('',*,*,#10117,.T.);
#5047=ORIENTED_EDGE('',*,*,#10119,.F.);
#5048=ORIENTED_EDGE('',*,*,#10112,.F.);
#5049=ORIENTED_EDGE('',*,*,#10120,.F.);
#5050=ORIENTED_EDGE('',*,*,#10121,.T.);
#5051=ORIENTED_EDGE('',*,*,#10122,.T.);
#5052=ORIENTED_EDGE('',*,*,#10123,.F.);
#5053=ORIENTED_EDGE('',*,*,#10124,.F.);
#5054=ORIENTED_EDGE('',*,*,#10125,.T.);
#5055=ORIENTED_EDGE('',*,*,#10126,.T.);
#5056=ORIENTED_EDGE('',*,*,#10127,.F.);
#5057=ORIENTED_EDGE('',*,*,#10128,.F.);
#5058=ORIENTED_EDGE('',*,*,#10127,.T.);
#5059=ORIENTED_EDGE('',*,*,#10129,.F.);
#5060=ORIENTED_EDGE('',*,*,#10122,.F.);
#5061=ORIENTED_EDGE('',*,*,#10130,.F.);
#5062=ORIENTED_EDGE('',*,*,#10131,.T.);
#5063=ORIENTED_EDGE('',*,*,#10132,.T.);
#5064=ORIENTED_EDGE('',*,*,#10133,.F.);
#5065=ORIENTED_EDGE('',*,*,#10134,.F.);
#5066=ORIENTED_EDGE('',*,*,#10135,.T.);
#5067=ORIENTED_EDGE('',*,*,#10136,.T.);
#5068=ORIENTED_EDGE('',*,*,#10137,.F.);
#5069=ORIENTED_EDGE('',*,*,#10138,.F.);
#5070=ORIENTED_EDGE('',*,*,#10137,.T.);
#5071=ORIENTED_EDGE('',*,*,#10139,.F.);
#5072=ORIENTED_EDGE('',*,*,#10132,.F.);
#5073=ORIENTED_EDGE('',*,*,#10140,.F.);
#5074=ORIENTED_EDGE('',*,*,#10141,.T.);
#5075=ORIENTED_EDGE('',*,*,#10142,.T.);
#5076=ORIENTED_EDGE('',*,*,#10143,.F.);
#5077=ORIENTED_EDGE('',*,*,#10144,.F.);
#5078=ORIENTED_EDGE('',*,*,#10145,.T.);
#5079=ORIENTED_EDGE('',*,*,#10146,.T.);
#5080=ORIENTED_EDGE('',*,*,#10147,.F.);
#5081=ORIENTED_EDGE('',*,*,#10148,.F.);
#5082=ORIENTED_EDGE('',*,*,#10147,.T.);
#5083=ORIENTED_EDGE('',*,*,#10149,.F.);
#5084=ORIENTED_EDGE('',*,*,#10142,.F.);
#5085=ORIENTED_EDGE('',*,*,#10150,.F.);
#5086=ORIENTED_EDGE('',*,*,#10151,.T.);
#5087=ORIENTED_EDGE('',*,*,#10152,.T.);
#5088=ORIENTED_EDGE('',*,*,#10153,.F.);
#5089=ORIENTED_EDGE('',*,*,#10154,.F.);
#5090=ORIENTED_EDGE('',*,*,#10155,.T.);
#5091=ORIENTED_EDGE('',*,*,#10156,.T.);
#5092=ORIENTED_EDGE('',*,*,#10157,.F.);
#5093=ORIENTED_EDGE('',*,*,#10158,.F.);
#5094=ORIENTED_EDGE('',*,*,#10157,.T.);
#5095=ORIENTED_EDGE('',*,*,#10159,.F.);
#5096=ORIENTED_EDGE('',*,*,#10152,.F.);
#5097=ORIENTED_EDGE('',*,*,#10160,.F.);
#5098=ORIENTED_EDGE('',*,*,#10161,.T.);
#5099=ORIENTED_EDGE('',*,*,#10162,.T.);
#5100=ORIENTED_EDGE('',*,*,#10163,.F.);
#5101=ORIENTED_EDGE('',*,*,#10164,.F.);
#5102=ORIENTED_EDGE('',*,*,#10165,.T.);
#5103=ORIENTED_EDGE('',*,*,#10166,.T.);
#5104=ORIENTED_EDGE('',*,*,#10167,.F.);
#5105=ORIENTED_EDGE('',*,*,#10168,.F.);
#5106=ORIENTED_EDGE('',*,*,#10167,.T.);
#5107=ORIENTED_EDGE('',*,*,#10169,.F.);
#5108=ORIENTED_EDGE('',*,*,#10162,.F.);
#5109=ORIENTED_EDGE('',*,*,#10170,.F.);
#5110=ORIENTED_EDGE('',*,*,#10171,.T.);
#5111=ORIENTED_EDGE('',*,*,#10172,.T.);
#5112=ORIENTED_EDGE('',*,*,#10173,.F.);
#5113=ORIENTED_EDGE('',*,*,#10174,.F.);
#5114=ORIENTED_EDGE('',*,*,#10175,.T.);
#5115=ORIENTED_EDGE('',*,*,#10176,.T.);
#5116=ORIENTED_EDGE('',*,*,#10177,.F.);
#5117=ORIENTED_EDGE('',*,*,#10178,.F.);
#5118=ORIENTED_EDGE('',*,*,#10177,.T.);
#5119=ORIENTED_EDGE('',*,*,#10179,.F.);
#5120=ORIENTED_EDGE('',*,*,#10172,.F.);
#5121=ORIENTED_EDGE('',*,*,#10180,.F.);
#5122=ORIENTED_EDGE('',*,*,#10181,.T.);
#5123=ORIENTED_EDGE('',*,*,#10182,.T.);
#5124=ORIENTED_EDGE('',*,*,#10183,.F.);
#5125=ORIENTED_EDGE('',*,*,#10184,.F.);
#5126=ORIENTED_EDGE('',*,*,#10185,.T.);
#5127=ORIENTED_EDGE('',*,*,#10186,.T.);
#5128=ORIENTED_EDGE('',*,*,#10187,.F.);
#5129=ORIENTED_EDGE('',*,*,#10188,.F.);
#5130=ORIENTED_EDGE('',*,*,#10187,.T.);
#5131=ORIENTED_EDGE('',*,*,#10189,.F.);
#5132=ORIENTED_EDGE('',*,*,#10182,.F.);
#5133=ORIENTED_EDGE('',*,*,#10190,.F.);
#5134=ORIENTED_EDGE('',*,*,#10191,.T.);
#5135=ORIENTED_EDGE('',*,*,#10192,.T.);
#5136=ORIENTED_EDGE('',*,*,#10193,.F.);
#5137=ORIENTED_EDGE('',*,*,#10194,.F.);
#5138=ORIENTED_EDGE('',*,*,#10195,.T.);
#5139=ORIENTED_EDGE('',*,*,#10196,.T.);
#5140=ORIENTED_EDGE('',*,*,#10197,.F.);
#5141=ORIENTED_EDGE('',*,*,#10198,.F.);
#5142=ORIENTED_EDGE('',*,*,#10197,.T.);
#5143=ORIENTED_EDGE('',*,*,#10199,.F.);
#5144=ORIENTED_EDGE('',*,*,#10192,.F.);
#5145=ORIENTED_EDGE('',*,*,#10200,.F.);
#5146=ORIENTED_EDGE('',*,*,#10201,.T.);
#5147=ORIENTED_EDGE('',*,*,#10202,.T.);
#5148=ORIENTED_EDGE('',*,*,#10203,.F.);
#5149=ORIENTED_EDGE('',*,*,#10204,.F.);
#5150=ORIENTED_EDGE('',*,*,#10205,.T.);
#5151=ORIENTED_EDGE('',*,*,#10206,.T.);
#5152=ORIENTED_EDGE('',*,*,#10207,.F.);
#5153=ORIENTED_EDGE('',*,*,#10208,.F.);
#5154=ORIENTED_EDGE('',*,*,#10207,.T.);
#5155=ORIENTED_EDGE('',*,*,#10209,.F.);
#5156=ORIENTED_EDGE('',*,*,#10202,.F.);
#5157=ORIENTED_EDGE('',*,*,#10210,.F.);
#5158=ORIENTED_EDGE('',*,*,#10211,.T.);
#5159=ORIENTED_EDGE('',*,*,#10212,.T.);
#5160=ORIENTED_EDGE('',*,*,#10213,.F.);
#5161=ORIENTED_EDGE('',*,*,#10214,.F.);
#5162=ORIENTED_EDGE('',*,*,#10215,.T.);
#5163=ORIENTED_EDGE('',*,*,#10216,.T.);
#5164=ORIENTED_EDGE('',*,*,#10217,.F.);
#5165=ORIENTED_EDGE('',*,*,#10218,.F.);
#5166=ORIENTED_EDGE('',*,*,#10217,.T.);
#5167=ORIENTED_EDGE('',*,*,#10219,.F.);
#5168=ORIENTED_EDGE('',*,*,#10212,.F.);
#5169=ORIENTED_EDGE('',*,*,#10220,.F.);
#5170=ORIENTED_EDGE('',*,*,#10221,.T.);
#5171=ORIENTED_EDGE('',*,*,#10222,.T.);
#5172=ORIENTED_EDGE('',*,*,#10223,.F.);
#5173=ORIENTED_EDGE('',*,*,#10224,.F.);
#5174=ORIENTED_EDGE('',*,*,#10225,.T.);
#5175=ORIENTED_EDGE('',*,*,#10226,.T.);
#5176=ORIENTED_EDGE('',*,*,#10227,.F.);
#5177=ORIENTED_EDGE('',*,*,#10228,.F.);
#5178=ORIENTED_EDGE('',*,*,#10227,.T.);
#5179=ORIENTED_EDGE('',*,*,#10229,.F.);
#5180=ORIENTED_EDGE('',*,*,#10222,.F.);
#5181=ORIENTED_EDGE('',*,*,#10230,.F.);
#5182=ORIENTED_EDGE('',*,*,#10231,.T.);
#5183=ORIENTED_EDGE('',*,*,#10232,.T.);
#5184=ORIENTED_EDGE('',*,*,#10233,.F.);
#5185=ORIENTED_EDGE('',*,*,#10234,.F.);
#5186=ORIENTED_EDGE('',*,*,#10235,.T.);
#5187=ORIENTED_EDGE('',*,*,#10236,.T.);
#5188=ORIENTED_EDGE('',*,*,#10237,.F.);
#5189=ORIENTED_EDGE('',*,*,#10238,.F.);
#5190=ORIENTED_EDGE('',*,*,#10237,.T.);
#5191=ORIENTED_EDGE('',*,*,#10239,.F.);
#5192=ORIENTED_EDGE('',*,*,#10232,.F.);
#5193=ORIENTED_EDGE('',*,*,#10240,.F.);
#5194=ORIENTED_EDGE('',*,*,#10241,.T.);
#5195=ORIENTED_EDGE('',*,*,#10242,.T.);
#5196=ORIENTED_EDGE('',*,*,#10243,.F.);
#5197=ORIENTED_EDGE('',*,*,#10244,.F.);
#5198=ORIENTED_EDGE('',*,*,#10245,.T.);
#5199=ORIENTED_EDGE('',*,*,#10246,.T.);
#5200=ORIENTED_EDGE('',*,*,#10247,.F.);
#5201=ORIENTED_EDGE('',*,*,#10248,.F.);
#5202=ORIENTED_EDGE('',*,*,#10247,.T.);
#5203=ORIENTED_EDGE('',*,*,#10249,.F.);
#5204=ORIENTED_EDGE('',*,*,#10242,.F.);
#5205=ORIENTED_EDGE('',*,*,#10250,.F.);
#5206=ORIENTED_EDGE('',*,*,#10251,.T.);
#5207=ORIENTED_EDGE('',*,*,#10252,.T.);
#5208=ORIENTED_EDGE('',*,*,#10253,.F.);
#5209=ORIENTED_EDGE('',*,*,#10254,.F.);
#5210=ORIENTED_EDGE('',*,*,#10255,.T.);
#5211=ORIENTED_EDGE('',*,*,#10256,.T.);
#5212=ORIENTED_EDGE('',*,*,#10257,.F.);
#5213=ORIENTED_EDGE('',*,*,#10258,.F.);
#5214=ORIENTED_EDGE('',*,*,#10257,.T.);
#5215=ORIENTED_EDGE('',*,*,#10259,.F.);
#5216=ORIENTED_EDGE('',*,*,#10252,.F.);
#5217=ORIENTED_EDGE('',*,*,#10260,.F.);
#5218=ORIENTED_EDGE('',*,*,#10261,.T.);
#5219=ORIENTED_EDGE('',*,*,#10262,.T.);
#5220=ORIENTED_EDGE('',*,*,#10263,.F.);
#5221=ORIENTED_EDGE('',*,*,#10264,.F.);
#5222=ORIENTED_EDGE('',*,*,#10265,.T.);
#5223=ORIENTED_EDGE('',*,*,#10266,.T.);
#5224=ORIENTED_EDGE('',*,*,#10267,.F.);
#5225=ORIENTED_EDGE('',*,*,#10268,.F.);
#5226=ORIENTED_EDGE('',*,*,#10267,.T.);
#5227=ORIENTED_EDGE('',*,*,#10269,.F.);
#5228=ORIENTED_EDGE('',*,*,#10262,.F.);
#5229=ORIENTED_EDGE('',*,*,#10270,.F.);
#5230=ORIENTED_EDGE('',*,*,#10271,.T.);
#5231=ORIENTED_EDGE('',*,*,#10272,.T.);
#5232=ORIENTED_EDGE('',*,*,#10273,.F.);
#5233=ORIENTED_EDGE('',*,*,#10274,.F.);
#5234=ORIENTED_EDGE('',*,*,#10275,.T.);
#5235=ORIENTED_EDGE('',*,*,#10276,.T.);
#5236=ORIENTED_EDGE('',*,*,#10277,.F.);
#5237=ORIENTED_EDGE('',*,*,#10278,.F.);
#5238=ORIENTED_EDGE('',*,*,#10277,.T.);
#5239=ORIENTED_EDGE('',*,*,#10279,.F.);
#5240=ORIENTED_EDGE('',*,*,#10272,.F.);
#5241=ORIENTED_EDGE('',*,*,#10280,.F.);
#5242=ORIENTED_EDGE('',*,*,#10281,.T.);
#5243=ORIENTED_EDGE('',*,*,#10282,.T.);
#5244=ORIENTED_EDGE('',*,*,#10283,.F.);
#5245=ORIENTED_EDGE('',*,*,#10284,.F.);
#5246=ORIENTED_EDGE('',*,*,#10285,.T.);
#5247=ORIENTED_EDGE('',*,*,#10286,.T.);
#5248=ORIENTED_EDGE('',*,*,#10287,.F.);
#5249=ORIENTED_EDGE('',*,*,#10288,.F.);
#5250=ORIENTED_EDGE('',*,*,#10287,.T.);
#5251=ORIENTED_EDGE('',*,*,#10289,.F.);
#5252=ORIENTED_EDGE('',*,*,#10282,.F.);
#5253=ORIENTED_EDGE('',*,*,#10290,.F.);
#5254=ORIENTED_EDGE('',*,*,#10291,.T.);
#5255=ORIENTED_EDGE('',*,*,#10292,.T.);
#5256=ORIENTED_EDGE('',*,*,#10293,.F.);
#5257=ORIENTED_EDGE('',*,*,#10294,.F.);
#5258=ORIENTED_EDGE('',*,*,#10295,.T.);
#5259=ORIENTED_EDGE('',*,*,#10296,.T.);
#5260=ORIENTED_EDGE('',*,*,#10297,.F.);
#5261=ORIENTED_EDGE('',*,*,#10298,.F.);
#5262=ORIENTED_EDGE('',*,*,#10297,.T.);
#5263=ORIENTED_EDGE('',*,*,#10299,.F.);
#5264=ORIENTED_EDGE('',*,*,#10292,.F.);
#5265=ORIENTED_EDGE('',*,*,#10300,.F.);
#5266=ORIENTED_EDGE('',*,*,#10301,.T.);
#5267=ORIENTED_EDGE('',*,*,#10302,.T.);
#5268=ORIENTED_EDGE('',*,*,#10303,.F.);
#5269=ORIENTED_EDGE('',*,*,#10304,.F.);
#5270=ORIENTED_EDGE('',*,*,#10305,.T.);
#5271=ORIENTED_EDGE('',*,*,#10306,.T.);
#5272=ORIENTED_EDGE('',*,*,#10307,.F.);
#5273=ORIENTED_EDGE('',*,*,#10308,.F.);
#5274=ORIENTED_EDGE('',*,*,#10309,.T.);
#5275=ORIENTED_EDGE('',*,*,#10310,.F.);
#5276=ORIENTED_EDGE('',*,*,#10311,.F.);
#5277=ORIENTED_EDGE('',*,*,#10312,.F.);
#5278=ORIENTED_EDGE('',*,*,#10313,.T.);
#5279=ORIENTED_EDGE('',*,*,#10311,.T.);
#5280=ORIENTED_EDGE('',*,*,#10314,.F.);
#5281=ORIENTED_EDGE('',*,*,#10315,.F.);
#5282=ORIENTED_EDGE('',*,*,#10316,.T.);
#5283=ORIENTED_EDGE('',*,*,#10317,.T.);
#5284=ORIENTED_EDGE('',*,*,#10309,.F.);
#5285=ORIENTED_EDGE('',*,*,#10318,.F.);
#5286=ORIENTED_EDGE('',*,*,#10307,.T.);
#5287=ORIENTED_EDGE('',*,*,#10319,.F.);
#5288=ORIENTED_EDGE('',*,*,#10302,.F.);
#5289=ORIENTED_EDGE('',*,*,#10320,.F.);
#5290=ORIENTED_EDGE('',*,*,#10321,.T.);
#5291=ORIENTED_EDGE('',*,*,#10322,.T.);
#5292=ORIENTED_EDGE('',*,*,#10323,.T.);
#5293=ORIENTED_EDGE('',*,*,#10324,.T.);
#5294=ORIENTED_EDGE('',*,*,#10325,.T.);
#5295=ORIENTED_EDGE('',*,*,#10326,.F.);
#5296=ORIENTED_EDGE('',*,*,#10327,.F.);
#5297=ORIENTED_EDGE('',*,*,#10328,.F.);
#5298=ORIENTED_EDGE('',*,*,#10323,.F.);
#5299=ORIENTED_EDGE('',*,*,#10329,.F.);
#5300=ORIENTED_EDGE('',*,*,#10326,.T.);
#5301=ORIENTED_EDGE('',*,*,#10330,.F.);
#5302=ORIENTED_EDGE('',*,*,#10331,.T.);
#5303=ORIENTED_EDGE('',*,*,#10332,.T.);
#5304=ORIENTED_EDGE('',*,*,#10333,.T.);
#5305=ORIENTED_EDGE('',*,*,#10334,.T.);
#5306=ORIENTED_EDGE('',*,*,#10335,.T.);
#5307=ORIENTED_EDGE('',*,*,#10336,.F.);
#5308=ORIENTED_EDGE('',*,*,#10337,.F.);
#5309=ORIENTED_EDGE('',*,*,#10338,.F.);
#5310=ORIENTED_EDGE('',*,*,#10333,.F.);
#5311=ORIENTED_EDGE('',*,*,#10339,.F.);
#5312=ORIENTED_EDGE('',*,*,#10336,.T.);
#5313=ORIENTED_EDGE('',*,*,#10340,.F.);
#5314=ORIENTED_EDGE('',*,*,#10341,.T.);
#5315=ORIENTED_EDGE('',*,*,#10342,.T.);
#5316=ORIENTED_EDGE('',*,*,#10343,.T.);
#5317=ORIENTED_EDGE('',*,*,#10344,.T.);
#5318=ORIENTED_EDGE('',*,*,#10345,.T.);
#5319=ORIENTED_EDGE('',*,*,#10346,.F.);
#5320=ORIENTED_EDGE('',*,*,#10347,.F.);
#5321=ORIENTED_EDGE('',*,*,#10348,.F.);
#5322=ORIENTED_EDGE('',*,*,#10343,.F.);
#5323=ORIENTED_EDGE('',*,*,#10349,.F.);
#5324=ORIENTED_EDGE('',*,*,#10346,.T.);
#5325=ORIENTED_EDGE('',*,*,#10350,.F.);
#5326=ORIENTED_EDGE('',*,*,#10351,.T.);
#5327=ORIENTED_EDGE('',*,*,#10352,.T.);
#5328=ORIENTED_EDGE('',*,*,#10353,.T.);
#5329=ORIENTED_EDGE('',*,*,#10354,.T.);
#5330=ORIENTED_EDGE('',*,*,#10355,.T.);
#5331=ORIENTED_EDGE('',*,*,#10356,.F.);
#5332=ORIENTED_EDGE('',*,*,#10357,.F.);
#5333=ORIENTED_EDGE('',*,*,#10358,.F.);
#5334=ORIENTED_EDGE('',*,*,#10353,.F.);
#5335=ORIENTED_EDGE('',*,*,#10359,.F.);
#5336=ORIENTED_EDGE('',*,*,#10356,.T.);
#5337=ORIENTED_EDGE('',*,*,#10360,.F.);
#5338=ORIENTED_EDGE('',*,*,#10361,.T.);
#5339=ORIENTED_EDGE('',*,*,#10362,.T.);
#5340=ORIENTED_EDGE('',*,*,#10363,.T.);
#5341=ORIENTED_EDGE('',*,*,#10364,.T.);
#5342=ORIENTED_EDGE('',*,*,#10365,.T.);
#5343=ORIENTED_EDGE('',*,*,#10366,.F.);
#5344=ORIENTED_EDGE('',*,*,#10367,.F.);
#5345=ORIENTED_EDGE('',*,*,#10368,.F.);
#5346=ORIENTED_EDGE('',*,*,#10363,.F.);
#5347=ORIENTED_EDGE('',*,*,#10369,.F.);
#5348=ORIENTED_EDGE('',*,*,#10366,.T.);
#5349=ORIENTED_EDGE('',*,*,#10370,.F.);
#5350=ORIENTED_EDGE('',*,*,#10371,.T.);
#5351=ORIENTED_EDGE('',*,*,#10372,.T.);
#5352=ORIENTED_EDGE('',*,*,#10373,.T.);
#5353=ORIENTED_EDGE('',*,*,#10374,.T.);
#5354=ORIENTED_EDGE('',*,*,#10375,.T.);
#5355=ORIENTED_EDGE('',*,*,#10376,.F.);
#5356=ORIENTED_EDGE('',*,*,#10377,.F.);
#5357=ORIENTED_EDGE('',*,*,#10378,.F.);
#5358=ORIENTED_EDGE('',*,*,#10373,.F.);
#5359=ORIENTED_EDGE('',*,*,#10379,.F.);
#5360=ORIENTED_EDGE('',*,*,#10376,.T.);
#5361=ORIENTED_EDGE('',*,*,#10380,.F.);
#5362=ORIENTED_EDGE('',*,*,#10381,.T.);
#5363=ORIENTED_EDGE('',*,*,#10382,.T.);
#5364=ORIENTED_EDGE('',*,*,#10383,.T.);
#5365=ORIENTED_EDGE('',*,*,#10384,.T.);
#5366=ORIENTED_EDGE('',*,*,#10385,.T.);
#5367=ORIENTED_EDGE('',*,*,#10386,.F.);
#5368=ORIENTED_EDGE('',*,*,#10387,.F.);
#5369=ORIENTED_EDGE('',*,*,#10388,.F.);
#5370=ORIENTED_EDGE('',*,*,#10383,.F.);
#5371=ORIENTED_EDGE('',*,*,#10389,.F.);
#5372=ORIENTED_EDGE('',*,*,#10386,.T.);
#5373=ORIENTED_EDGE('',*,*,#10390,.F.);
#5374=ORIENTED_EDGE('',*,*,#10391,.T.);
#5375=ORIENTED_EDGE('',*,*,#10392,.T.);
#5376=ORIENTED_EDGE('',*,*,#10393,.T.);
#5377=ORIENTED_EDGE('',*,*,#10394,.T.);
#5378=ORIENTED_EDGE('',*,*,#10395,.T.);
#5379=ORIENTED_EDGE('',*,*,#10396,.F.);
#5380=ORIENTED_EDGE('',*,*,#10397,.F.);
#5381=ORIENTED_EDGE('',*,*,#10398,.F.);
#5382=ORIENTED_EDGE('',*,*,#10393,.F.);
#5383=ORIENTED_EDGE('',*,*,#10399,.F.);
#5384=ORIENTED_EDGE('',*,*,#10396,.T.);
#5385=ORIENTED_EDGE('',*,*,#10400,.F.);
#5386=ORIENTED_EDGE('',*,*,#10401,.T.);
#5387=ORIENTED_EDGE('',*,*,#10402,.T.);
#5388=ORIENTED_EDGE('',*,*,#10403,.T.);
#5389=ORIENTED_EDGE('',*,*,#10404,.T.);
#5390=ORIENTED_EDGE('',*,*,#10405,.T.);
#5391=ORIENTED_EDGE('',*,*,#10406,.F.);
#5392=ORIENTED_EDGE('',*,*,#10407,.F.);
#5393=ORIENTED_EDGE('',*,*,#10408,.F.);
#5394=ORIENTED_EDGE('',*,*,#10403,.F.);
#5395=ORIENTED_EDGE('',*,*,#10409,.F.);
#5396=ORIENTED_EDGE('',*,*,#10406,.T.);
#5397=ORIENTED_EDGE('',*,*,#10410,.F.);
#5398=ORIENTED_EDGE('',*,*,#10411,.T.);
#5399=ORIENTED_EDGE('',*,*,#10412,.T.);
#5400=ORIENTED_EDGE('',*,*,#10413,.T.);
#5401=ORIENTED_EDGE('',*,*,#10414,.T.);
#5402=ORIENTED_EDGE('',*,*,#10415,.T.);
#5403=ORIENTED_EDGE('',*,*,#10416,.F.);
#5404=ORIENTED_EDGE('',*,*,#10417,.F.);
#5405=ORIENTED_EDGE('',*,*,#10418,.F.);
#5406=ORIENTED_EDGE('',*,*,#10413,.F.);
#5407=ORIENTED_EDGE('',*,*,#10419,.F.);
#5408=ORIENTED_EDGE('',*,*,#10416,.T.);
#5409=ORIENTED_EDGE('',*,*,#10420,.F.);
#5410=ORIENTED_EDGE('',*,*,#10421,.T.);
#5411=ORIENTED_EDGE('',*,*,#10422,.T.);
#5412=ORIENTED_EDGE('',*,*,#10423,.T.);
#5413=ORIENTED_EDGE('',*,*,#10424,.T.);
#5414=ORIENTED_EDGE('',*,*,#10425,.T.);
#5415=ORIENTED_EDGE('',*,*,#10426,.F.);
#5416=ORIENTED_EDGE('',*,*,#10427,.F.);
#5417=ORIENTED_EDGE('',*,*,#10428,.F.);
#5418=ORIENTED_EDGE('',*,*,#10423,.F.);
#5419=ORIENTED_EDGE('',*,*,#10429,.F.);
#5420=ORIENTED_EDGE('',*,*,#10426,.T.);
#5421=ORIENTED_EDGE('',*,*,#10430,.F.);
#5422=ORIENTED_EDGE('',*,*,#10431,.T.);
#5423=ORIENTED_EDGE('',*,*,#10432,.T.);
#5424=ORIENTED_EDGE('',*,*,#10433,.T.);
#5425=ORIENTED_EDGE('',*,*,#10434,.T.);
#5426=ORIENTED_EDGE('',*,*,#10435,.T.);
#5427=ORIENTED_EDGE('',*,*,#10436,.F.);
#5428=ORIENTED_EDGE('',*,*,#10437,.F.);
#5429=ORIENTED_EDGE('',*,*,#10438,.F.);
#5430=ORIENTED_EDGE('',*,*,#10433,.F.);
#5431=ORIENTED_EDGE('',*,*,#10439,.F.);
#5432=ORIENTED_EDGE('',*,*,#10436,.T.);
#5433=ORIENTED_EDGE('',*,*,#10440,.F.);
#5434=ORIENTED_EDGE('',*,*,#10441,.T.);
#5435=ORIENTED_EDGE('',*,*,#10442,.T.);
#5436=ORIENTED_EDGE('',*,*,#10443,.T.);
#5437=ORIENTED_EDGE('',*,*,#10444,.T.);
#5438=ORIENTED_EDGE('',*,*,#10445,.T.);
#5439=ORIENTED_EDGE('',*,*,#10446,.F.);
#5440=ORIENTED_EDGE('',*,*,#10447,.F.);
#5441=ORIENTED_EDGE('',*,*,#10448,.F.);
#5442=ORIENTED_EDGE('',*,*,#10443,.F.);
#5443=ORIENTED_EDGE('',*,*,#10449,.F.);
#5444=ORIENTED_EDGE('',*,*,#10446,.T.);
#5445=ORIENTED_EDGE('',*,*,#10450,.F.);
#5446=ORIENTED_EDGE('',*,*,#10451,.T.);
#5447=ORIENTED_EDGE('',*,*,#10452,.T.);
#5448=ORIENTED_EDGE('',*,*,#10453,.T.);
#5449=ORIENTED_EDGE('',*,*,#10454,.T.);
#5450=ORIENTED_EDGE('',*,*,#10455,.T.);
#5451=ORIENTED_EDGE('',*,*,#10456,.F.);
#5452=ORIENTED_EDGE('',*,*,#10457,.F.);
#5453=ORIENTED_EDGE('',*,*,#10458,.F.);
#5454=ORIENTED_EDGE('',*,*,#10453,.F.);
#5455=ORIENTED_EDGE('',*,*,#10459,.F.);
#5456=ORIENTED_EDGE('',*,*,#10456,.T.);
#5457=ORIENTED_EDGE('',*,*,#10460,.F.);
#5458=ORIENTED_EDGE('',*,*,#10461,.T.);
#5459=ORIENTED_EDGE('',*,*,#10462,.T.);
#5460=ORIENTED_EDGE('',*,*,#10463,.T.);
#5461=ORIENTED_EDGE('',*,*,#10464,.T.);
#5462=ORIENTED_EDGE('',*,*,#10465,.T.);
#5463=ORIENTED_EDGE('',*,*,#10466,.F.);
#5464=ORIENTED_EDGE('',*,*,#10467,.F.);
#5465=ORIENTED_EDGE('',*,*,#10468,.F.);
#5466=ORIENTED_EDGE('',*,*,#10463,.F.);
#5467=ORIENTED_EDGE('',*,*,#10469,.F.);
#5468=ORIENTED_EDGE('',*,*,#10466,.T.);
#5469=ORIENTED_EDGE('',*,*,#10470,.F.);
#5470=ORIENTED_EDGE('',*,*,#10471,.T.);
#5471=ORIENTED_EDGE('',*,*,#10472,.T.);
#5472=ORIENTED_EDGE('',*,*,#10473,.T.);
#5473=ORIENTED_EDGE('',*,*,#10474,.T.);
#5474=ORIENTED_EDGE('',*,*,#10475,.T.);
#5475=ORIENTED_EDGE('',*,*,#10476,.F.);
#5476=ORIENTED_EDGE('',*,*,#10477,.F.);
#5477=ORIENTED_EDGE('',*,*,#10478,.F.);
#5478=ORIENTED_EDGE('',*,*,#10473,.F.);
#5479=ORIENTED_EDGE('',*,*,#10479,.F.);
#5480=ORIENTED_EDGE('',*,*,#10476,.T.);
#5481=ORIENTED_EDGE('',*,*,#10480,.F.);
#5482=ORIENTED_EDGE('',*,*,#10481,.T.);
#5483=ORIENTED_EDGE('',*,*,#10482,.T.);
#5484=ORIENTED_EDGE('',*,*,#10483,.T.);
#5485=ORIENTED_EDGE('',*,*,#10484,.T.);
#5486=ORIENTED_EDGE('',*,*,#10485,.T.);
#5487=ORIENTED_EDGE('',*,*,#10486,.F.);
#5488=ORIENTED_EDGE('',*,*,#10487,.F.);
#5489=ORIENTED_EDGE('',*,*,#10488,.F.);
#5490=ORIENTED_EDGE('',*,*,#10483,.F.);
#5491=ORIENTED_EDGE('',*,*,#10489,.F.);
#5492=ORIENTED_EDGE('',*,*,#10486,.T.);
#5493=ORIENTED_EDGE('',*,*,#10490,.F.);
#5494=ORIENTED_EDGE('',*,*,#10491,.T.);
#5495=ORIENTED_EDGE('',*,*,#10492,.T.);
#5496=ORIENTED_EDGE('',*,*,#10493,.T.);
#5497=ORIENTED_EDGE('',*,*,#10494,.T.);
#5498=ORIENTED_EDGE('',*,*,#10495,.T.);
#5499=ORIENTED_EDGE('',*,*,#10496,.F.);
#5500=ORIENTED_EDGE('',*,*,#10497,.F.);
#5501=ORIENTED_EDGE('',*,*,#10498,.F.);
#5502=ORIENTED_EDGE('',*,*,#10493,.F.);
#5503=ORIENTED_EDGE('',*,*,#10499,.F.);
#5504=ORIENTED_EDGE('',*,*,#10496,.T.);
#5505=ORIENTED_EDGE('',*,*,#10500,.F.);
#5506=ORIENTED_EDGE('',*,*,#10501,.T.);
#5507=ORIENTED_EDGE('',*,*,#10502,.T.);
#5508=ORIENTED_EDGE('',*,*,#10503,.T.);
#5509=ORIENTED_EDGE('',*,*,#10504,.T.);
#5510=ORIENTED_EDGE('',*,*,#10505,.T.);
#5511=ORIENTED_EDGE('',*,*,#10506,.F.);
#5512=ORIENTED_EDGE('',*,*,#10507,.F.);
#5513=ORIENTED_EDGE('',*,*,#10508,.F.);
#5514=ORIENTED_EDGE('',*,*,#10503,.F.);
#5515=ORIENTED_EDGE('',*,*,#10509,.F.);
#5516=ORIENTED_EDGE('',*,*,#10506,.T.);
#5517=ORIENTED_EDGE('',*,*,#10510,.F.);
#5518=ORIENTED_EDGE('',*,*,#10511,.T.);
#5519=ORIENTED_EDGE('',*,*,#10512,.T.);
#5520=ORIENTED_EDGE('',*,*,#10513,.T.);
#5521=ORIENTED_EDGE('',*,*,#10514,.T.);
#5522=ORIENTED_EDGE('',*,*,#10515,.T.);
#5523=ORIENTED_EDGE('',*,*,#10516,.F.);
#5524=ORIENTED_EDGE('',*,*,#10517,.F.);
#5525=ORIENTED_EDGE('',*,*,#10518,.F.);
#5526=ORIENTED_EDGE('',*,*,#10513,.F.);
#5527=ORIENTED_EDGE('',*,*,#10519,.F.);
#5528=ORIENTED_EDGE('',*,*,#10516,.T.);
#5529=ORIENTED_EDGE('',*,*,#10520,.F.);
#5530=ORIENTED_EDGE('',*,*,#10521,.T.);
#5531=ORIENTED_EDGE('',*,*,#10522,.T.);
#5532=ORIENTED_EDGE('',*,*,#10523,.T.);
#5533=ORIENTED_EDGE('',*,*,#10524,.T.);
#5534=ORIENTED_EDGE('',*,*,#10525,.T.);
#5535=ORIENTED_EDGE('',*,*,#10526,.F.);
#5536=ORIENTED_EDGE('',*,*,#10527,.F.);
#5537=ORIENTED_EDGE('',*,*,#10528,.F.);
#5538=ORIENTED_EDGE('',*,*,#10523,.F.);
#5539=ORIENTED_EDGE('',*,*,#10529,.F.);
#5540=ORIENTED_EDGE('',*,*,#10526,.T.);
#5541=ORIENTED_EDGE('',*,*,#10530,.F.);
#5542=ORIENTED_EDGE('',*,*,#10531,.T.);
#5543=ORIENTED_EDGE('',*,*,#10532,.T.);
#5544=ORIENTED_EDGE('',*,*,#10533,.T.);
#5545=ORIENTED_EDGE('',*,*,#10534,.T.);
#5546=ORIENTED_EDGE('',*,*,#10535,.T.);
#5547=ORIENTED_EDGE('',*,*,#10536,.F.);
#5548=ORIENTED_EDGE('',*,*,#10537,.F.);
#5549=ORIENTED_EDGE('',*,*,#10538,.F.);
#5550=ORIENTED_EDGE('',*,*,#10533,.F.);
#5551=ORIENTED_EDGE('',*,*,#10539,.F.);
#5552=ORIENTED_EDGE('',*,*,#10536,.T.);
#5553=ORIENTED_EDGE('',*,*,#10540,.F.);
#5554=ORIENTED_EDGE('',*,*,#10541,.T.);
#5555=ORIENTED_EDGE('',*,*,#10542,.T.);
#5556=ORIENTED_EDGE('',*,*,#10543,.T.);
#5557=ORIENTED_EDGE('',*,*,#10544,.T.);
#5558=ORIENTED_EDGE('',*,*,#10545,.T.);
#5559=ORIENTED_EDGE('',*,*,#10546,.F.);
#5560=ORIENTED_EDGE('',*,*,#10547,.F.);
#5561=ORIENTED_EDGE('',*,*,#10548,.F.);
#5562=ORIENTED_EDGE('',*,*,#10543,.F.);
#5563=ORIENTED_EDGE('',*,*,#10549,.F.);
#5564=ORIENTED_EDGE('',*,*,#10546,.T.);
#5565=ORIENTED_EDGE('',*,*,#10550,.F.);
#5566=ORIENTED_EDGE('',*,*,#10551,.T.);
#5567=ORIENTED_EDGE('',*,*,#10552,.T.);
#5568=ORIENTED_EDGE('',*,*,#10553,.T.);
#5569=ORIENTED_EDGE('',*,*,#10554,.T.);
#5570=ORIENTED_EDGE('',*,*,#10555,.T.);
#5571=ORIENTED_EDGE('',*,*,#10556,.F.);
#5572=ORIENTED_EDGE('',*,*,#10557,.F.);
#5573=ORIENTED_EDGE('',*,*,#10558,.F.);
#5574=ORIENTED_EDGE('',*,*,#10553,.F.);
#5575=ORIENTED_EDGE('',*,*,#10559,.F.);
#5576=ORIENTED_EDGE('',*,*,#10556,.T.);
#5577=ORIENTED_EDGE('',*,*,#10560,.F.);
#5578=ORIENTED_EDGE('',*,*,#10561,.T.);
#5579=ORIENTED_EDGE('',*,*,#10562,.T.);
#5580=ORIENTED_EDGE('',*,*,#10563,.T.);
#5581=ORIENTED_EDGE('',*,*,#10564,.T.);
#5582=ORIENTED_EDGE('',*,*,#10565,.T.);
#5583=ORIENTED_EDGE('',*,*,#10566,.F.);
#5584=ORIENTED_EDGE('',*,*,#10567,.F.);
#5585=ORIENTED_EDGE('',*,*,#10568,.F.);
#5586=ORIENTED_EDGE('',*,*,#10563,.F.);
#5587=ORIENTED_EDGE('',*,*,#10569,.F.);
#5588=ORIENTED_EDGE('',*,*,#10566,.T.);
#5589=ORIENTED_EDGE('',*,*,#10570,.F.);
#5590=ORIENTED_EDGE('',*,*,#10571,.T.);
#5591=ORIENTED_EDGE('',*,*,#10572,.T.);
#5592=ORIENTED_EDGE('',*,*,#10573,.T.);
#5593=ORIENTED_EDGE('',*,*,#10574,.T.);
#5594=ORIENTED_EDGE('',*,*,#10575,.T.);
#5595=ORIENTED_EDGE('',*,*,#10576,.F.);
#5596=ORIENTED_EDGE('',*,*,#10577,.F.);
#5597=ORIENTED_EDGE('',*,*,#10578,.F.);
#5598=ORIENTED_EDGE('',*,*,#10573,.F.);
#5599=ORIENTED_EDGE('',*,*,#10579,.F.);
#5600=ORIENTED_EDGE('',*,*,#10576,.T.);
#5601=ORIENTED_EDGE('',*,*,#10580,.F.);
#5602=ORIENTED_EDGE('',*,*,#10581,.T.);
#5603=ORIENTED_EDGE('',*,*,#10582,.T.);
#5604=ORIENTED_EDGE('',*,*,#10583,.T.);
#5605=ORIENTED_EDGE('',*,*,#10584,.T.);
#5606=ORIENTED_EDGE('',*,*,#10585,.T.);
#5607=ORIENTED_EDGE('',*,*,#10586,.F.);
#5608=ORIENTED_EDGE('',*,*,#10587,.F.);
#5609=ORIENTED_EDGE('',*,*,#10588,.F.);
#5610=ORIENTED_EDGE('',*,*,#10583,.F.);
#5611=ORIENTED_EDGE('',*,*,#10589,.F.);
#5612=ORIENTED_EDGE('',*,*,#10586,.T.);
#5613=ORIENTED_EDGE('',*,*,#10590,.F.);
#5614=ORIENTED_EDGE('',*,*,#10591,.T.);
#5615=ORIENTED_EDGE('',*,*,#10592,.T.);
#5616=ORIENTED_EDGE('',*,*,#10593,.T.);
#5617=ORIENTED_EDGE('',*,*,#10594,.T.);
#5618=ORIENTED_EDGE('',*,*,#10595,.T.);
#5619=ORIENTED_EDGE('',*,*,#10596,.F.);
#5620=ORIENTED_EDGE('',*,*,#10597,.F.);
#5621=ORIENTED_EDGE('',*,*,#10598,.F.);
#5622=ORIENTED_EDGE('',*,*,#10593,.F.);
#5623=ORIENTED_EDGE('',*,*,#10599,.F.);
#5624=ORIENTED_EDGE('',*,*,#10596,.T.);
#5625=ORIENTED_EDGE('',*,*,#10600,.F.);
#5626=ORIENTED_EDGE('',*,*,#10601,.T.);
#5627=ORIENTED_EDGE('',*,*,#10602,.T.);
#5628=ORIENTED_EDGE('',*,*,#10603,.T.);
#5629=ORIENTED_EDGE('',*,*,#10604,.T.);
#5630=ORIENTED_EDGE('',*,*,#10605,.T.);
#5631=ORIENTED_EDGE('',*,*,#10606,.F.);
#5632=ORIENTED_EDGE('',*,*,#10607,.F.);
#5633=ORIENTED_EDGE('',*,*,#10608,.F.);
#5634=ORIENTED_EDGE('',*,*,#10603,.F.);
#5635=ORIENTED_EDGE('',*,*,#10609,.F.);
#5636=ORIENTED_EDGE('',*,*,#10606,.T.);
#5637=ORIENTED_EDGE('',*,*,#10610,.F.);
#5638=ORIENTED_EDGE('',*,*,#10611,.T.);
#5639=ORIENTED_EDGE('',*,*,#10612,.T.);
#5640=ORIENTED_EDGE('',*,*,#10613,.T.);
#5641=ORIENTED_EDGE('',*,*,#10614,.T.);
#5642=ORIENTED_EDGE('',*,*,#10615,.T.);
#5643=ORIENTED_EDGE('',*,*,#10616,.F.);
#5644=ORIENTED_EDGE('',*,*,#10617,.F.);
#5645=ORIENTED_EDGE('',*,*,#10618,.F.);
#5646=ORIENTED_EDGE('',*,*,#10613,.F.);
#5647=ORIENTED_EDGE('',*,*,#10619,.F.);
#5648=ORIENTED_EDGE('',*,*,#10616,.T.);
#5649=ORIENTED_EDGE('',*,*,#10620,.F.);
#5650=ORIENTED_EDGE('',*,*,#10621,.T.);
#5651=ORIENTED_EDGE('',*,*,#10622,.T.);
#5652=ORIENTED_EDGE('',*,*,#10623,.T.);
#5653=ORIENTED_EDGE('',*,*,#10624,.T.);
#5654=ORIENTED_EDGE('',*,*,#10625,.T.);
#5655=ORIENTED_EDGE('',*,*,#10626,.F.);
#5656=ORIENTED_EDGE('',*,*,#10627,.F.);
#5657=ORIENTED_EDGE('',*,*,#10628,.F.);
#5658=ORIENTED_EDGE('',*,*,#10623,.F.);
#5659=ORIENTED_EDGE('',*,*,#10629,.F.);
#5660=ORIENTED_EDGE('',*,*,#10626,.T.);
#5661=ORIENTED_EDGE('',*,*,#10630,.F.);
#5662=ORIENTED_EDGE('',*,*,#10631,.T.);
#5663=ORIENTED_EDGE('',*,*,#10632,.T.);
#5664=ORIENTED_EDGE('',*,*,#10633,.T.);
#5665=ORIENTED_EDGE('',*,*,#10634,.T.);
#5666=ORIENTED_EDGE('',*,*,#10635,.T.);
#5667=ORIENTED_EDGE('',*,*,#10636,.F.);
#5668=ORIENTED_EDGE('',*,*,#10637,.F.);
#5669=ORIENTED_EDGE('',*,*,#10638,.F.);
#5670=ORIENTED_EDGE('',*,*,#10633,.F.);
#5671=ORIENTED_EDGE('',*,*,#10639,.F.);
#5672=ORIENTED_EDGE('',*,*,#10636,.T.);
#5673=ORIENTED_EDGE('',*,*,#10640,.F.);
#5674=ORIENTED_EDGE('',*,*,#10641,.T.);
#5675=ORIENTED_EDGE('',*,*,#10642,.T.);
#5676=ORIENTED_EDGE('',*,*,#10643,.T.);
#5677=ORIENTED_EDGE('',*,*,#10644,.T.);
#5678=ORIENTED_EDGE('',*,*,#10645,.T.);
#5679=ORIENTED_EDGE('',*,*,#10646,.F.);
#5680=ORIENTED_EDGE('',*,*,#10647,.F.);
#5681=ORIENTED_EDGE('',*,*,#10648,.F.);
#5682=ORIENTED_EDGE('',*,*,#10643,.F.);
#5683=ORIENTED_EDGE('',*,*,#10649,.F.);
#5684=ORIENTED_EDGE('',*,*,#10646,.T.);
#5685=ORIENTED_EDGE('',*,*,#10650,.F.);
#5686=ORIENTED_EDGE('',*,*,#10651,.T.);
#5687=ORIENTED_EDGE('',*,*,#10652,.T.);
#5688=ORIENTED_EDGE('',*,*,#10653,.T.);
#5689=ORIENTED_EDGE('',*,*,#10654,.T.);
#5690=ORIENTED_EDGE('',*,*,#10655,.T.);
#5691=ORIENTED_EDGE('',*,*,#10656,.F.);
#5692=ORIENTED_EDGE('',*,*,#10657,.F.);
#5693=ORIENTED_EDGE('',*,*,#10658,.F.);
#5694=ORIENTED_EDGE('',*,*,#10659,.T.);
#5695=ORIENTED_EDGE('',*,*,#10660,.T.);
#5696=ORIENTED_EDGE('',*,*,#10661,.T.);
#5697=ORIENTED_EDGE('',*,*,#10662,.F.);
#5698=ORIENTED_EDGE('',*,*,#10653,.F.);
#5699=ORIENTED_EDGE('',*,*,#10663,.F.);
#5700=ORIENTED_EDGE('',*,*,#10656,.T.);
#5701=ORIENTED_EDGE('',*,*,#10664,.T.);
#5702=ORIENTED_EDGE('',*,*,#10665,.T.);
#5703=ORIENTED_EDGE('',*,*,#10666,.F.);
#5704=ORIENTED_EDGE('',*,*,#10667,.T.);
#5705=ORIENTED_EDGE('',*,*,#10668,.F.);
#5706=ORIENTED_EDGE('',*,*,#9974,.T.);
#5707=ORIENTED_EDGE('',*,*,#10669,.T.);
#5708=ORIENTED_EDGE('',*,*,#9978,.F.);
#5709=ORIENTED_EDGE('',*,*,#9972,.F.);
#5710=ORIENTED_EDGE('',*,*,#10670,.F.);
#5711=ORIENTED_EDGE('',*,*,#10671,.F.);
#5712=ORIENTED_EDGE('',*,*,#10672,.T.);
#5713=ORIENTED_EDGE('',*,*,#10673,.T.);
#5714=ORIENTED_EDGE('',*,*,#9980,.T.);
#5715=ORIENTED_EDGE('',*,*,#10674,.T.);
#5716=ORIENTED_EDGE('',*,*,#9985,.F.);
#5717=ORIENTED_EDGE('',*,*,#10675,.T.);
#5718=ORIENTED_EDGE('',*,*,#9990,.T.);
#5719=ORIENTED_EDGE('',*,*,#10676,.T.);
#5720=ORIENTED_EDGE('',*,*,#9995,.F.);
#5721=ORIENTED_EDGE('',*,*,#10677,.T.);
#5722=ORIENTED_EDGE('',*,*,#10000,.T.);
#5723=ORIENTED_EDGE('',*,*,#10678,.T.);
#5724=ORIENTED_EDGE('',*,*,#10005,.F.);
#5725=ORIENTED_EDGE('',*,*,#10679,.T.);
#5726=ORIENTED_EDGE('',*,*,#10010,.T.);
#5727=ORIENTED_EDGE('',*,*,#10680,.T.);
#5728=ORIENTED_EDGE('',*,*,#10015,.F.);
#5729=ORIENTED_EDGE('',*,*,#10681,.T.);
#5730=ORIENTED_EDGE('',*,*,#10020,.T.);
#5731=ORIENTED_EDGE('',*,*,#10682,.T.);
#5732=ORIENTED_EDGE('',*,*,#10025,.F.);
#5733=ORIENTED_EDGE('',*,*,#10683,.T.);
#5734=ORIENTED_EDGE('',*,*,#10030,.T.);
#5735=ORIENTED_EDGE('',*,*,#10684,.T.);
#5736=ORIENTED_EDGE('',*,*,#10035,.F.);
#5737=ORIENTED_EDGE('',*,*,#10685,.T.);
#5738=ORIENTED_EDGE('',*,*,#10040,.T.);
#5739=ORIENTED_EDGE('',*,*,#10686,.T.);
#5740=ORIENTED_EDGE('',*,*,#10045,.F.);
#5741=ORIENTED_EDGE('',*,*,#10687,.T.);
#5742=ORIENTED_EDGE('',*,*,#10050,.T.);
#5743=ORIENTED_EDGE('',*,*,#10688,.T.);
#5744=ORIENTED_EDGE('',*,*,#10055,.F.);
#5745=ORIENTED_EDGE('',*,*,#10689,.T.);
#5746=ORIENTED_EDGE('',*,*,#10060,.T.);
#5747=ORIENTED_EDGE('',*,*,#10690,.T.);
#5748=ORIENTED_EDGE('',*,*,#10065,.F.);
#5749=ORIENTED_EDGE('',*,*,#10691,.T.);
#5750=ORIENTED_EDGE('',*,*,#10070,.T.);
#5751=ORIENTED_EDGE('',*,*,#10692,.T.);
#5752=ORIENTED_EDGE('',*,*,#10075,.F.);
#5753=ORIENTED_EDGE('',*,*,#10693,.T.);
#5754=ORIENTED_EDGE('',*,*,#10080,.T.);
#5755=ORIENTED_EDGE('',*,*,#10694,.T.);
#5756=ORIENTED_EDGE('',*,*,#10085,.F.);
#5757=ORIENTED_EDGE('',*,*,#10695,.T.);
#5758=ORIENTED_EDGE('',*,*,#10090,.T.);
#5759=ORIENTED_EDGE('',*,*,#10696,.T.);
#5760=ORIENTED_EDGE('',*,*,#10095,.F.);
#5761=ORIENTED_EDGE('',*,*,#10697,.T.);
#5762=ORIENTED_EDGE('',*,*,#10100,.T.);
#5763=ORIENTED_EDGE('',*,*,#10698,.T.);
#5764=ORIENTED_EDGE('',*,*,#10105,.F.);
#5765=ORIENTED_EDGE('',*,*,#10699,.T.);
#5766=ORIENTED_EDGE('',*,*,#10110,.T.);
#5767=ORIENTED_EDGE('',*,*,#10700,.T.);
#5768=ORIENTED_EDGE('',*,*,#10115,.F.);
#5769=ORIENTED_EDGE('',*,*,#10701,.T.);
#5770=ORIENTED_EDGE('',*,*,#10120,.T.);
#5771=ORIENTED_EDGE('',*,*,#10702,.T.);
#5772=ORIENTED_EDGE('',*,*,#10125,.F.);
#5773=ORIENTED_EDGE('',*,*,#10703,.T.);
#5774=ORIENTED_EDGE('',*,*,#10130,.T.);
#5775=ORIENTED_EDGE('',*,*,#10704,.T.);
#5776=ORIENTED_EDGE('',*,*,#10135,.F.);
#5777=ORIENTED_EDGE('',*,*,#10705,.T.);
#5778=ORIENTED_EDGE('',*,*,#10140,.T.);
#5779=ORIENTED_EDGE('',*,*,#10706,.T.);
#5780=ORIENTED_EDGE('',*,*,#10145,.F.);
#5781=ORIENTED_EDGE('',*,*,#10707,.T.);
#5782=ORIENTED_EDGE('',*,*,#10150,.T.);
#5783=ORIENTED_EDGE('',*,*,#10708,.T.);
#5784=ORIENTED_EDGE('',*,*,#10155,.F.);
#5785=ORIENTED_EDGE('',*,*,#10709,.T.);
#5786=ORIENTED_EDGE('',*,*,#10160,.T.);
#5787=ORIENTED_EDGE('',*,*,#10710,.T.);
#5788=ORIENTED_EDGE('',*,*,#10165,.F.);
#5789=ORIENTED_EDGE('',*,*,#10711,.T.);
#5790=ORIENTED_EDGE('',*,*,#10170,.T.);
#5791=ORIENTED_EDGE('',*,*,#10712,.T.);
#5792=ORIENTED_EDGE('',*,*,#10175,.F.);
#5793=ORIENTED_EDGE('',*,*,#10713,.T.);
#5794=ORIENTED_EDGE('',*,*,#10180,.T.);
#5795=ORIENTED_EDGE('',*,*,#10714,.T.);
#5796=ORIENTED_EDGE('',*,*,#10185,.F.);
#5797=ORIENTED_EDGE('',*,*,#10715,.T.);
#5798=ORIENTED_EDGE('',*,*,#10190,.T.);
#5799=ORIENTED_EDGE('',*,*,#10716,.T.);
#5800=ORIENTED_EDGE('',*,*,#10195,.F.);
#5801=ORIENTED_EDGE('',*,*,#10717,.T.);
#5802=ORIENTED_EDGE('',*,*,#10200,.T.);
#5803=ORIENTED_EDGE('',*,*,#10718,.T.);
#5804=ORIENTED_EDGE('',*,*,#10205,.F.);
#5805=ORIENTED_EDGE('',*,*,#10719,.T.);
#5806=ORIENTED_EDGE('',*,*,#10210,.T.);
#5807=ORIENTED_EDGE('',*,*,#10720,.T.);
#5808=ORIENTED_EDGE('',*,*,#10215,.F.);
#5809=ORIENTED_EDGE('',*,*,#10721,.T.);
#5810=ORIENTED_EDGE('',*,*,#10220,.T.);
#5811=ORIENTED_EDGE('',*,*,#10722,.T.);
#5812=ORIENTED_EDGE('',*,*,#10225,.F.);
#5813=ORIENTED_EDGE('',*,*,#10723,.T.);
#5814=ORIENTED_EDGE('',*,*,#10230,.T.);
#5815=ORIENTED_EDGE('',*,*,#10724,.T.);
#5816=ORIENTED_EDGE('',*,*,#10235,.F.);
#5817=ORIENTED_EDGE('',*,*,#10725,.T.);
#5818=ORIENTED_EDGE('',*,*,#10240,.T.);
#5819=ORIENTED_EDGE('',*,*,#10726,.T.);
#5820=ORIENTED_EDGE('',*,*,#10245,.F.);
#5821=ORIENTED_EDGE('',*,*,#10727,.T.);
#5822=ORIENTED_EDGE('',*,*,#10250,.T.);
#5823=ORIENTED_EDGE('',*,*,#10728,.T.);
#5824=ORIENTED_EDGE('',*,*,#10255,.F.);
#5825=ORIENTED_EDGE('',*,*,#10729,.T.);
#5826=ORIENTED_EDGE('',*,*,#10260,.T.);
#5827=ORIENTED_EDGE('',*,*,#10730,.T.);
#5828=ORIENTED_EDGE('',*,*,#10265,.F.);
#5829=ORIENTED_EDGE('',*,*,#10731,.T.);
#5830=ORIENTED_EDGE('',*,*,#10270,.T.);
#5831=ORIENTED_EDGE('',*,*,#10732,.T.);
#5832=ORIENTED_EDGE('',*,*,#10275,.F.);
#5833=ORIENTED_EDGE('',*,*,#10733,.T.);
#5834=ORIENTED_EDGE('',*,*,#10280,.T.);
#5835=ORIENTED_EDGE('',*,*,#10734,.T.);
#5836=ORIENTED_EDGE('',*,*,#10285,.F.);
#5837=ORIENTED_EDGE('',*,*,#10735,.T.);
#5838=ORIENTED_EDGE('',*,*,#10290,.T.);
#5839=ORIENTED_EDGE('',*,*,#10736,.T.);
#5840=ORIENTED_EDGE('',*,*,#10295,.F.);
#5841=ORIENTED_EDGE('',*,*,#10737,.T.);
#5842=ORIENTED_EDGE('',*,*,#10300,.T.);
#5843=ORIENTED_EDGE('',*,*,#10738,.T.);
#5844=ORIENTED_EDGE('',*,*,#10305,.F.);
#5845=ORIENTED_EDGE('',*,*,#10739,.T.);
#5846=ORIENTED_EDGE('',*,*,#10312,.T.);
#5847=ORIENTED_EDGE('',*,*,#10740,.T.);
#5848=ORIENTED_EDGE('',*,*,#10316,.F.);
#5849=ORIENTED_EDGE('',*,*,#10321,.F.);
#5850=ORIENTED_EDGE('',*,*,#10741,.T.);
#5851=ORIENTED_EDGE('',*,*,#10324,.F.);
#5852=ORIENTED_EDGE('',*,*,#10742,.T.);
#5853=ORIENTED_EDGE('',*,*,#10331,.F.);
#5854=ORIENTED_EDGE('',*,*,#10743,.T.);
#5855=ORIENTED_EDGE('',*,*,#10334,.F.);
#5856=ORIENTED_EDGE('',*,*,#10744,.T.);
#5857=ORIENTED_EDGE('',*,*,#10341,.F.);
#5858=ORIENTED_EDGE('',*,*,#10745,.T.);
#5859=ORIENTED_EDGE('',*,*,#10344,.F.);
#5860=ORIENTED_EDGE('',*,*,#10746,.T.);
#5861=ORIENTED_EDGE('',*,*,#10351,.F.);
#5862=ORIENTED_EDGE('',*,*,#10747,.T.);
#5863=ORIENTED_EDGE('',*,*,#10354,.F.);
#5864=ORIENTED_EDGE('',*,*,#10748,.T.);
#5865=ORIENTED_EDGE('',*,*,#10361,.F.);
#5866=ORIENTED_EDGE('',*,*,#10749,.T.);
#5867=ORIENTED_EDGE('',*,*,#10364,.F.);
#5868=ORIENTED_EDGE('',*,*,#10750,.T.);
#5869=ORIENTED_EDGE('',*,*,#10371,.F.);
#5870=ORIENTED_EDGE('',*,*,#10751,.T.);
#5871=ORIENTED_EDGE('',*,*,#10374,.F.);
#5872=ORIENTED_EDGE('',*,*,#10752,.T.);
#5873=ORIENTED_EDGE('',*,*,#10381,.F.);
#5874=ORIENTED_EDGE('',*,*,#10753,.T.);
#5875=ORIENTED_EDGE('',*,*,#10384,.F.);
#5876=ORIENTED_EDGE('',*,*,#10754,.T.);
#5877=ORIENTED_EDGE('',*,*,#10391,.F.);
#5878=ORIENTED_EDGE('',*,*,#10755,.T.);
#5879=ORIENTED_EDGE('',*,*,#10394,.F.);
#5880=ORIENTED_EDGE('',*,*,#10756,.T.);
#5881=ORIENTED_EDGE('',*,*,#10401,.F.);
#5882=ORIENTED_EDGE('',*,*,#10757,.T.);
#5883=ORIENTED_EDGE('',*,*,#10404,.F.);
#5884=ORIENTED_EDGE('',*,*,#10758,.T.);
#5885=ORIENTED_EDGE('',*,*,#10411,.F.);
#5886=ORIENTED_EDGE('',*,*,#10759,.T.);
#5887=ORIENTED_EDGE('',*,*,#10414,.F.);
#5888=ORIENTED_EDGE('',*,*,#10760,.T.);
#5889=ORIENTED_EDGE('',*,*,#10421,.F.);
#5890=ORIENTED_EDGE('',*,*,#10761,.T.);
#5891=ORIENTED_EDGE('',*,*,#10424,.F.);
#5892=ORIENTED_EDGE('',*,*,#10762,.T.);
#5893=ORIENTED_EDGE('',*,*,#10434,.F.);
#5894=ORIENTED_EDGE('',*,*,#10763,.T.);
#5895=ORIENTED_EDGE('',*,*,#10431,.F.);
#5896=ORIENTED_EDGE('',*,*,#10764,.T.);
#5897=ORIENTED_EDGE('',*,*,#10444,.F.);
#5898=ORIENTED_EDGE('',*,*,#10765,.T.);
#5899=ORIENTED_EDGE('',*,*,#10441,.F.);
#5900=ORIENTED_EDGE('',*,*,#10766,.T.);
#5901=ORIENTED_EDGE('',*,*,#10454,.F.);
#5902=ORIENTED_EDGE('',*,*,#10767,.T.);
#5903=ORIENTED_EDGE('',*,*,#10451,.F.);
#5904=ORIENTED_EDGE('',*,*,#10768,.T.);
#5905=ORIENTED_EDGE('',*,*,#10464,.F.);
#5906=ORIENTED_EDGE('',*,*,#10769,.T.);
#5907=ORIENTED_EDGE('',*,*,#10461,.F.);
#5908=ORIENTED_EDGE('',*,*,#10770,.T.);
#5909=ORIENTED_EDGE('',*,*,#10474,.F.);
#5910=ORIENTED_EDGE('',*,*,#10771,.T.);
#5911=ORIENTED_EDGE('',*,*,#10471,.F.);
#5912=ORIENTED_EDGE('',*,*,#10772,.T.);
#5913=ORIENTED_EDGE('',*,*,#10484,.F.);
#5914=ORIENTED_EDGE('',*,*,#10773,.T.);
#5915=ORIENTED_EDGE('',*,*,#10481,.F.);
#5916=ORIENTED_EDGE('',*,*,#10774,.T.);
#5917=ORIENTED_EDGE('',*,*,#10494,.F.);
#5918=ORIENTED_EDGE('',*,*,#10775,.T.);
#5919=ORIENTED_EDGE('',*,*,#10491,.F.);
#5920=ORIENTED_EDGE('',*,*,#10776,.T.);
#5921=ORIENTED_EDGE('',*,*,#10504,.F.);
#5922=ORIENTED_EDGE('',*,*,#10777,.T.);
#5923=ORIENTED_EDGE('',*,*,#10501,.F.);
#5924=ORIENTED_EDGE('',*,*,#10778,.T.);
#5925=ORIENTED_EDGE('',*,*,#10514,.F.);
#5926=ORIENTED_EDGE('',*,*,#10779,.T.);
#5927=ORIENTED_EDGE('',*,*,#10511,.F.);
#5928=ORIENTED_EDGE('',*,*,#10780,.T.);
#5929=ORIENTED_EDGE('',*,*,#10524,.F.);
#5930=ORIENTED_EDGE('',*,*,#10781,.T.);
#5931=ORIENTED_EDGE('',*,*,#10521,.F.);
#5932=ORIENTED_EDGE('',*,*,#10782,.T.);
#5933=ORIENTED_EDGE('',*,*,#10534,.F.);
#5934=ORIENTED_EDGE('',*,*,#10783,.T.);
#5935=ORIENTED_EDGE('',*,*,#10531,.F.);
#5936=ORIENTED_EDGE('',*,*,#10784,.T.);
#5937=ORIENTED_EDGE('',*,*,#10544,.F.);
#5938=ORIENTED_EDGE('',*,*,#10785,.T.);
#5939=ORIENTED_EDGE('',*,*,#10541,.F.);
#5940=ORIENTED_EDGE('',*,*,#10786,.T.);
#5941=ORIENTED_EDGE('',*,*,#10554,.F.);
#5942=ORIENTED_EDGE('',*,*,#10787,.T.);
#5943=ORIENTED_EDGE('',*,*,#10551,.F.);
#5944=ORIENTED_EDGE('',*,*,#10788,.T.);
#5945=ORIENTED_EDGE('',*,*,#10564,.F.);
#5946=ORIENTED_EDGE('',*,*,#10789,.T.);
#5947=ORIENTED_EDGE('',*,*,#10561,.F.);
#5948=ORIENTED_EDGE('',*,*,#10790,.T.);
#5949=ORIENTED_EDGE('',*,*,#10574,.F.);
#5950=ORIENTED_EDGE('',*,*,#10791,.T.);
#5951=ORIENTED_EDGE('',*,*,#10571,.F.);
#5952=ORIENTED_EDGE('',*,*,#10792,.T.);
#5953=ORIENTED_EDGE('',*,*,#10584,.F.);
#5954=ORIENTED_EDGE('',*,*,#10793,.T.);
#5955=ORIENTED_EDGE('',*,*,#10581,.F.);
#5956=ORIENTED_EDGE('',*,*,#10794,.T.);
#5957=ORIENTED_EDGE('',*,*,#10594,.F.);
#5958=ORIENTED_EDGE('',*,*,#10795,.T.);
#5959=ORIENTED_EDGE('',*,*,#10591,.F.);
#5960=ORIENTED_EDGE('',*,*,#10796,.T.);
#5961=ORIENTED_EDGE('',*,*,#10604,.F.);
#5962=ORIENTED_EDGE('',*,*,#10797,.T.);
#5963=ORIENTED_EDGE('',*,*,#10601,.F.);
#5964=ORIENTED_EDGE('',*,*,#10798,.T.);
#5965=ORIENTED_EDGE('',*,*,#10614,.F.);
#5966=ORIENTED_EDGE('',*,*,#10799,.T.);
#5967=ORIENTED_EDGE('',*,*,#10611,.F.);
#5968=ORIENTED_EDGE('',*,*,#10800,.T.);
#5969=ORIENTED_EDGE('',*,*,#10624,.F.);
#5970=ORIENTED_EDGE('',*,*,#10801,.T.);
#5971=ORIENTED_EDGE('',*,*,#10621,.F.);
#5972=ORIENTED_EDGE('',*,*,#10802,.T.);
#5973=ORIENTED_EDGE('',*,*,#10634,.F.);
#5974=ORIENTED_EDGE('',*,*,#10803,.T.);
#5975=ORIENTED_EDGE('',*,*,#10631,.F.);
#5976=ORIENTED_EDGE('',*,*,#10804,.T.);
#5977=ORIENTED_EDGE('',*,*,#10644,.F.);
#5978=ORIENTED_EDGE('',*,*,#10805,.T.);
#5979=ORIENTED_EDGE('',*,*,#10641,.F.);
#5980=ORIENTED_EDGE('',*,*,#10806,.T.);
#5981=ORIENTED_EDGE('',*,*,#10654,.F.);
#5982=ORIENTED_EDGE('',*,*,#10807,.T.);
#5983=ORIENTED_EDGE('',*,*,#10651,.F.);
#5984=ORIENTED_EDGE('',*,*,#10808,.T.);
#5985=ORIENTED_EDGE('',*,*,#10809,.T.);
#5986=ORIENTED_EDGE('',*,*,#10810,.F.);
#5987=ORIENTED_EDGE('',*,*,#10811,.F.);
#5988=ORIENTED_EDGE('',*,*,#10812,.F.);
#5989=ORIENTED_EDGE('',*,*,#10813,.F.);
#5990=ORIENTED_EDGE('',*,*,#10814,.F.);
#5991=ORIENTED_EDGE('',*,*,#10815,.T.);
#5992=ORIENTED_EDGE('',*,*,#10816,.T.);
#5993=ORIENTED_EDGE('',*,*,#10817,.T.);
#5994=ORIENTED_EDGE('',*,*,#10818,.T.);
#5995=ORIENTED_EDGE('',*,*,#10819,.T.);
#5996=ORIENTED_EDGE('',*,*,#10820,.T.);
#5997=ORIENTED_EDGE('',*,*,#10821,.T.);
#5998=ORIENTED_EDGE('',*,*,#10664,.F.);
#5999=ORIENTED_EDGE('',*,*,#10822,.T.);
#6000=ORIENTED_EDGE('',*,*,#10659,.F.);
#6001=ORIENTED_EDGE('',*,*,#10823,.T.);
#6002=ORIENTED_EDGE('',*,*,#10824,.T.);
#6003=ORIENTED_EDGE('',*,*,#10825,.T.);
#6004=ORIENTED_EDGE('',*,*,#10826,.F.);
#6005=ORIENTED_EDGE('',*,*,#10827,.T.);
#6006=ORIENTED_EDGE('',*,*,#10828,.T.);
#6007=ORIENTED_EDGE('',*,*,#10829,.T.);
#6008=ORIENTED_EDGE('',*,*,#10830,.T.);
#6009=ORIENTED_EDGE('',*,*,#10824,.F.);
#6010=ORIENTED_EDGE('',*,*,#10831,.T.);
#6011=ORIENTED_EDGE('',*,*,#10832,.T.);
#6012=ORIENTED_EDGE('',*,*,#10833,.F.);
#6013=ORIENTED_EDGE('',*,*,#10834,.F.);
#6014=ORIENTED_EDGE('',*,*,#10815,.F.);
#6015=ORIENTED_EDGE('',*,*,#10835,.T.);
#6016=ORIENTED_EDGE('',*,*,#10836,.T.);
#6017=ORIENTED_EDGE('',*,*,#10837,.F.);
#6018=ORIENTED_EDGE('',*,*,#10838,.F.);
#6019=ORIENTED_EDGE('',*,*,#10839,.F.);
#6020=ORIENTED_EDGE('',*,*,#10826,.T.);
#6021=ORIENTED_EDGE('',*,*,#10840,.T.);
#6022=ORIENTED_EDGE('',*,*,#10841,.F.);
#6023=ORIENTED_EDGE('',*,*,#10842,.T.);
#6024=ORIENTED_EDGE('',*,*,#10843,.T.);
#6025=ORIENTED_EDGE('',*,*,#10844,.T.);
#6026=ORIENTED_EDGE('',*,*,#10845,.T.);
#6027=ORIENTED_EDGE('',*,*,#10846,.T.);
#6028=ORIENTED_EDGE('',*,*,#10847,.T.);
#6029=ORIENTED_EDGE('',*,*,#10848,.T.);
#6030=ORIENTED_EDGE('',*,*,#10849,.T.);
#6031=ORIENTED_EDGE('',*,*,#10850,.T.);
#6032=ORIENTED_EDGE('',*,*,#10851,.T.);
#6033=ORIENTED_EDGE('',*,*,#10852,.T.);
#6034=ORIENTED_EDGE('',*,*,#10853,.T.);
#6035=ORIENTED_EDGE('',*,*,#10854,.T.);
#6036=ORIENTED_EDGE('',*,*,#10855,.T.);
#6037=ORIENTED_EDGE('',*,*,#10856,.T.);
#6038=ORIENTED_EDGE('',*,*,#10857,.T.);
#6039=ORIENTED_EDGE('',*,*,#10858,.T.);
#6040=ORIENTED_EDGE('',*,*,#10859,.T.);
#6041=ORIENTED_EDGE('',*,*,#10860,.T.);
#6042=ORIENTED_EDGE('',*,*,#10861,.T.);
#6043=ORIENTED_EDGE('',*,*,#10862,.T.);
#6044=ORIENTED_EDGE('',*,*,#10863,.T.);
#6045=ORIENTED_EDGE('',*,*,#10864,.T.);
#6046=ORIENTED_EDGE('',*,*,#10865,.T.);
#6047=ORIENTED_EDGE('',*,*,#10866,.T.);
#6048=ORIENTED_EDGE('',*,*,#10867,.T.);
#6049=ORIENTED_EDGE('',*,*,#10868,.T.);
#6050=ORIENTED_EDGE('',*,*,#10869,.T.);
#6051=ORIENTED_EDGE('',*,*,#10870,.T.);
#6052=ORIENTED_EDGE('',*,*,#10871,.T.);
#6053=ORIENTED_EDGE('',*,*,#10872,.T.);
#6054=ORIENTED_EDGE('',*,*,#10873,.T.);
#6055=ORIENTED_EDGE('',*,*,#10874,.T.);
#6056=ORIENTED_EDGE('',*,*,#10875,.T.);
#6057=ORIENTED_EDGE('',*,*,#10876,.T.);
#6058=ORIENTED_EDGE('',*,*,#10877,.T.);
#6059=ORIENTED_EDGE('',*,*,#10878,.T.);
#6060=ORIENTED_EDGE('',*,*,#10879,.T.);
#6061=ORIENTED_EDGE('',*,*,#10880,.T.);
#6062=ORIENTED_EDGE('',*,*,#10881,.T.);
#6063=ORIENTED_EDGE('',*,*,#10882,.T.);
#6064=ORIENTED_EDGE('',*,*,#10883,.T.);
#6065=ORIENTED_EDGE('',*,*,#10884,.T.);
#6066=ORIENTED_EDGE('',*,*,#10885,.T.);
#6067=ORIENTED_EDGE('',*,*,#10886,.F.);
#6068=ORIENTED_EDGE('',*,*,#10887,.F.);
#6069=ORIENTED_EDGE('',*,*,#10888,.F.);
#6070=ORIENTED_EDGE('',*,*,#10889,.F.);
#6071=ORIENTED_EDGE('',*,*,#10890,.F.);
#6072=ORIENTED_EDGE('',*,*,#10891,.F.);
#6073=ORIENTED_EDGE('',*,*,#10892,.F.);
#6074=ORIENTED_EDGE('',*,*,#10893,.F.);
#6075=ORIENTED_EDGE('',*,*,#10894,.F.);
#6076=ORIENTED_EDGE('',*,*,#10895,.F.);
#6077=ORIENTED_EDGE('',*,*,#10896,.F.);
#6078=ORIENTED_EDGE('',*,*,#10897,.F.);
#6079=ORIENTED_EDGE('',*,*,#10898,.F.);
#6080=ORIENTED_EDGE('',*,*,#10899,.F.);
#6081=ORIENTED_EDGE('',*,*,#10900,.F.);
#6082=ORIENTED_EDGE('',*,*,#10901,.F.);
#6083=ORIENTED_EDGE('',*,*,#10902,.F.);
#6084=ORIENTED_EDGE('',*,*,#10903,.F.);
#6085=ORIENTED_EDGE('',*,*,#10904,.F.);
#6086=ORIENTED_EDGE('',*,*,#10905,.F.);
#6087=ORIENTED_EDGE('',*,*,#10906,.F.);
#6088=ORIENTED_EDGE('',*,*,#10907,.T.);
#6089=ORIENTED_EDGE('',*,*,#10908,.F.);
#6090=ORIENTED_EDGE('',*,*,#10909,.F.);
#6091=ORIENTED_EDGE('',*,*,#10910,.T.);
#6092=ORIENTED_EDGE('',*,*,#10911,.T.);
#6093=ORIENTED_EDGE('',*,*,#10912,.T.);
#6094=ORIENTED_EDGE('',*,*,#10913,.T.);
#6095=ORIENTED_EDGE('',*,*,#10914,.T.);
#6096=ORIENTED_EDGE('',*,*,#10915,.T.);
#6097=ORIENTED_EDGE('',*,*,#10916,.T.);
#6098=ORIENTED_EDGE('',*,*,#10917,.T.);
#6099=ORIENTED_EDGE('',*,*,#10918,.T.);
#6100=ORIENTED_EDGE('',*,*,#10919,.T.);
#6101=ORIENTED_EDGE('',*,*,#10920,.T.);
#6102=ORIENTED_EDGE('',*,*,#10921,.T.);
#6103=ORIENTED_EDGE('',*,*,#10922,.T.);
#6104=ORIENTED_EDGE('',*,*,#10923,.T.);
#6105=ORIENTED_EDGE('',*,*,#10924,.T.);
#6106=ORIENTED_EDGE('',*,*,#10925,.T.);
#6107=ORIENTED_EDGE('',*,*,#10926,.T.);
#6108=ORIENTED_EDGE('',*,*,#10927,.T.);
#6109=ORIENTED_EDGE('',*,*,#10928,.T.);
#6110=ORIENTED_EDGE('',*,*,#10929,.T.);
#6111=ORIENTED_EDGE('',*,*,#10930,.T.);
#6112=ORIENTED_EDGE('',*,*,#10931,.T.);
#6113=ORIENTED_EDGE('',*,*,#10932,.T.);
#6114=ORIENTED_EDGE('',*,*,#10933,.T.);
#6115=ORIENTED_EDGE('',*,*,#10934,.T.);
#6116=ORIENTED_EDGE('',*,*,#10935,.T.);
#6117=ORIENTED_EDGE('',*,*,#10936,.T.);
#6118=ORIENTED_EDGE('',*,*,#10937,.T.);
#6119=ORIENTED_EDGE('',*,*,#10938,.T.);
#6120=ORIENTED_EDGE('',*,*,#10939,.T.);
#6121=ORIENTED_EDGE('',*,*,#10940,.T.);
#6122=ORIENTED_EDGE('',*,*,#10941,.T.);
#6123=ORIENTED_EDGE('',*,*,#10942,.T.);
#6124=ORIENTED_EDGE('',*,*,#10943,.T.);
#6125=ORIENTED_EDGE('',*,*,#10944,.T.);
#6126=ORIENTED_EDGE('',*,*,#10945,.T.);
#6127=ORIENTED_EDGE('',*,*,#10946,.T.);
#6128=ORIENTED_EDGE('',*,*,#10947,.T.);
#6129=ORIENTED_EDGE('',*,*,#10948,.T.);
#6130=ORIENTED_EDGE('',*,*,#10949,.T.);
#6131=ORIENTED_EDGE('',*,*,#10950,.T.);
#6132=ORIENTED_EDGE('',*,*,#10951,.T.);
#6133=ORIENTED_EDGE('',*,*,#10952,.T.);
#6134=ORIENTED_EDGE('',*,*,#10953,.T.);
#6135=ORIENTED_EDGE('',*,*,#10954,.T.);
#6136=ORIENTED_EDGE('',*,*,#10955,.T.);
#6137=ORIENTED_EDGE('',*,*,#10956,.T.);
#6138=ORIENTED_EDGE('',*,*,#10957,.T.);
#6139=ORIENTED_EDGE('',*,*,#10958,.T.);
#6140=ORIENTED_EDGE('',*,*,#10959,.T.);
#6141=ORIENTED_EDGE('',*,*,#10960,.T.);
#6142=ORIENTED_EDGE('',*,*,#10961,.T.);
#6143=ORIENTED_EDGE('',*,*,#10962,.T.);
#6144=ORIENTED_EDGE('',*,*,#10963,.T.);
#6145=ORIENTED_EDGE('',*,*,#10964,.T.);
#6146=ORIENTED_EDGE('',*,*,#10965,.T.);
#6147=ORIENTED_EDGE('',*,*,#10966,.T.);
#6148=ORIENTED_EDGE('',*,*,#10967,.T.);
#6149=ORIENTED_EDGE('',*,*,#10968,.T.);
#6150=ORIENTED_EDGE('',*,*,#10969,.T.);
#6151=ORIENTED_EDGE('',*,*,#10970,.F.);
#6152=ORIENTED_EDGE('',*,*,#10971,.F.);
#6153=ORIENTED_EDGE('',*,*,#10972,.F.);
#6154=ORIENTED_EDGE('',*,*,#10973,.F.);
#6155=ORIENTED_EDGE('',*,*,#10836,.F.);
#6156=ORIENTED_EDGE('',*,*,#10974,.T.);
#6157=ORIENTED_EDGE('',*,*,#10975,.F.);
#6158=ORIENTED_EDGE('',*,*,#10976,.F.);
#6159=ORIENTED_EDGE('',*,*,#10977,.F.);
#6160=ORIENTED_EDGE('',*,*,#10819,.F.);
#6161=ORIENTED_EDGE('',*,*,#10978,.T.);
#6162=ORIENTED_EDGE('',*,*,#10970,.T.);
#6163=ORIENTED_EDGE('',*,*,#10979,.F.);
#6164=ORIENTED_EDGE('',*,*,#10980,.F.);
#6165=ORIENTED_EDGE('',*,*,#10981,.T.);
#6166=ORIENTED_EDGE('',*,*,#10904,.T.);
#6167=ORIENTED_EDGE('',*,*,#10982,.F.);
#6168=ORIENTED_EDGE('',*,*,#10813,.T.);
#6169=ORIENTED_EDGE('',*,*,#10983,.T.);
#6170=ORIENTED_EDGE('',*,*,#10906,.T.);
#6171=ORIENTED_EDGE('',*,*,#10984,.F.);
#6172=ORIENTED_EDGE('',*,*,#10985,.F.);
#6173=ORIENTED_EDGE('',*,*,#10986,.T.);
#6174=ORIENTED_EDGE('',*,*,#10975,.T.);
#6175=ORIENTED_EDGE('',*,*,#10987,.F.);
#6176=ORIENTED_EDGE('',*,*,#10661,.F.);
#6177=ORIENTED_EDGE('',*,*,#10988,.F.);
#6178=ORIENTED_EDGE('',*,*,#10666,.T.);
#6179=ORIENTED_EDGE('',*,*,#10989,.F.);
#6180=ORIENTED_EDGE('',*,*,#10841,.T.);
#6181=ORIENTED_EDGE('',*,*,#10990,.F.);
#6182=ORIENTED_EDGE('',*,*,#10832,.F.);
#6183=ORIENTED_EDGE('',*,*,#10991,.T.);
#6184=ORIENTED_EDGE('',*,*,#10992,.T.);
#6185=ORIENTED_EDGE('',*,*,#10993,.T.);
#6186=ORIENTED_EDGE('',*,*,#10994,.T.);
#6187=ORIENTED_EDGE('',*,*,#10995,.T.);
#6188=ORIENTED_EDGE('',*,*,#10996,.T.);
#6189=ORIENTED_EDGE('',*,*,#10997,.T.);
#6190=ORIENTED_EDGE('',*,*,#10998,.T.);
#6191=ORIENTED_EDGE('',*,*,#10999,.T.);
#6192=ORIENTED_EDGE('',*,*,#11000,.T.);
#6193=ORIENTED_EDGE('',*,*,#11001,.T.);
#6194=ORIENTED_EDGE('',*,*,#11002,.T.);
#6195=ORIENTED_EDGE('',*,*,#11003,.T.);
#6196=ORIENTED_EDGE('',*,*,#11004,.T.);
#6197=ORIENTED_EDGE('',*,*,#11005,.T.);
#6198=ORIENTED_EDGE('',*,*,#11006,.T.);
#6199=ORIENTED_EDGE('',*,*,#11007,.T.);
#6200=ORIENTED_EDGE('',*,*,#11008,.T.);
#6201=ORIENTED_EDGE('',*,*,#11009,.T.);
#6202=ORIENTED_EDGE('',*,*,#11010,.T.);
#6203=ORIENTED_EDGE('',*,*,#11011,.F.);
#6204=ORIENTED_EDGE('',*,*,#11012,.F.);
#6205=ORIENTED_EDGE('',*,*,#11013,.F.);
#6206=ORIENTED_EDGE('',*,*,#11014,.F.);
#6207=ORIENTED_EDGE('',*,*,#11015,.T.);
#6208=ORIENTED_EDGE('',*,*,#11016,.T.);
#6209=ORIENTED_EDGE('',*,*,#11017,.T.);
#6210=ORIENTED_EDGE('',*,*,#11018,.T.);
#6211=ORIENTED_EDGE('',*,*,#11019,.T.);
#6212=ORIENTED_EDGE('',*,*,#11020,.T.);
#6213=ORIENTED_EDGE('',*,*,#11021,.T.);
#6214=ORIENTED_EDGE('',*,*,#11022,.T.);
#6215=ORIENTED_EDGE('',*,*,#11023,.T.);
#6216=ORIENTED_EDGE('',*,*,#11024,.T.);
#6217=ORIENTED_EDGE('',*,*,#11025,.T.);
#6218=ORIENTED_EDGE('',*,*,#11026,.T.);
#6219=ORIENTED_EDGE('',*,*,#11027,.T.);
#6220=ORIENTED_EDGE('',*,*,#11028,.T.);
#6221=ORIENTED_EDGE('',*,*,#11029,.T.);
#6222=ORIENTED_EDGE('',*,*,#11030,.T.);
#6223=ORIENTED_EDGE('',*,*,#11031,.T.);
#6224=ORIENTED_EDGE('',*,*,#11032,.T.);
#6225=ORIENTED_EDGE('',*,*,#11033,.T.);
#6226=ORIENTED_EDGE('',*,*,#11034,.T.);
#6227=ORIENTED_EDGE('',*,*,#11011,.T.);
#6228=ORIENTED_EDGE('',*,*,#11035,.F.);
#6229=ORIENTED_EDGE('',*,*,#11036,.F.);
#6230=ORIENTED_EDGE('',*,*,#11037,.T.);
#6231=ORIENTED_EDGE('',*,*,#11014,.T.);
#6232=ORIENTED_EDGE('',*,*,#11038,.F.);
#6233=ORIENTED_EDGE('',*,*,#11039,.F.);
#6234=ORIENTED_EDGE('',*,*,#11035,.T.);
#6235=ORIENTED_EDGE('',*,*,#11013,.T.);
#6236=ORIENTED_EDGE('',*,*,#11040,.F.);
#6237=ORIENTED_EDGE('',*,*,#11041,.F.);
#6238=ORIENTED_EDGE('',*,*,#11038,.T.);
#6239=ORIENTED_EDGE('',*,*,#11012,.T.);
#6240=ORIENTED_EDGE('',*,*,#11037,.F.);
#6241=ORIENTED_EDGE('',*,*,#11042,.F.);
#6242=ORIENTED_EDGE('',*,*,#11040,.T.);
#6243=ORIENTED_EDGE('',*,*,#11007,.F.);
#6244=ORIENTED_EDGE('',*,*,#11043,.T.);
#6245=ORIENTED_EDGE('',*,*,#11044,.F.);
#6246=ORIENTED_EDGE('',*,*,#11045,.F.);
#6247=ORIENTED_EDGE('',*,*,#11008,.F.);
#6248=ORIENTED_EDGE('',*,*,#11045,.T.);
#6249=ORIENTED_EDGE('',*,*,#11046,.F.);
#6250=ORIENTED_EDGE('',*,*,#11047,.F.);
#6251=ORIENTED_EDGE('',*,*,#11009,.F.);
#6252=ORIENTED_EDGE('',*,*,#11047,.T.);
#6253=ORIENTED_EDGE('',*,*,#11048,.F.);
#6254=ORIENTED_EDGE('',*,*,#11049,.F.);
#6255=ORIENTED_EDGE('',*,*,#11010,.F.);
#6256=ORIENTED_EDGE('',*,*,#11049,.T.);
#6257=ORIENTED_EDGE('',*,*,#11050,.F.);
#6258=ORIENTED_EDGE('',*,*,#11043,.F.);
#6259=ORIENTED_EDGE('',*,*,#11044,.T.);
#6260=ORIENTED_EDGE('',*,*,#11050,.T.);
#6261=ORIENTED_EDGE('',*,*,#11048,.T.);
#6262=ORIENTED_EDGE('',*,*,#11046,.T.);
#6263=ORIENTED_EDGE('',*,*,#11015,.F.);
#6264=ORIENTED_EDGE('',*,*,#11051,.T.);
#6265=ORIENTED_EDGE('',*,*,#11052,.F.);
#6266=ORIENTED_EDGE('',*,*,#11053,.F.);
#6267=ORIENTED_EDGE('',*,*,#11016,.F.);
#6268=ORIENTED_EDGE('',*,*,#11053,.T.);
#6269=ORIENTED_EDGE('',*,*,#11054,.F.);
#6270=ORIENTED_EDGE('',*,*,#11055,.F.);
#6271=ORIENTED_EDGE('',*,*,#11017,.F.);
#6272=ORIENTED_EDGE('',*,*,#11055,.T.);
#6273=ORIENTED_EDGE('',*,*,#11056,.F.);
#6274=ORIENTED_EDGE('',*,*,#11057,.F.);
#6275=ORIENTED_EDGE('',*,*,#11018,.F.);
#6276=ORIENTED_EDGE('',*,*,#11057,.T.);
#6277=ORIENTED_EDGE('',*,*,#11058,.F.);
#6278=ORIENTED_EDGE('',*,*,#11051,.F.);
#6279=ORIENTED_EDGE('',*,*,#11052,.T.);
#6280=ORIENTED_EDGE('',*,*,#11058,.T.);
#6281=ORIENTED_EDGE('',*,*,#11056,.T.);
#6282=ORIENTED_EDGE('',*,*,#11054,.T.);
#6283=ORIENTED_EDGE('',*,*,#11003,.F.);
#6284=ORIENTED_EDGE('',*,*,#11059,.T.);
#6285=ORIENTED_EDGE('',*,*,#11060,.F.);
#6286=ORIENTED_EDGE('',*,*,#11061,.F.);
#6287=ORIENTED_EDGE('',*,*,#11004,.F.);
#6288=ORIENTED_EDGE('',*,*,#11061,.T.);
#6289=ORIENTED_EDGE('',*,*,#11062,.F.);
#6290=ORIENTED_EDGE('',*,*,#11063,.F.);
#6291=ORIENTED_EDGE('',*,*,#11005,.F.);
#6292=ORIENTED_EDGE('',*,*,#11063,.T.);
#6293=ORIENTED_EDGE('',*,*,#11064,.F.);
#6294=ORIENTED_EDGE('',*,*,#11065,.F.);
#6295=ORIENTED_EDGE('',*,*,#11006,.F.);
#6296=ORIENTED_EDGE('',*,*,#11065,.T.);
#6297=ORIENTED_EDGE('',*,*,#11066,.F.);
#6298=ORIENTED_EDGE('',*,*,#11059,.F.);
#6299=ORIENTED_EDGE('',*,*,#11060,.T.);
#6300=ORIENTED_EDGE('',*,*,#11066,.T.);
#6301=ORIENTED_EDGE('',*,*,#11064,.T.);
#6302=ORIENTED_EDGE('',*,*,#11062,.T.);
#6303=ORIENTED_EDGE('',*,*,#11019,.F.);
#6304=ORIENTED_EDGE('',*,*,#11067,.T.);
#6305=ORIENTED_EDGE('',*,*,#11068,.F.);
#6306=ORIENTED_EDGE('',*,*,#11069,.F.);
#6307=ORIENTED_EDGE('',*,*,#11020,.F.);
#6308=ORIENTED_EDGE('',*,*,#11069,.T.);
#6309=ORIENTED_EDGE('',*,*,#11070,.F.);
#6310=ORIENTED_EDGE('',*,*,#11071,.F.);
#6311=ORIENTED_EDGE('',*,*,#11021,.F.);
#6312=ORIENTED_EDGE('',*,*,#11071,.T.);
#6313=ORIENTED_EDGE('',*,*,#11072,.F.);
#6314=ORIENTED_EDGE('',*,*,#11073,.F.);
#6315=ORIENTED_EDGE('',*,*,#11022,.F.);
#6316=ORIENTED_EDGE('',*,*,#11073,.T.);
#6317=ORIENTED_EDGE('',*,*,#11074,.F.);
#6318=ORIENTED_EDGE('',*,*,#11067,.F.);
#6319=ORIENTED_EDGE('',*,*,#11068,.T.);
#6320=ORIENTED_EDGE('',*,*,#11074,.T.);
#6321=ORIENTED_EDGE('',*,*,#11072,.T.);
#6322=ORIENTED_EDGE('',*,*,#11070,.T.);
#6323=ORIENTED_EDGE('',*,*,#10999,.F.);
#6324=ORIENTED_EDGE('',*,*,#11075,.T.);
#6325=ORIENTED_EDGE('',*,*,#11076,.F.);
#6326=ORIENTED_EDGE('',*,*,#11077,.F.);
#6327=ORIENTED_EDGE('',*,*,#11000,.F.);
#6328=ORIENTED_EDGE('',*,*,#11077,.T.);
#6329=ORIENTED_EDGE('',*,*,#11078,.F.);
#6330=ORIENTED_EDGE('',*,*,#11079,.F.);
#6331=ORIENTED_EDGE('',*,*,#11001,.F.);
#6332=ORIENTED_EDGE('',*,*,#11079,.T.);
#6333=ORIENTED_EDGE('',*,*,#11080,.F.);
#6334=ORIENTED_EDGE('',*,*,#11081,.F.);
#6335=ORIENTED_EDGE('',*,*,#11002,.F.);
#6336=ORIENTED_EDGE('',*,*,#11081,.T.);
#6337=ORIENTED_EDGE('',*,*,#11082,.F.);
#6338=ORIENTED_EDGE('',*,*,#11075,.F.);
#6339=ORIENTED_EDGE('',*,*,#11076,.T.);
#6340=ORIENTED_EDGE('',*,*,#11082,.T.);
#6341=ORIENTED_EDGE('',*,*,#11080,.T.);
#6342=ORIENTED_EDGE('',*,*,#11078,.T.);
#6343=ORIENTED_EDGE('',*,*,#11023,.F.);
#6344=ORIENTED_EDGE('',*,*,#11083,.T.);
#6345=ORIENTED_EDGE('',*,*,#11084,.F.);
#6346=ORIENTED_EDGE('',*,*,#11085,.F.);
#6347=ORIENTED_EDGE('',*,*,#11024,.F.);
#6348=ORIENTED_EDGE('',*,*,#11085,.T.);
#6349=ORIENTED_EDGE('',*,*,#11086,.F.);
#6350=ORIENTED_EDGE('',*,*,#11087,.F.);
#6351=ORIENTED_EDGE('',*,*,#11025,.F.);
#6352=ORIENTED_EDGE('',*,*,#11087,.T.);
#6353=ORIENTED_EDGE('',*,*,#11088,.F.);
#6354=ORIENTED_EDGE('',*,*,#11089,.F.);
#6355=ORIENTED_EDGE('',*,*,#11026,.F.);
#6356=ORIENTED_EDGE('',*,*,#11089,.T.);
#6357=ORIENTED_EDGE('',*,*,#11090,.F.);
#6358=ORIENTED_EDGE('',*,*,#11083,.F.);
#6359=ORIENTED_EDGE('',*,*,#11084,.T.);
#6360=ORIENTED_EDGE('',*,*,#11090,.T.);
#6361=ORIENTED_EDGE('',*,*,#11088,.T.);
#6362=ORIENTED_EDGE('',*,*,#11086,.T.);
#6363=ORIENTED_EDGE('',*,*,#10995,.F.);
#6364=ORIENTED_EDGE('',*,*,#11091,.T.);
#6365=ORIENTED_EDGE('',*,*,#11092,.F.);
#6366=ORIENTED_EDGE('',*,*,#11093,.F.);
#6367=ORIENTED_EDGE('',*,*,#10996,.F.);
#6368=ORIENTED_EDGE('',*,*,#11093,.T.);
#6369=ORIENTED_EDGE('',*,*,#11094,.F.);
#6370=ORIENTED_EDGE('',*,*,#11095,.F.);
#6371=ORIENTED_EDGE('',*,*,#10997,.F.);
#6372=ORIENTED_EDGE('',*,*,#11095,.T.);
#6373=ORIENTED_EDGE('',*,*,#11096,.F.);
#6374=ORIENTED_EDGE('',*,*,#11097,.F.);
#6375=ORIENTED_EDGE('',*,*,#10998,.F.);
#6376=ORIENTED_EDGE('',*,*,#11097,.T.);
#6377=ORIENTED_EDGE('',*,*,#11098,.F.);
#6378=ORIENTED_EDGE('',*,*,#11091,.F.);
#6379=ORIENTED_EDGE('',*,*,#11092,.T.);
#6380=ORIENTED_EDGE('',*,*,#11098,.T.);
#6381=ORIENTED_EDGE('',*,*,#11096,.T.);
#6382=ORIENTED_EDGE('',*,*,#11094,.T.);
#6383=ORIENTED_EDGE('',*,*,#11027,.F.);
#6384=ORIENTED_EDGE('',*,*,#11099,.T.);
#6385=ORIENTED_EDGE('',*,*,#11100,.F.);
#6386=ORIENTED_EDGE('',*,*,#11101,.F.);
#6387=ORIENTED_EDGE('',*,*,#11028,.F.);
#6388=ORIENTED_EDGE('',*,*,#11101,.T.);
#6389=ORIENTED_EDGE('',*,*,#11102,.F.);
#6390=ORIENTED_EDGE('',*,*,#11103,.F.);
#6391=ORIENTED_EDGE('',*,*,#11029,.F.);
#6392=ORIENTED_EDGE('',*,*,#11103,.T.);
#6393=ORIENTED_EDGE('',*,*,#11104,.F.);
#6394=ORIENTED_EDGE('',*,*,#11105,.F.);
#6395=ORIENTED_EDGE('',*,*,#11030,.F.);
#6396=ORIENTED_EDGE('',*,*,#11105,.T.);
#6397=ORIENTED_EDGE('',*,*,#11106,.F.);
#6398=ORIENTED_EDGE('',*,*,#11099,.F.);
#6399=ORIENTED_EDGE('',*,*,#11100,.T.);
#6400=ORIENTED_EDGE('',*,*,#11106,.T.);
#6401=ORIENTED_EDGE('',*,*,#11104,.T.);
#6402=ORIENTED_EDGE('',*,*,#11102,.T.);
#6403=ORIENTED_EDGE('',*,*,#10991,.F.);
#6404=ORIENTED_EDGE('',*,*,#11107,.T.);
#6405=ORIENTED_EDGE('',*,*,#11108,.F.);
#6406=ORIENTED_EDGE('',*,*,#11109,.F.);
#6407=ORIENTED_EDGE('',*,*,#10992,.F.);
#6408=ORIENTED_EDGE('',*,*,#11109,.T.);
#6409=ORIENTED_EDGE('',*,*,#11110,.F.);
#6410=ORIENTED_EDGE('',*,*,#11111,.F.);
#6411=ORIENTED_EDGE('',*,*,#10993,.F.);
#6412=ORIENTED_EDGE('',*,*,#11111,.T.);
#6413=ORIENTED_EDGE('',*,*,#11112,.F.);
#6414=ORIENTED_EDGE('',*,*,#11113,.F.);
#6415=ORIENTED_EDGE('',*,*,#10994,.F.);
#6416=ORIENTED_EDGE('',*,*,#11113,.T.);
#6417=ORIENTED_EDGE('',*,*,#11114,.F.);
#6418=ORIENTED_EDGE('',*,*,#11107,.F.);
#6419=ORIENTED_EDGE('',*,*,#11108,.T.);
#6420=ORIENTED_EDGE('',*,*,#11114,.T.);
#6421=ORIENTED_EDGE('',*,*,#11112,.T.);
#6422=ORIENTED_EDGE('',*,*,#11110,.T.);
#6423=ORIENTED_EDGE('',*,*,#11031,.F.);
#6424=ORIENTED_EDGE('',*,*,#11115,.T.);
#6425=ORIENTED_EDGE('',*,*,#11116,.F.);
#6426=ORIENTED_EDGE('',*,*,#11117,.F.);
#6427=ORIENTED_EDGE('',*,*,#11032,.F.);
#6428=ORIENTED_EDGE('',*,*,#11117,.T.);
#6429=ORIENTED_EDGE('',*,*,#11118,.F.);
#6430=ORIENTED_EDGE('',*,*,#11119,.F.);
#6431=ORIENTED_EDGE('',*,*,#11033,.F.);
#6432=ORIENTED_EDGE('',*,*,#11119,.T.);
#6433=ORIENTED_EDGE('',*,*,#11120,.F.);
#6434=ORIENTED_EDGE('',*,*,#11121,.F.);
#6435=ORIENTED_EDGE('',*,*,#11034,.F.);
#6436=ORIENTED_EDGE('',*,*,#11121,.T.);
#6437=ORIENTED_EDGE('',*,*,#11122,.F.);
#6438=ORIENTED_EDGE('',*,*,#11115,.F.);
#6439=ORIENTED_EDGE('',*,*,#11116,.T.);
#6440=ORIENTED_EDGE('',*,*,#11122,.T.);
#6441=ORIENTED_EDGE('',*,*,#11120,.T.);
#6442=ORIENTED_EDGE('',*,*,#11118,.T.);
#6443=ORIENTED_EDGE('',*,*,#10976,.T.);
#6444=ORIENTED_EDGE('',*,*,#10986,.F.);
#6445=ORIENTED_EDGE('',*,*,#11123,.F.);
#6446=ORIENTED_EDGE('',*,*,#10979,.T.);
#6447=ORIENTED_EDGE('',*,*,#10905,.T.);
#6448=ORIENTED_EDGE('',*,*,#10981,.F.);
#6449=ORIENTED_EDGE('',*,*,#11124,.F.);
#6450=ORIENTED_EDGE('',*,*,#10984,.T.);
#6451=ORIENTED_EDGE('',*,*,#11036,.T.);
#6452=ORIENTED_EDGE('',*,*,#11039,.T.);
#6453=ORIENTED_EDGE('',*,*,#11041,.T.);
#6454=ORIENTED_EDGE('',*,*,#11042,.T.);
#6455=ORIENTED_EDGE('',*,*,#11123,.T.);
#6456=ORIENTED_EDGE('',*,*,#10985,.T.);
#6457=ORIENTED_EDGE('',*,*,#11124,.T.);
#6458=ORIENTED_EDGE('',*,*,#10980,.T.);
#6459=ORIENTED_EDGE('',*,*,#10910,.F.);
#6460=ORIENTED_EDGE('',*,*,#11125,.F.);
#6461=ORIENTED_EDGE('',*,*,#11126,.T.);
#6462=ORIENTED_EDGE('',*,*,#11127,.T.);
#6463=ORIENTED_EDGE('',*,*,#10911,.F.);
#6464=ORIENTED_EDGE('',*,*,#11127,.F.);
#6465=ORIENTED_EDGE('',*,*,#11128,.T.);
#6466=ORIENTED_EDGE('',*,*,#11129,.T.);
#6467=ORIENTED_EDGE('',*,*,#10912,.F.);
#6468=ORIENTED_EDGE('',*,*,#11129,.F.);
#6469=ORIENTED_EDGE('',*,*,#11130,.T.);
#6470=ORIENTED_EDGE('',*,*,#11131,.T.);
#6471=ORIENTED_EDGE('',*,*,#10913,.F.);
#6472=ORIENTED_EDGE('',*,*,#11131,.F.);
#6473=ORIENTED_EDGE('',*,*,#11132,.T.);
#6474=ORIENTED_EDGE('',*,*,#11125,.T.);
#6475=ORIENTED_EDGE('',*,*,#11126,.F.);
#6476=ORIENTED_EDGE('',*,*,#11132,.F.);
#6477=ORIENTED_EDGE('',*,*,#11130,.F.);
#6478=ORIENTED_EDGE('',*,*,#11128,.F.);
#6479=ORIENTED_EDGE('',*,*,#10914,.F.);
#6480=ORIENTED_EDGE('',*,*,#11133,.F.);
#6481=ORIENTED_EDGE('',*,*,#11134,.T.);
#6482=ORIENTED_EDGE('',*,*,#11135,.T.);
#6483=ORIENTED_EDGE('',*,*,#10915,.F.);
#6484=ORIENTED_EDGE('',*,*,#11135,.F.);
#6485=ORIENTED_EDGE('',*,*,#11136,.T.);
#6486=ORIENTED_EDGE('',*,*,#11137,.T.);
#6487=ORIENTED_EDGE('',*,*,#10916,.F.);
#6488=ORIENTED_EDGE('',*,*,#11137,.F.);
#6489=ORIENTED_EDGE('',*,*,#11138,.T.);
#6490=ORIENTED_EDGE('',*,*,#11139,.T.);
#6491=ORIENTED_EDGE('',*,*,#10917,.F.);
#6492=ORIENTED_EDGE('',*,*,#11139,.F.);
#6493=ORIENTED_EDGE('',*,*,#11140,.T.);
#6494=ORIENTED_EDGE('',*,*,#11133,.T.);
#6495=ORIENTED_EDGE('',*,*,#11134,.F.);
#6496=ORIENTED_EDGE('',*,*,#11140,.F.);
#6497=ORIENTED_EDGE('',*,*,#11138,.F.);
#6498=ORIENTED_EDGE('',*,*,#11136,.F.);
#6499=ORIENTED_EDGE('',*,*,#10918,.F.);
#6500=ORIENTED_EDGE('',*,*,#11141,.F.);
#6501=ORIENTED_EDGE('',*,*,#11142,.T.);
#6502=ORIENTED_EDGE('',*,*,#11143,.T.);
#6503=ORIENTED_EDGE('',*,*,#10919,.F.);
#6504=ORIENTED_EDGE('',*,*,#11143,.F.);
#6505=ORIENTED_EDGE('',*,*,#11144,.T.);
#6506=ORIENTED_EDGE('',*,*,#11145,.T.);
#6507=ORIENTED_EDGE('',*,*,#10920,.F.);
#6508=ORIENTED_EDGE('',*,*,#11145,.F.);
#6509=ORIENTED_EDGE('',*,*,#11146,.T.);
#6510=ORIENTED_EDGE('',*,*,#11147,.T.);
#6511=ORIENTED_EDGE('',*,*,#10921,.F.);
#6512=ORIENTED_EDGE('',*,*,#11147,.F.);
#6513=ORIENTED_EDGE('',*,*,#11148,.T.);
#6514=ORIENTED_EDGE('',*,*,#11141,.T.);
#6515=ORIENTED_EDGE('',*,*,#11142,.F.);
#6516=ORIENTED_EDGE('',*,*,#11148,.F.);
#6517=ORIENTED_EDGE('',*,*,#11146,.F.);
#6518=ORIENTED_EDGE('',*,*,#11144,.F.);
#6519=ORIENTED_EDGE('',*,*,#10922,.F.);
#6520=ORIENTED_EDGE('',*,*,#11149,.F.);
#6521=ORIENTED_EDGE('',*,*,#11150,.T.);
#6522=ORIENTED_EDGE('',*,*,#11151,.T.);
#6523=ORIENTED_EDGE('',*,*,#10923,.F.);
#6524=ORIENTED_EDGE('',*,*,#11151,.F.);
#6525=ORIENTED_EDGE('',*,*,#11152,.T.);
#6526=ORIENTED_EDGE('',*,*,#11153,.T.);
#6527=ORIENTED_EDGE('',*,*,#10924,.F.);
#6528=ORIENTED_EDGE('',*,*,#11153,.F.);
#6529=ORIENTED_EDGE('',*,*,#11154,.T.);
#6530=ORIENTED_EDGE('',*,*,#11155,.T.);
#6531=ORIENTED_EDGE('',*,*,#10925,.F.);
#6532=ORIENTED_EDGE('',*,*,#11155,.F.);
#6533=ORIENTED_EDGE('',*,*,#11156,.T.);
#6534=ORIENTED_EDGE('',*,*,#11149,.T.);
#6535=ORIENTED_EDGE('',*,*,#11150,.F.);
#6536=ORIENTED_EDGE('',*,*,#11156,.F.);
#6537=ORIENTED_EDGE('',*,*,#11154,.F.);
#6538=ORIENTED_EDGE('',*,*,#11152,.F.);
#6539=ORIENTED_EDGE('',*,*,#10926,.F.);
#6540=ORIENTED_EDGE('',*,*,#11157,.F.);
#6541=ORIENTED_EDGE('',*,*,#11158,.T.);
#6542=ORIENTED_EDGE('',*,*,#11159,.T.);
#6543=ORIENTED_EDGE('',*,*,#10927,.F.);
#6544=ORIENTED_EDGE('',*,*,#11159,.F.);
#6545=ORIENTED_EDGE('',*,*,#11160,.T.);
#6546=ORIENTED_EDGE('',*,*,#11161,.T.);
#6547=ORIENTED_EDGE('',*,*,#10928,.F.);
#6548=ORIENTED_EDGE('',*,*,#11161,.F.);
#6549=ORIENTED_EDGE('',*,*,#11162,.T.);
#6550=ORIENTED_EDGE('',*,*,#11163,.T.);
#6551=ORIENTED_EDGE('',*,*,#10929,.F.);
#6552=ORIENTED_EDGE('',*,*,#11163,.F.);
#6553=ORIENTED_EDGE('',*,*,#11164,.T.);
#6554=ORIENTED_EDGE('',*,*,#11157,.T.);
#6555=ORIENTED_EDGE('',*,*,#11158,.F.);
#6556=ORIENTED_EDGE('',*,*,#11164,.F.);
#6557=ORIENTED_EDGE('',*,*,#11162,.F.);
#6558=ORIENTED_EDGE('',*,*,#11160,.F.);
#6559=ORIENTED_EDGE('',*,*,#10930,.F.);
#6560=ORIENTED_EDGE('',*,*,#11165,.F.);
#6561=ORIENTED_EDGE('',*,*,#11166,.T.);
#6562=ORIENTED_EDGE('',*,*,#11167,.T.);
#6563=ORIENTED_EDGE('',*,*,#10931,.F.);
#6564=ORIENTED_EDGE('',*,*,#11167,.F.);
#6565=ORIENTED_EDGE('',*,*,#11168,.T.);
#6566=ORIENTED_EDGE('',*,*,#11169,.T.);
#6567=ORIENTED_EDGE('',*,*,#10932,.F.);
#6568=ORIENTED_EDGE('',*,*,#11169,.F.);
#6569=ORIENTED_EDGE('',*,*,#11170,.T.);
#6570=ORIENTED_EDGE('',*,*,#11171,.T.);
#6571=ORIENTED_EDGE('',*,*,#10933,.F.);
#6572=ORIENTED_EDGE('',*,*,#11171,.F.);
#6573=ORIENTED_EDGE('',*,*,#11172,.T.);
#6574=ORIENTED_EDGE('',*,*,#11165,.T.);
#6575=ORIENTED_EDGE('',*,*,#11166,.F.);
#6576=ORIENTED_EDGE('',*,*,#11172,.F.);
#6577=ORIENTED_EDGE('',*,*,#11170,.F.);
#6578=ORIENTED_EDGE('',*,*,#11168,.F.);
#6579=ORIENTED_EDGE('',*,*,#10934,.F.);
#6580=ORIENTED_EDGE('',*,*,#11173,.F.);
#6581=ORIENTED_EDGE('',*,*,#11174,.T.);
#6582=ORIENTED_EDGE('',*,*,#11175,.T.);
#6583=ORIENTED_EDGE('',*,*,#10935,.F.);
#6584=ORIENTED_EDGE('',*,*,#11175,.F.);
#6585=ORIENTED_EDGE('',*,*,#11176,.T.);
#6586=ORIENTED_EDGE('',*,*,#11177,.T.);
#6587=ORIENTED_EDGE('',*,*,#10936,.F.);
#6588=ORIENTED_EDGE('',*,*,#11177,.F.);
#6589=ORIENTED_EDGE('',*,*,#11178,.T.);
#6590=ORIENTED_EDGE('',*,*,#11179,.T.);
#6591=ORIENTED_EDGE('',*,*,#10937,.F.);
#6592=ORIENTED_EDGE('',*,*,#11179,.F.);
#6593=ORIENTED_EDGE('',*,*,#11180,.T.);
#6594=ORIENTED_EDGE('',*,*,#11173,.T.);
#6595=ORIENTED_EDGE('',*,*,#11174,.F.);
#6596=ORIENTED_EDGE('',*,*,#11180,.F.);
#6597=ORIENTED_EDGE('',*,*,#11178,.F.);
#6598=ORIENTED_EDGE('',*,*,#11176,.F.);
#6599=ORIENTED_EDGE('',*,*,#10938,.F.);
#6600=ORIENTED_EDGE('',*,*,#11181,.F.);
#6601=ORIENTED_EDGE('',*,*,#11182,.T.);
#6602=ORIENTED_EDGE('',*,*,#11183,.T.);
#6603=ORIENTED_EDGE('',*,*,#10939,.F.);
#6604=ORIENTED_EDGE('',*,*,#11183,.F.);
#6605=ORIENTED_EDGE('',*,*,#11184,.T.);
#6606=ORIENTED_EDGE('',*,*,#11185,.T.);
#6607=ORIENTED_EDGE('',*,*,#10940,.F.);
#6608=ORIENTED_EDGE('',*,*,#11185,.F.);
#6609=ORIENTED_EDGE('',*,*,#11186,.T.);
#6610=ORIENTED_EDGE('',*,*,#11187,.T.);
#6611=ORIENTED_EDGE('',*,*,#10941,.F.);
#6612=ORIENTED_EDGE('',*,*,#11187,.F.);
#6613=ORIENTED_EDGE('',*,*,#11188,.T.);
#6614=ORIENTED_EDGE('',*,*,#11181,.T.);
#6615=ORIENTED_EDGE('',*,*,#11182,.F.);
#6616=ORIENTED_EDGE('',*,*,#11188,.F.);
#6617=ORIENTED_EDGE('',*,*,#11186,.F.);
#6618=ORIENTED_EDGE('',*,*,#11184,.F.);
#6619=ORIENTED_EDGE('',*,*,#10942,.F.);
#6620=ORIENTED_EDGE('',*,*,#11189,.F.);
#6621=ORIENTED_EDGE('',*,*,#11190,.T.);
#6622=ORIENTED_EDGE('',*,*,#11191,.T.);
#6623=ORIENTED_EDGE('',*,*,#10943,.F.);
#6624=ORIENTED_EDGE('',*,*,#11191,.F.);
#6625=ORIENTED_EDGE('',*,*,#11192,.T.);
#6626=ORIENTED_EDGE('',*,*,#11193,.T.);
#6627=ORIENTED_EDGE('',*,*,#10944,.F.);
#6628=ORIENTED_EDGE('',*,*,#11193,.F.);
#6629=ORIENTED_EDGE('',*,*,#11194,.T.);
#6630=ORIENTED_EDGE('',*,*,#11195,.T.);
#6631=ORIENTED_EDGE('',*,*,#10945,.F.);
#6632=ORIENTED_EDGE('',*,*,#11195,.F.);
#6633=ORIENTED_EDGE('',*,*,#11196,.T.);
#6634=ORIENTED_EDGE('',*,*,#11189,.T.);
#6635=ORIENTED_EDGE('',*,*,#11190,.F.);
#6636=ORIENTED_EDGE('',*,*,#11196,.F.);
#6637=ORIENTED_EDGE('',*,*,#11194,.F.);
#6638=ORIENTED_EDGE('',*,*,#11192,.F.);
#6639=ORIENTED_EDGE('',*,*,#10946,.F.);
#6640=ORIENTED_EDGE('',*,*,#11197,.F.);
#6641=ORIENTED_EDGE('',*,*,#11198,.T.);
#6642=ORIENTED_EDGE('',*,*,#11199,.T.);
#6643=ORIENTED_EDGE('',*,*,#10947,.F.);
#6644=ORIENTED_EDGE('',*,*,#11199,.F.);
#6645=ORIENTED_EDGE('',*,*,#11200,.T.);
#6646=ORIENTED_EDGE('',*,*,#11201,.T.);
#6647=ORIENTED_EDGE('',*,*,#10948,.F.);
#6648=ORIENTED_EDGE('',*,*,#11201,.F.);
#6649=ORIENTED_EDGE('',*,*,#11202,.T.);
#6650=ORIENTED_EDGE('',*,*,#11203,.T.);
#6651=ORIENTED_EDGE('',*,*,#10949,.F.);
#6652=ORIENTED_EDGE('',*,*,#11203,.F.);
#6653=ORIENTED_EDGE('',*,*,#11204,.T.);
#6654=ORIENTED_EDGE('',*,*,#11197,.T.);
#6655=ORIENTED_EDGE('',*,*,#11198,.F.);
#6656=ORIENTED_EDGE('',*,*,#11204,.F.);
#6657=ORIENTED_EDGE('',*,*,#11202,.F.);
#6658=ORIENTED_EDGE('',*,*,#11200,.F.);
#6659=ORIENTED_EDGE('',*,*,#10950,.F.);
#6660=ORIENTED_EDGE('',*,*,#11205,.F.);
#6661=ORIENTED_EDGE('',*,*,#11206,.T.);
#6662=ORIENTED_EDGE('',*,*,#11207,.T.);
#6663=ORIENTED_EDGE('',*,*,#10951,.F.);
#6664=ORIENTED_EDGE('',*,*,#11207,.F.);
#6665=ORIENTED_EDGE('',*,*,#11208,.T.);
#6666=ORIENTED_EDGE('',*,*,#11209,.T.);
#6667=ORIENTED_EDGE('',*,*,#10952,.F.);
#6668=ORIENTED_EDGE('',*,*,#11209,.F.);
#6669=ORIENTED_EDGE('',*,*,#11210,.T.);
#6670=ORIENTED_EDGE('',*,*,#11211,.T.);
#6671=ORIENTED_EDGE('',*,*,#10953,.F.);
#6672=ORIENTED_EDGE('',*,*,#11211,.F.);
#6673=ORIENTED_EDGE('',*,*,#11212,.T.);
#6674=ORIENTED_EDGE('',*,*,#11205,.T.);
#6675=ORIENTED_EDGE('',*,*,#11206,.F.);
#6676=ORIENTED_EDGE('',*,*,#11212,.F.);
#6677=ORIENTED_EDGE('',*,*,#11210,.F.);
#6678=ORIENTED_EDGE('',*,*,#11208,.F.);
#6679=ORIENTED_EDGE('',*,*,#10882,.F.);
#6680=ORIENTED_EDGE('',*,*,#11213,.F.);
#6681=ORIENTED_EDGE('',*,*,#11214,.T.);
#6682=ORIENTED_EDGE('',*,*,#11215,.T.);
#6683=ORIENTED_EDGE('',*,*,#10883,.F.);
#6684=ORIENTED_EDGE('',*,*,#11215,.F.);
#6685=ORIENTED_EDGE('',*,*,#11216,.T.);
#6686=ORIENTED_EDGE('',*,*,#11217,.T.);
#6687=ORIENTED_EDGE('',*,*,#10884,.F.);
#6688=ORIENTED_EDGE('',*,*,#11217,.F.);
#6689=ORIENTED_EDGE('',*,*,#11218,.T.);
#6690=ORIENTED_EDGE('',*,*,#11219,.T.);
#6691=ORIENTED_EDGE('',*,*,#10885,.F.);
#6692=ORIENTED_EDGE('',*,*,#11219,.F.);
#6693=ORIENTED_EDGE('',*,*,#11220,.T.);
#6694=ORIENTED_EDGE('',*,*,#11213,.T.);
#6695=ORIENTED_EDGE('',*,*,#11214,.F.);
#6696=ORIENTED_EDGE('',*,*,#11220,.F.);
#6697=ORIENTED_EDGE('',*,*,#11218,.F.);
#6698=ORIENTED_EDGE('',*,*,#11216,.F.);
#6699=ORIENTED_EDGE('',*,*,#10878,.F.);
#6700=ORIENTED_EDGE('',*,*,#11221,.F.);
#6701=ORIENTED_EDGE('',*,*,#11222,.T.);
#6702=ORIENTED_EDGE('',*,*,#11223,.T.);
#6703=ORIENTED_EDGE('',*,*,#10879,.F.);
#6704=ORIENTED_EDGE('',*,*,#11223,.F.);
#6705=ORIENTED_EDGE('',*,*,#11224,.T.);
#6706=ORIENTED_EDGE('',*,*,#11225,.T.);
#6707=ORIENTED_EDGE('',*,*,#10880,.F.);
#6708=ORIENTED_EDGE('',*,*,#11225,.F.);
#6709=ORIENTED_EDGE('',*,*,#11226,.T.);
#6710=ORIENTED_EDGE('',*,*,#11227,.T.);
#6711=ORIENTED_EDGE('',*,*,#10881,.F.);
#6712=ORIENTED_EDGE('',*,*,#11227,.F.);
#6713=ORIENTED_EDGE('',*,*,#11228,.T.);
#6714=ORIENTED_EDGE('',*,*,#11221,.T.);
#6715=ORIENTED_EDGE('',*,*,#11222,.F.);
#6716=ORIENTED_EDGE('',*,*,#11228,.F.);
#6717=ORIENTED_EDGE('',*,*,#11226,.F.);
#6718=ORIENTED_EDGE('',*,*,#11224,.F.);
#6719=ORIENTED_EDGE('',*,*,#10874,.F.);
#6720=ORIENTED_EDGE('',*,*,#11229,.F.);
#6721=ORIENTED_EDGE('',*,*,#11230,.T.);
#6722=ORIENTED_EDGE('',*,*,#11231,.T.);
#6723=ORIENTED_EDGE('',*,*,#10875,.F.);
#6724=ORIENTED_EDGE('',*,*,#11231,.F.);
#6725=ORIENTED_EDGE('',*,*,#11232,.T.);
#6726=ORIENTED_EDGE('',*,*,#11233,.T.);
#6727=ORIENTED_EDGE('',*,*,#10876,.F.);
#6728=ORIENTED_EDGE('',*,*,#11233,.F.);
#6729=ORIENTED_EDGE('',*,*,#11234,.T.);
#6730=ORIENTED_EDGE('',*,*,#11235,.T.);
#6731=ORIENTED_EDGE('',*,*,#10877,.F.);
#6732=ORIENTED_EDGE('',*,*,#11235,.F.);
#6733=ORIENTED_EDGE('',*,*,#11236,.T.);
#6734=ORIENTED_EDGE('',*,*,#11229,.T.);
#6735=ORIENTED_EDGE('',*,*,#11230,.F.);
#6736=ORIENTED_EDGE('',*,*,#11236,.F.);
#6737=ORIENTED_EDGE('',*,*,#11234,.F.);
#6738=ORIENTED_EDGE('',*,*,#11232,.F.);
#6739=ORIENTED_EDGE('',*,*,#10870,.F.);
#6740=ORIENTED_EDGE('',*,*,#11237,.F.);
#6741=ORIENTED_EDGE('',*,*,#11238,.T.);
#6742=ORIENTED_EDGE('',*,*,#11239,.T.);
#6743=ORIENTED_EDGE('',*,*,#10871,.F.);
#6744=ORIENTED_EDGE('',*,*,#11239,.F.);
#6745=ORIENTED_EDGE('',*,*,#11240,.T.);
#6746=ORIENTED_EDGE('',*,*,#11241,.T.);
#6747=ORIENTED_EDGE('',*,*,#10872,.F.);
#6748=ORIENTED_EDGE('',*,*,#11241,.F.);
#6749=ORIENTED_EDGE('',*,*,#11242,.T.);
#6750=ORIENTED_EDGE('',*,*,#11243,.T.);
#6751=ORIENTED_EDGE('',*,*,#10873,.F.);
#6752=ORIENTED_EDGE('',*,*,#11243,.F.);
#6753=ORIENTED_EDGE('',*,*,#11244,.T.);
#6754=ORIENTED_EDGE('',*,*,#11237,.T.);
#6755=ORIENTED_EDGE('',*,*,#11238,.F.);
#6756=ORIENTED_EDGE('',*,*,#11244,.F.);
#6757=ORIENTED_EDGE('',*,*,#11242,.F.);
#6758=ORIENTED_EDGE('',*,*,#11240,.F.);
#6759=ORIENTED_EDGE('',*,*,#10866,.F.);
#6760=ORIENTED_EDGE('',*,*,#11245,.F.);
#6761=ORIENTED_EDGE('',*,*,#11246,.T.);
#6762=ORIENTED_EDGE('',*,*,#11247,.T.);
#6763=ORIENTED_EDGE('',*,*,#10867,.F.);
#6764=ORIENTED_EDGE('',*,*,#11247,.F.);
#6765=ORIENTED_EDGE('',*,*,#11248,.T.);
#6766=ORIENTED_EDGE('',*,*,#11249,.T.);
#6767=ORIENTED_EDGE('',*,*,#10868,.F.);
#6768=ORIENTED_EDGE('',*,*,#11249,.F.);
#6769=ORIENTED_EDGE('',*,*,#11250,.T.);
#6770=ORIENTED_EDGE('',*,*,#11251,.T.);
#6771=ORIENTED_EDGE('',*,*,#10869,.F.);
#6772=ORIENTED_EDGE('',*,*,#11251,.F.);
#6773=ORIENTED_EDGE('',*,*,#11252,.T.);
#6774=ORIENTED_EDGE('',*,*,#11245,.T.);
#6775=ORIENTED_EDGE('',*,*,#11246,.F.);
#6776=ORIENTED_EDGE('',*,*,#11252,.F.);
#6777=ORIENTED_EDGE('',*,*,#11250,.F.);
#6778=ORIENTED_EDGE('',*,*,#11248,.F.);
#6779=ORIENTED_EDGE('',*,*,#10862,.F.);
#6780=ORIENTED_EDGE('',*,*,#11253,.F.);
#6781=ORIENTED_EDGE('',*,*,#11254,.T.);
#6782=ORIENTED_EDGE('',*,*,#11255,.T.);
#6783=ORIENTED_EDGE('',*,*,#10863,.F.);
#6784=ORIENTED_EDGE('',*,*,#11255,.F.);
#6785=ORIENTED_EDGE('',*,*,#11256,.T.);
#6786=ORIENTED_EDGE('',*,*,#11257,.T.);
#6787=ORIENTED_EDGE('',*,*,#10864,.F.);
#6788=ORIENTED_EDGE('',*,*,#11257,.F.);
#6789=ORIENTED_EDGE('',*,*,#11258,.T.);
#6790=ORIENTED_EDGE('',*,*,#11259,.T.);
#6791=ORIENTED_EDGE('',*,*,#10865,.F.);
#6792=ORIENTED_EDGE('',*,*,#11259,.F.);
#6793=ORIENTED_EDGE('',*,*,#11260,.T.);
#6794=ORIENTED_EDGE('',*,*,#11253,.T.);
#6795=ORIENTED_EDGE('',*,*,#11254,.F.);
#6796=ORIENTED_EDGE('',*,*,#11260,.F.);
#6797=ORIENTED_EDGE('',*,*,#11258,.F.);
#6798=ORIENTED_EDGE('',*,*,#11256,.F.);
#6799=ORIENTED_EDGE('',*,*,#10858,.F.);
#6800=ORIENTED_EDGE('',*,*,#11261,.F.);
#6801=ORIENTED_EDGE('',*,*,#11262,.T.);
#6802=ORIENTED_EDGE('',*,*,#11263,.T.);
#6803=ORIENTED_EDGE('',*,*,#10859,.F.);
#6804=ORIENTED_EDGE('',*,*,#11263,.F.);
#6805=ORIENTED_EDGE('',*,*,#11264,.T.);
#6806=ORIENTED_EDGE('',*,*,#11265,.T.);
#6807=ORIENTED_EDGE('',*,*,#10860,.F.);
#6808=ORIENTED_EDGE('',*,*,#11265,.F.);
#6809=ORIENTED_EDGE('',*,*,#11266,.T.);
#6810=ORIENTED_EDGE('',*,*,#11267,.T.);
#6811=ORIENTED_EDGE('',*,*,#10861,.F.);
#6812=ORIENTED_EDGE('',*,*,#11267,.F.);
#6813=ORIENTED_EDGE('',*,*,#11268,.T.);
#6814=ORIENTED_EDGE('',*,*,#11261,.T.);
#6815=ORIENTED_EDGE('',*,*,#11262,.F.);
#6816=ORIENTED_EDGE('',*,*,#11268,.F.);
#6817=ORIENTED_EDGE('',*,*,#11266,.F.);
#6818=ORIENTED_EDGE('',*,*,#11264,.F.);
#6819=ORIENTED_EDGE('',*,*,#10854,.F.);
#6820=ORIENTED_EDGE('',*,*,#11269,.F.);
#6821=ORIENTED_EDGE('',*,*,#11270,.T.);
#6822=ORIENTED_EDGE('',*,*,#11271,.T.);
#6823=ORIENTED_EDGE('',*,*,#10855,.F.);
#6824=ORIENTED_EDGE('',*,*,#11271,.F.);
#6825=ORIENTED_EDGE('',*,*,#11272,.T.);
#6826=ORIENTED_EDGE('',*,*,#11273,.T.);
#6827=ORIENTED_EDGE('',*,*,#10856,.F.);
#6828=ORIENTED_EDGE('',*,*,#11273,.F.);
#6829=ORIENTED_EDGE('',*,*,#11274,.T.);
#6830=ORIENTED_EDGE('',*,*,#11275,.T.);
#6831=ORIENTED_EDGE('',*,*,#10857,.F.);
#6832=ORIENTED_EDGE('',*,*,#11275,.F.);
#6833=ORIENTED_EDGE('',*,*,#11276,.T.);
#6834=ORIENTED_EDGE('',*,*,#11269,.T.);
#6835=ORIENTED_EDGE('',*,*,#11270,.F.);
#6836=ORIENTED_EDGE('',*,*,#11276,.F.);
#6837=ORIENTED_EDGE('',*,*,#11274,.F.);
#6838=ORIENTED_EDGE('',*,*,#11272,.F.);
#6839=ORIENTED_EDGE('',*,*,#10850,.F.);
#6840=ORIENTED_EDGE('',*,*,#11277,.F.);
#6841=ORIENTED_EDGE('',*,*,#11278,.T.);
#6842=ORIENTED_EDGE('',*,*,#11279,.T.);
#6843=ORIENTED_EDGE('',*,*,#10851,.F.);
#6844=ORIENTED_EDGE('',*,*,#11279,.F.);
#6845=ORIENTED_EDGE('',*,*,#11280,.T.);
#6846=ORIENTED_EDGE('',*,*,#11281,.T.);
#6847=ORIENTED_EDGE('',*,*,#10852,.F.);
#6848=ORIENTED_EDGE('',*,*,#11281,.F.);
#6849=ORIENTED_EDGE('',*,*,#11282,.T.);
#6850=ORIENTED_EDGE('',*,*,#11283,.T.);
#6851=ORIENTED_EDGE('',*,*,#10853,.F.);
#6852=ORIENTED_EDGE('',*,*,#11283,.F.);
#6853=ORIENTED_EDGE('',*,*,#11284,.T.);
#6854=ORIENTED_EDGE('',*,*,#11277,.T.);
#6855=ORIENTED_EDGE('',*,*,#11278,.F.);
#6856=ORIENTED_EDGE('',*,*,#11284,.F.);
#6857=ORIENTED_EDGE('',*,*,#11282,.F.);
#6858=ORIENTED_EDGE('',*,*,#11280,.F.);
#6859=ORIENTED_EDGE('',*,*,#10846,.F.);
#6860=ORIENTED_EDGE('',*,*,#11285,.F.);
#6861=ORIENTED_EDGE('',*,*,#11286,.T.);
#6862=ORIENTED_EDGE('',*,*,#11287,.T.);
#6863=ORIENTED_EDGE('',*,*,#10847,.F.);
#6864=ORIENTED_EDGE('',*,*,#11287,.F.);
#6865=ORIENTED_EDGE('',*,*,#11288,.T.);
#6866=ORIENTED_EDGE('',*,*,#11289,.T.);
#6867=ORIENTED_EDGE('',*,*,#10848,.F.);
#6868=ORIENTED_EDGE('',*,*,#11289,.F.);
#6869=ORIENTED_EDGE('',*,*,#11290,.T.);
#6870=ORIENTED_EDGE('',*,*,#11291,.T.);
#6871=ORIENTED_EDGE('',*,*,#10849,.F.);
#6872=ORIENTED_EDGE('',*,*,#11291,.F.);
#6873=ORIENTED_EDGE('',*,*,#11292,.T.);
#6874=ORIENTED_EDGE('',*,*,#11285,.T.);
#6875=ORIENTED_EDGE('',*,*,#11286,.F.);
#6876=ORIENTED_EDGE('',*,*,#11292,.F.);
#6877=ORIENTED_EDGE('',*,*,#11290,.F.);
#6878=ORIENTED_EDGE('',*,*,#11288,.F.);
#6879=ORIENTED_EDGE('',*,*,#10842,.F.);
#6880=ORIENTED_EDGE('',*,*,#11293,.F.);
#6881=ORIENTED_EDGE('',*,*,#11294,.T.);
#6882=ORIENTED_EDGE('',*,*,#11295,.T.);
#6883=ORIENTED_EDGE('',*,*,#10843,.F.);
#6884=ORIENTED_EDGE('',*,*,#11295,.F.);
#6885=ORIENTED_EDGE('',*,*,#11296,.T.);
#6886=ORIENTED_EDGE('',*,*,#11297,.T.);
#6887=ORIENTED_EDGE('',*,*,#10844,.F.);
#6888=ORIENTED_EDGE('',*,*,#11297,.F.);
#6889=ORIENTED_EDGE('',*,*,#11298,.T.);
#6890=ORIENTED_EDGE('',*,*,#11299,.T.);
#6891=ORIENTED_EDGE('',*,*,#10845,.F.);
#6892=ORIENTED_EDGE('',*,*,#11299,.F.);
#6893=ORIENTED_EDGE('',*,*,#11300,.T.);
#6894=ORIENTED_EDGE('',*,*,#11293,.T.);
#6895=ORIENTED_EDGE('',*,*,#11294,.F.);
#6896=ORIENTED_EDGE('',*,*,#11300,.F.);
#6897=ORIENTED_EDGE('',*,*,#11298,.F.);
#6898=ORIENTED_EDGE('',*,*,#11296,.F.);
#6899=ORIENTED_EDGE('',*,*,#10887,.T.);
#6900=ORIENTED_EDGE('',*,*,#11301,.F.);
#6901=ORIENTED_EDGE('',*,*,#11302,.F.);
#6902=ORIENTED_EDGE('',*,*,#11303,.T.);
#6903=ORIENTED_EDGE('',*,*,#10886,.T.);
#6904=ORIENTED_EDGE('',*,*,#11304,.F.);
#6905=ORIENTED_EDGE('',*,*,#11305,.F.);
#6906=ORIENTED_EDGE('',*,*,#11301,.T.);
#6907=ORIENTED_EDGE('',*,*,#10889,.T.);
#6908=ORIENTED_EDGE('',*,*,#11306,.F.);
#6909=ORIENTED_EDGE('',*,*,#11307,.F.);
#6910=ORIENTED_EDGE('',*,*,#11304,.T.);
#6911=ORIENTED_EDGE('',*,*,#10888,.T.);
#6912=ORIENTED_EDGE('',*,*,#11303,.F.);
#6913=ORIENTED_EDGE('',*,*,#11308,.F.);
#6914=ORIENTED_EDGE('',*,*,#11306,.T.);
#6915=ORIENTED_EDGE('',*,*,#11302,.T.);
#6916=ORIENTED_EDGE('',*,*,#11305,.T.);
#6917=ORIENTED_EDGE('',*,*,#11307,.T.);
#6918=ORIENTED_EDGE('',*,*,#11308,.T.);
#6919=ORIENTED_EDGE('',*,*,#10891,.T.);
#6920=ORIENTED_EDGE('',*,*,#11309,.F.);
#6921=ORIENTED_EDGE('',*,*,#11310,.F.);
#6922=ORIENTED_EDGE('',*,*,#11311,.T.);
#6923=ORIENTED_EDGE('',*,*,#10890,.T.);
#6924=ORIENTED_EDGE('',*,*,#11312,.F.);
#6925=ORIENTED_EDGE('',*,*,#11313,.F.);
#6926=ORIENTED_EDGE('',*,*,#11309,.T.);
#6927=ORIENTED_EDGE('',*,*,#10893,.T.);
#6928=ORIENTED_EDGE('',*,*,#11314,.F.);
#6929=ORIENTED_EDGE('',*,*,#11315,.F.);
#6930=ORIENTED_EDGE('',*,*,#11312,.T.);
#6931=ORIENTED_EDGE('',*,*,#10892,.T.);
#6932=ORIENTED_EDGE('',*,*,#11311,.F.);
#6933=ORIENTED_EDGE('',*,*,#11316,.F.);
#6934=ORIENTED_EDGE('',*,*,#11314,.T.);
#6935=ORIENTED_EDGE('',*,*,#11310,.T.);
#6936=ORIENTED_EDGE('',*,*,#11313,.T.);
#6937=ORIENTED_EDGE('',*,*,#11315,.T.);
#6938=ORIENTED_EDGE('',*,*,#11316,.T.);
#6939=ORIENTED_EDGE('',*,*,#10895,.T.);
#6940=ORIENTED_EDGE('',*,*,#11317,.F.);
#6941=ORIENTED_EDGE('',*,*,#11318,.F.);
#6942=ORIENTED_EDGE('',*,*,#11319,.T.);
#6943=ORIENTED_EDGE('',*,*,#10894,.T.);
#6944=ORIENTED_EDGE('',*,*,#11320,.F.);
#6945=ORIENTED_EDGE('',*,*,#11321,.F.);
#6946=ORIENTED_EDGE('',*,*,#11317,.T.);
#6947=ORIENTED_EDGE('',*,*,#10897,.T.);
#6948=ORIENTED_EDGE('',*,*,#11322,.F.);
#6949=ORIENTED_EDGE('',*,*,#11323,.F.);
#6950=ORIENTED_EDGE('',*,*,#11320,.T.);
#6951=ORIENTED_EDGE('',*,*,#10896,.T.);
#6952=ORIENTED_EDGE('',*,*,#11319,.F.);
#6953=ORIENTED_EDGE('',*,*,#11324,.F.);
#6954=ORIENTED_EDGE('',*,*,#11322,.T.);
#6955=ORIENTED_EDGE('',*,*,#11318,.T.);
#6956=ORIENTED_EDGE('',*,*,#11321,.T.);
#6957=ORIENTED_EDGE('',*,*,#11323,.T.);
#6958=ORIENTED_EDGE('',*,*,#11324,.T.);
#6959=ORIENTED_EDGE('',*,*,#10899,.T.);
#6960=ORIENTED_EDGE('',*,*,#11325,.F.);
#6961=ORIENTED_EDGE('',*,*,#11326,.F.);
#6962=ORIENTED_EDGE('',*,*,#11327,.T.);
#6963=ORIENTED_EDGE('',*,*,#10898,.T.);
#6964=ORIENTED_EDGE('',*,*,#11328,.F.);
#6965=ORIENTED_EDGE('',*,*,#11329,.F.);
#6966=ORIENTED_EDGE('',*,*,#11325,.T.);
#6967=ORIENTED_EDGE('',*,*,#10901,.T.);
#6968=ORIENTED_EDGE('',*,*,#11330,.F.);
#6969=ORIENTED_EDGE('',*,*,#11331,.F.);
#6970=ORIENTED_EDGE('',*,*,#11328,.T.);
#6971=ORIENTED_EDGE('',*,*,#10900,.T.);
#6972=ORIENTED_EDGE('',*,*,#11327,.F.);
#6973=ORIENTED_EDGE('',*,*,#11332,.F.);
#6974=ORIENTED_EDGE('',*,*,#11330,.T.);
#6975=ORIENTED_EDGE('',*,*,#11326,.T.);
#6976=ORIENTED_EDGE('',*,*,#11329,.T.);
#6977=ORIENTED_EDGE('',*,*,#11331,.T.);
#6978=ORIENTED_EDGE('',*,*,#11332,.T.);
#6979=ORIENTED_EDGE('',*,*,#11333,.F.);
#6980=ORIENTED_EDGE('',*,*,#10809,.F.);
#6981=ORIENTED_EDGE('',*,*,#11334,.T.);
#6982=ORIENTED_EDGE('',*,*,#10902,.T.);
#6983=ORIENTED_EDGE('',*,*,#11335,.F.);
#6984=ORIENTED_EDGE('',*,*,#10829,.F.);
#6985=ORIENTED_EDGE('',*,*,#10909,.T.);
#6986=ORIENTED_EDGE('',*,*,#11336,.F.);
#6987=ORIENTED_EDGE('',*,*,#10830,.F.);
#6988=ORIENTED_EDGE('',*,*,#11335,.T.);
#6989=ORIENTED_EDGE('',*,*,#10811,.T.);
#6990=ORIENTED_EDGE('',*,*,#11337,.T.);
#6991=ORIENTED_EDGE('',*,*,#10827,.F.);
#6992=ORIENTED_EDGE('',*,*,#11336,.T.);
#6993=ORIENTED_EDGE('',*,*,#10908,.T.);
#6994=ORIENTED_EDGE('',*,*,#11338,.F.);
#6995=ORIENTED_EDGE('',*,*,#10817,.F.);
#6996=ORIENTED_EDGE('',*,*,#11339,.T.);
#6997=ORIENTED_EDGE('',*,*,#11340,.F.);
#6998=ORIENTED_EDGE('',*,*,#11341,.T.);
#6999=ORIENTED_EDGE('',*,*,#10972,.T.);
#7000=ORIENTED_EDGE('',*,*,#11342,.F.);
#7001=ORIENTED_EDGE('',*,*,#10973,.T.);
#7002=ORIENTED_EDGE('',*,*,#11341,.F.);
#7003=ORIENTED_EDGE('',*,*,#11343,.F.);
#7004=ORIENTED_EDGE('',*,*,#10837,.T.);
#7005=ORIENTED_EDGE('',*,*,#11344,.F.);
#7006=ORIENTED_EDGE('',*,*,#10838,.T.);
#7007=ORIENTED_EDGE('',*,*,#11343,.T.);
#7008=ORIENTED_EDGE('',*,*,#11340,.T.);
#7009=ORIENTED_EDGE('',*,*,#10954,.F.);
#7010=ORIENTED_EDGE('',*,*,#11345,.F.);
#7011=ORIENTED_EDGE('',*,*,#11346,.T.);
#7012=ORIENTED_EDGE('',*,*,#11347,.T.);
#7013=ORIENTED_EDGE('',*,*,#10955,.F.);
#7014=ORIENTED_EDGE('',*,*,#11347,.F.);
#7015=ORIENTED_EDGE('',*,*,#11348,.T.);
#7016=ORIENTED_EDGE('',*,*,#11349,.T.);
#7017=ORIENTED_EDGE('',*,*,#10956,.F.);
#7018=ORIENTED_EDGE('',*,*,#11349,.F.);
#7019=ORIENTED_EDGE('',*,*,#11350,.T.);
#7020=ORIENTED_EDGE('',*,*,#11351,.T.);
#7021=ORIENTED_EDGE('',*,*,#10957,.F.);
#7022=ORIENTED_EDGE('',*,*,#11351,.F.);
#7023=ORIENTED_EDGE('',*,*,#11352,.T.);
#7024=ORIENTED_EDGE('',*,*,#11345,.T.);
#7025=ORIENTED_EDGE('',*,*,#11346,.F.);
#7026=ORIENTED_EDGE('',*,*,#11352,.F.);
#7027=ORIENTED_EDGE('',*,*,#11350,.F.);
#7028=ORIENTED_EDGE('',*,*,#11348,.F.);
#7029=ORIENTED_EDGE('',*,*,#10958,.F.);
#7030=ORIENTED_EDGE('',*,*,#11353,.F.);
#7031=ORIENTED_EDGE('',*,*,#11354,.T.);
#7032=ORIENTED_EDGE('',*,*,#11355,.T.);
#7033=ORIENTED_EDGE('',*,*,#10959,.F.);
#7034=ORIENTED_EDGE('',*,*,#11355,.F.);
#7035=ORIENTED_EDGE('',*,*,#11356,.T.);
#7036=ORIENTED_EDGE('',*,*,#11357,.T.);
#7037=ORIENTED_EDGE('',*,*,#10960,.F.);
#7038=ORIENTED_EDGE('',*,*,#11357,.F.);
#7039=ORIENTED_EDGE('',*,*,#11358,.T.);
#7040=ORIENTED_EDGE('',*,*,#11359,.T.);
#7041=ORIENTED_EDGE('',*,*,#10961,.F.);
#7042=ORIENTED_EDGE('',*,*,#11359,.F.);
#7043=ORIENTED_EDGE('',*,*,#11360,.T.);
#7044=ORIENTED_EDGE('',*,*,#11353,.T.);
#7045=ORIENTED_EDGE('',*,*,#11354,.F.);
#7046=ORIENTED_EDGE('',*,*,#11360,.F.);
#7047=ORIENTED_EDGE('',*,*,#11358,.F.);
#7048=ORIENTED_EDGE('',*,*,#11356,.F.);
#7049=ORIENTED_EDGE('',*,*,#10962,.F.);
#7050=ORIENTED_EDGE('',*,*,#11361,.F.);
#7051=ORIENTED_EDGE('',*,*,#11362,.T.);
#7052=ORIENTED_EDGE('',*,*,#11363,.T.);
#7053=ORIENTED_EDGE('',*,*,#10963,.F.);
#7054=ORIENTED_EDGE('',*,*,#11363,.F.);
#7055=ORIENTED_EDGE('',*,*,#11364,.T.);
#7056=ORIENTED_EDGE('',*,*,#11365,.T.);
#7057=ORIENTED_EDGE('',*,*,#10964,.F.);
#7058=ORIENTED_EDGE('',*,*,#11365,.F.);
#7059=ORIENTED_EDGE('',*,*,#11366,.T.);
#7060=ORIENTED_EDGE('',*,*,#11367,.T.);
#7061=ORIENTED_EDGE('',*,*,#10965,.F.);
#7062=ORIENTED_EDGE('',*,*,#11367,.F.);
#7063=ORIENTED_EDGE('',*,*,#11368,.T.);
#7064=ORIENTED_EDGE('',*,*,#11361,.T.);
#7065=ORIENTED_EDGE('',*,*,#11362,.F.);
#7066=ORIENTED_EDGE('',*,*,#11368,.F.);
#7067=ORIENTED_EDGE('',*,*,#11366,.F.);
#7068=ORIENTED_EDGE('',*,*,#11364,.F.);
#7069=ORIENTED_EDGE('',*,*,#10966,.F.);
#7070=ORIENTED_EDGE('',*,*,#11369,.F.);
#7071=ORIENTED_EDGE('',*,*,#11370,.T.);
#7072=ORIENTED_EDGE('',*,*,#11371,.T.);
#7073=ORIENTED_EDGE('',*,*,#10967,.F.);
#7074=ORIENTED_EDGE('',*,*,#11371,.F.);
#7075=ORIENTED_EDGE('',*,*,#11372,.T.);
#7076=ORIENTED_EDGE('',*,*,#11373,.T.);
#7077=ORIENTED_EDGE('',*,*,#10968,.F.);
#7078=ORIENTED_EDGE('',*,*,#11373,.F.);
#7079=ORIENTED_EDGE('',*,*,#11374,.T.);
#7080=ORIENTED_EDGE('',*,*,#11375,.T.);
#7081=ORIENTED_EDGE('',*,*,#10969,.F.);
#7082=ORIENTED_EDGE('',*,*,#11375,.F.);
#7083=ORIENTED_EDGE('',*,*,#11376,.T.);
#7084=ORIENTED_EDGE('',*,*,#11369,.T.);
#7085=ORIENTED_EDGE('',*,*,#11370,.F.);
#7086=ORIENTED_EDGE('',*,*,#11376,.F.);
#7087=ORIENTED_EDGE('',*,*,#11374,.F.);
#7088=ORIENTED_EDGE('',*,*,#11372,.F.);
#7089=ORIENTED_EDGE('',*,*,#11377,.F.);
#7090=ORIENTED_EDGE('',*,*,#9967,.F.);
#7091=ORIENTED_EDGE('',*,*,#11378,.F.);
#7092=ORIENTED_EDGE('',*,*,#10671,.T.);
#7093=ORIENTED_EDGE('',*,*,#10974,.F.);
#7094=ORIENTED_EDGE('',*,*,#10835,.F.);
#7095=ORIENTED_EDGE('',*,*,#10814,.T.);
#7096=ORIENTED_EDGE('',*,*,#10982,.T.);
#7097=ORIENTED_EDGE('',*,*,#10907,.F.);
#7098=ORIENTED_EDGE('',*,*,#10983,.F.);
#7099=ORIENTED_EDGE('',*,*,#10812,.T.);
#7100=ORIENTED_EDGE('',*,*,#11338,.T.);
#7101=ORIENTED_EDGE('',*,*,#10971,.T.);
#7102=ORIENTED_EDGE('',*,*,#10978,.F.);
#7103=ORIENTED_EDGE('',*,*,#10818,.F.);
#7104=ORIENTED_EDGE('',*,*,#11342,.T.);
#7105=ORIENTED_EDGE('',*,*,#10903,.T.);
#7106=ORIENTED_EDGE('',*,*,#11334,.F.);
#7107=ORIENTED_EDGE('',*,*,#10820,.F.);
#7108=ORIENTED_EDGE('',*,*,#10977,.T.);
#7109=ORIENTED_EDGE('',*,*,#10667,.F.);
#7110=ORIENTED_EDGE('',*,*,#10988,.T.);
#7111=ORIENTED_EDGE('',*,*,#10660,.F.);
#7112=ORIENTED_EDGE('',*,*,#10822,.F.);
#7113=ORIENTED_EDGE('',*,*,#10840,.F.);
#7114=ORIENTED_EDGE('',*,*,#10825,.F.);
#7115=ORIENTED_EDGE('',*,*,#10833,.T.);
#7116=ORIENTED_EDGE('',*,*,#10990,.T.);
#7117=ORIENTED_EDGE('',*,*,#11344,.T.);
#7118=ORIENTED_EDGE('',*,*,#11339,.F.);
#7119=ORIENTED_EDGE('',*,*,#10816,.F.);
#7120=ORIENTED_EDGE('',*,*,#10834,.T.);
#7121=ORIENTED_EDGE('',*,*,#10828,.F.);
#7122=ORIENTED_EDGE('',*,*,#11337,.F.);
#7123=ORIENTED_EDGE('',*,*,#10810,.T.);
#7124=ORIENTED_EDGE('',*,*,#11333,.T.);
#7125=ORIENTED_EDGE('',*,*,#10663,.T.);
#7126=ORIENTED_EDGE('',*,*,#10652,.F.);
#7127=ORIENTED_EDGE('',*,*,#10807,.F.);
#7128=ORIENTED_EDGE('',*,*,#10657,.T.);
#7129=ORIENTED_EDGE('',*,*,#10987,.T.);
#7130=ORIENTED_EDGE('',*,*,#10665,.F.);
#7131=ORIENTED_EDGE('',*,*,#10821,.F.);
#7132=ORIENTED_EDGE('',*,*,#10658,.T.);
#7133=ORIENTED_EDGE('',*,*,#10649,.T.);
#7134=ORIENTED_EDGE('',*,*,#10642,.F.);
#7135=ORIENTED_EDGE('',*,*,#10805,.F.);
#7136=ORIENTED_EDGE('',*,*,#10647,.T.);
#7137=ORIENTED_EDGE('',*,*,#10662,.T.);
#7138=ORIENTED_EDGE('',*,*,#10655,.F.);
#7139=ORIENTED_EDGE('',*,*,#10808,.F.);
#7140=ORIENTED_EDGE('',*,*,#10650,.T.);
#7141=ORIENTED_EDGE('',*,*,#10639,.T.);
#7142=ORIENTED_EDGE('',*,*,#10632,.F.);
#7143=ORIENTED_EDGE('',*,*,#10803,.F.);
#7144=ORIENTED_EDGE('',*,*,#10637,.T.);
#7145=ORIENTED_EDGE('',*,*,#10648,.T.);
#7146=ORIENTED_EDGE('',*,*,#10645,.F.);
#7147=ORIENTED_EDGE('',*,*,#10806,.F.);
#7148=ORIENTED_EDGE('',*,*,#10640,.T.);
#7149=ORIENTED_EDGE('',*,*,#10629,.T.);
#7150=ORIENTED_EDGE('',*,*,#10622,.F.);
#7151=ORIENTED_EDGE('',*,*,#10801,.F.);
#7152=ORIENTED_EDGE('',*,*,#10627,.T.);
#7153=ORIENTED_EDGE('',*,*,#10638,.T.);
#7154=ORIENTED_EDGE('',*,*,#10635,.F.);
#7155=ORIENTED_EDGE('',*,*,#10804,.F.);
#7156=ORIENTED_EDGE('',*,*,#10630,.T.);
#7157=ORIENTED_EDGE('',*,*,#10619,.T.);
#7158=ORIENTED_EDGE('',*,*,#10612,.F.);
#7159=ORIENTED_EDGE('',*,*,#10799,.F.);
#7160=ORIENTED_EDGE('',*,*,#10617,.T.);
#7161=ORIENTED_EDGE('',*,*,#10628,.T.);
#7162=ORIENTED_EDGE('',*,*,#10625,.F.);
#7163=ORIENTED_EDGE('',*,*,#10802,.F.);
#7164=ORIENTED_EDGE('',*,*,#10620,.T.);
#7165=ORIENTED_EDGE('',*,*,#10609,.T.);
#7166=ORIENTED_EDGE('',*,*,#10602,.F.);
#7167=ORIENTED_EDGE('',*,*,#10797,.F.);
#7168=ORIENTED_EDGE('',*,*,#10607,.T.);
#7169=ORIENTED_EDGE('',*,*,#10618,.T.);
#7170=ORIENTED_EDGE('',*,*,#10615,.F.);
#7171=ORIENTED_EDGE('',*,*,#10800,.F.);
#7172=ORIENTED_EDGE('',*,*,#10610,.T.);
#7173=ORIENTED_EDGE('',*,*,#10599,.T.);
#7174=ORIENTED_EDGE('',*,*,#10592,.F.);
#7175=ORIENTED_EDGE('',*,*,#10795,.F.);
#7176=ORIENTED_EDGE('',*,*,#10597,.T.);
#7177=ORIENTED_EDGE('',*,*,#10608,.T.);
#7178=ORIENTED_EDGE('',*,*,#10605,.F.);
#7179=ORIENTED_EDGE('',*,*,#10798,.F.);
#7180=ORIENTED_EDGE('',*,*,#10600,.T.);
#7181=ORIENTED_EDGE('',*,*,#10589,.T.);
#7182=ORIENTED_EDGE('',*,*,#10582,.F.);
#7183=ORIENTED_EDGE('',*,*,#10793,.F.);
#7184=ORIENTED_EDGE('',*,*,#10587,.T.);
#7185=ORIENTED_EDGE('',*,*,#10598,.T.);
#7186=ORIENTED_EDGE('',*,*,#10595,.F.);
#7187=ORIENTED_EDGE('',*,*,#10796,.F.);
#7188=ORIENTED_EDGE('',*,*,#10590,.T.);
#7189=ORIENTED_EDGE('',*,*,#10579,.T.);
#7190=ORIENTED_EDGE('',*,*,#10572,.F.);
#7191=ORIENTED_EDGE('',*,*,#10791,.F.);
#7192=ORIENTED_EDGE('',*,*,#10577,.T.);
#7193=ORIENTED_EDGE('',*,*,#10588,.T.);
#7194=ORIENTED_EDGE('',*,*,#10585,.F.);
#7195=ORIENTED_EDGE('',*,*,#10794,.F.);
#7196=ORIENTED_EDGE('',*,*,#10580,.T.);
#7197=ORIENTED_EDGE('',*,*,#10569,.T.);
#7198=ORIENTED_EDGE('',*,*,#10562,.F.);
#7199=ORIENTED_EDGE('',*,*,#10789,.F.);
#7200=ORIENTED_EDGE('',*,*,#10567,.T.);
#7201=ORIENTED_EDGE('',*,*,#10578,.T.);
#7202=ORIENTED_EDGE('',*,*,#10575,.F.);
#7203=ORIENTED_EDGE('',*,*,#10792,.F.);
#7204=ORIENTED_EDGE('',*,*,#10570,.T.);
#7205=ORIENTED_EDGE('',*,*,#10559,.T.);
#7206=ORIENTED_EDGE('',*,*,#10552,.F.);
#7207=ORIENTED_EDGE('',*,*,#10787,.F.);
#7208=ORIENTED_EDGE('',*,*,#10557,.T.);
#7209=ORIENTED_EDGE('',*,*,#10568,.T.);
#7210=ORIENTED_EDGE('',*,*,#10565,.F.);
#7211=ORIENTED_EDGE('',*,*,#10790,.F.);
#7212=ORIENTED_EDGE('',*,*,#10560,.T.);
#7213=ORIENTED_EDGE('',*,*,#10549,.T.);
#7214=ORIENTED_EDGE('',*,*,#10542,.F.);
#7215=ORIENTED_EDGE('',*,*,#10785,.F.);
#7216=ORIENTED_EDGE('',*,*,#10547,.T.);
#7217=ORIENTED_EDGE('',*,*,#10558,.T.);
#7218=ORIENTED_EDGE('',*,*,#10555,.F.);
#7219=ORIENTED_EDGE('',*,*,#10788,.F.);
#7220=ORIENTED_EDGE('',*,*,#10550,.T.);
#7221=ORIENTED_EDGE('',*,*,#10539,.T.);
#7222=ORIENTED_EDGE('',*,*,#10532,.F.);
#7223=ORIENTED_EDGE('',*,*,#10783,.F.);
#7224=ORIENTED_EDGE('',*,*,#10537,.T.);
#7225=ORIENTED_EDGE('',*,*,#10548,.T.);
#7226=ORIENTED_EDGE('',*,*,#10545,.F.);
#7227=ORIENTED_EDGE('',*,*,#10786,.F.);
#7228=ORIENTED_EDGE('',*,*,#10540,.T.);
#7229=ORIENTED_EDGE('',*,*,#10529,.T.);
#7230=ORIENTED_EDGE('',*,*,#10522,.F.);
#7231=ORIENTED_EDGE('',*,*,#10781,.F.);
#7232=ORIENTED_EDGE('',*,*,#10527,.T.);
#7233=ORIENTED_EDGE('',*,*,#10538,.T.);
#7234=ORIENTED_EDGE('',*,*,#10535,.F.);
#7235=ORIENTED_EDGE('',*,*,#10784,.F.);
#7236=ORIENTED_EDGE('',*,*,#10530,.T.);
#7237=ORIENTED_EDGE('',*,*,#10519,.T.);
#7238=ORIENTED_EDGE('',*,*,#10512,.F.);
#7239=ORIENTED_EDGE('',*,*,#10779,.F.);
#7240=ORIENTED_EDGE('',*,*,#10517,.T.);
#7241=ORIENTED_EDGE('',*,*,#10528,.T.);
#7242=ORIENTED_EDGE('',*,*,#10525,.F.);
#7243=ORIENTED_EDGE('',*,*,#10782,.F.);
#7244=ORIENTED_EDGE('',*,*,#10520,.T.);
#7245=ORIENTED_EDGE('',*,*,#10509,.T.);
#7246=ORIENTED_EDGE('',*,*,#10502,.F.);
#7247=ORIENTED_EDGE('',*,*,#10777,.F.);
#7248=ORIENTED_EDGE('',*,*,#10507,.T.);
#7249=ORIENTED_EDGE('',*,*,#10518,.T.);
#7250=ORIENTED_EDGE('',*,*,#10515,.F.);
#7251=ORIENTED_EDGE('',*,*,#10780,.F.);
#7252=ORIENTED_EDGE('',*,*,#10510,.T.);
#7253=ORIENTED_EDGE('',*,*,#10499,.T.);
#7254=ORIENTED_EDGE('',*,*,#10492,.F.);
#7255=ORIENTED_EDGE('',*,*,#10775,.F.);
#7256=ORIENTED_EDGE('',*,*,#10497,.T.);
#7257=ORIENTED_EDGE('',*,*,#10508,.T.);
#7258=ORIENTED_EDGE('',*,*,#10505,.F.);
#7259=ORIENTED_EDGE('',*,*,#10778,.F.);
#7260=ORIENTED_EDGE('',*,*,#10500,.T.);
#7261=ORIENTED_EDGE('',*,*,#10489,.T.);
#7262=ORIENTED_EDGE('',*,*,#10482,.F.);
#7263=ORIENTED_EDGE('',*,*,#10773,.F.);
#7264=ORIENTED_EDGE('',*,*,#10487,.T.);
#7265=ORIENTED_EDGE('',*,*,#10498,.T.);
#7266=ORIENTED_EDGE('',*,*,#10495,.F.);
#7267=ORIENTED_EDGE('',*,*,#10776,.F.);
#7268=ORIENTED_EDGE('',*,*,#10490,.T.);
#7269=ORIENTED_EDGE('',*,*,#10479,.T.);
#7270=ORIENTED_EDGE('',*,*,#10472,.F.);
#7271=ORIENTED_EDGE('',*,*,#10771,.F.);
#7272=ORIENTED_EDGE('',*,*,#10477,.T.);
#7273=ORIENTED_EDGE('',*,*,#10488,.T.);
#7274=ORIENTED_EDGE('',*,*,#10485,.F.);
#7275=ORIENTED_EDGE('',*,*,#10774,.F.);
#7276=ORIENTED_EDGE('',*,*,#10480,.T.);
#7277=ORIENTED_EDGE('',*,*,#10469,.T.);
#7278=ORIENTED_EDGE('',*,*,#10462,.F.);
#7279=ORIENTED_EDGE('',*,*,#10769,.F.);
#7280=ORIENTED_EDGE('',*,*,#10467,.T.);
#7281=ORIENTED_EDGE('',*,*,#10478,.T.);
#7282=ORIENTED_EDGE('',*,*,#10475,.F.);
#7283=ORIENTED_EDGE('',*,*,#10772,.F.);
#7284=ORIENTED_EDGE('',*,*,#10470,.T.);
#7285=ORIENTED_EDGE('',*,*,#10459,.T.);
#7286=ORIENTED_EDGE('',*,*,#10452,.F.);
#7287=ORIENTED_EDGE('',*,*,#10767,.F.);
#7288=ORIENTED_EDGE('',*,*,#10457,.T.);
#7289=ORIENTED_EDGE('',*,*,#10468,.T.);
#7290=ORIENTED_EDGE('',*,*,#10465,.F.);
#7291=ORIENTED_EDGE('',*,*,#10770,.F.);
#7292=ORIENTED_EDGE('',*,*,#10460,.T.);
#7293=ORIENTED_EDGE('',*,*,#10449,.T.);
#7294=ORIENTED_EDGE('',*,*,#10442,.F.);
#7295=ORIENTED_EDGE('',*,*,#10765,.F.);
#7296=ORIENTED_EDGE('',*,*,#10447,.T.);
#7297=ORIENTED_EDGE('',*,*,#10458,.T.);
#7298=ORIENTED_EDGE('',*,*,#10455,.F.);
#7299=ORIENTED_EDGE('',*,*,#10768,.F.);
#7300=ORIENTED_EDGE('',*,*,#10450,.T.);
#7301=ORIENTED_EDGE('',*,*,#10439,.T.);
#7302=ORIENTED_EDGE('',*,*,#10432,.F.);
#7303=ORIENTED_EDGE('',*,*,#10763,.F.);
#7304=ORIENTED_EDGE('',*,*,#10437,.T.);
#7305=ORIENTED_EDGE('',*,*,#10448,.T.);
#7306=ORIENTED_EDGE('',*,*,#10445,.F.);
#7307=ORIENTED_EDGE('',*,*,#10766,.F.);
#7308=ORIENTED_EDGE('',*,*,#10440,.T.);
#7309=ORIENTED_EDGE('',*,*,#10429,.T.);
#7310=ORIENTED_EDGE('',*,*,#10422,.F.);
#7311=ORIENTED_EDGE('',*,*,#10762,.F.);
#7312=ORIENTED_EDGE('',*,*,#10427,.T.);
#7313=ORIENTED_EDGE('',*,*,#10438,.T.);
#7314=ORIENTED_EDGE('',*,*,#10435,.F.);
#7315=ORIENTED_EDGE('',*,*,#10764,.F.);
#7316=ORIENTED_EDGE('',*,*,#10430,.T.);
#7317=ORIENTED_EDGE('',*,*,#10419,.T.);
#7318=ORIENTED_EDGE('',*,*,#10412,.F.);
#7319=ORIENTED_EDGE('',*,*,#10760,.F.);
#7320=ORIENTED_EDGE('',*,*,#10417,.T.);
#7321=ORIENTED_EDGE('',*,*,#10428,.T.);
#7322=ORIENTED_EDGE('',*,*,#10425,.F.);
#7323=ORIENTED_EDGE('',*,*,#10761,.F.);
#7324=ORIENTED_EDGE('',*,*,#10420,.T.);
#7325=ORIENTED_EDGE('',*,*,#10409,.T.);
#7326=ORIENTED_EDGE('',*,*,#10402,.F.);
#7327=ORIENTED_EDGE('',*,*,#10758,.F.);
#7328=ORIENTED_EDGE('',*,*,#10407,.T.);
#7329=ORIENTED_EDGE('',*,*,#10418,.T.);
#7330=ORIENTED_EDGE('',*,*,#10415,.F.);
#7331=ORIENTED_EDGE('',*,*,#10759,.F.);
#7332=ORIENTED_EDGE('',*,*,#10410,.T.);
#7333=ORIENTED_EDGE('',*,*,#10399,.T.);
#7334=ORIENTED_EDGE('',*,*,#10392,.F.);
#7335=ORIENTED_EDGE('',*,*,#10756,.F.);
#7336=ORIENTED_EDGE('',*,*,#10397,.T.);
#7337=ORIENTED_EDGE('',*,*,#10408,.T.);
#7338=ORIENTED_EDGE('',*,*,#10405,.F.);
#7339=ORIENTED_EDGE('',*,*,#10757,.F.);
#7340=ORIENTED_EDGE('',*,*,#10400,.T.);
#7341=ORIENTED_EDGE('',*,*,#10389,.T.);
#7342=ORIENTED_EDGE('',*,*,#10382,.F.);
#7343=ORIENTED_EDGE('',*,*,#10754,.F.);
#7344=ORIENTED_EDGE('',*,*,#10387,.T.);
#7345=ORIENTED_EDGE('',*,*,#10398,.T.);
#7346=ORIENTED_EDGE('',*,*,#10395,.F.);
#7347=ORIENTED_EDGE('',*,*,#10755,.F.);
#7348=ORIENTED_EDGE('',*,*,#10390,.T.);
#7349=ORIENTED_EDGE('',*,*,#10379,.T.);
#7350=ORIENTED_EDGE('',*,*,#10372,.F.);
#7351=ORIENTED_EDGE('',*,*,#10752,.F.);
#7352=ORIENTED_EDGE('',*,*,#10377,.T.);
#7353=ORIENTED_EDGE('',*,*,#10388,.T.);
#7354=ORIENTED_EDGE('',*,*,#10385,.F.);
#7355=ORIENTED_EDGE('',*,*,#10753,.F.);
#7356=ORIENTED_EDGE('',*,*,#10380,.T.);
#7357=ORIENTED_EDGE('',*,*,#10369,.T.);
#7358=ORIENTED_EDGE('',*,*,#10362,.F.);
#7359=ORIENTED_EDGE('',*,*,#10750,.F.);
#7360=ORIENTED_EDGE('',*,*,#10367,.T.);
#7361=ORIENTED_EDGE('',*,*,#10378,.T.);
#7362=ORIENTED_EDGE('',*,*,#10375,.F.);
#7363=ORIENTED_EDGE('',*,*,#10751,.F.);
#7364=ORIENTED_EDGE('',*,*,#10370,.T.);
#7365=ORIENTED_EDGE('',*,*,#10359,.T.);
#7366=ORIENTED_EDGE('',*,*,#10352,.F.);
#7367=ORIENTED_EDGE('',*,*,#10748,.F.);
#7368=ORIENTED_EDGE('',*,*,#10357,.T.);
#7369=ORIENTED_EDGE('',*,*,#10368,.T.);
#7370=ORIENTED_EDGE('',*,*,#10365,.F.);
#7371=ORIENTED_EDGE('',*,*,#10749,.F.);
#7372=ORIENTED_EDGE('',*,*,#10360,.T.);
#7373=ORIENTED_EDGE('',*,*,#10349,.T.);
#7374=ORIENTED_EDGE('',*,*,#10342,.F.);
#7375=ORIENTED_EDGE('',*,*,#10746,.F.);
#7376=ORIENTED_EDGE('',*,*,#10347,.T.);
#7377=ORIENTED_EDGE('',*,*,#10358,.T.);
#7378=ORIENTED_EDGE('',*,*,#10355,.F.);
#7379=ORIENTED_EDGE('',*,*,#10747,.F.);
#7380=ORIENTED_EDGE('',*,*,#10350,.T.);
#7381=ORIENTED_EDGE('',*,*,#10339,.T.);
#7382=ORIENTED_EDGE('',*,*,#10332,.F.);
#7383=ORIENTED_EDGE('',*,*,#10744,.F.);
#7384=ORIENTED_EDGE('',*,*,#10337,.T.);
#7385=ORIENTED_EDGE('',*,*,#10348,.T.);
#7386=ORIENTED_EDGE('',*,*,#10345,.F.);
#7387=ORIENTED_EDGE('',*,*,#10745,.F.);
#7388=ORIENTED_EDGE('',*,*,#10340,.T.);
#7389=ORIENTED_EDGE('',*,*,#10329,.T.);
#7390=ORIENTED_EDGE('',*,*,#10322,.F.);
#7391=ORIENTED_EDGE('',*,*,#10742,.F.);
#7392=ORIENTED_EDGE('',*,*,#10327,.T.);
#7393=ORIENTED_EDGE('',*,*,#10338,.T.);
#7394=ORIENTED_EDGE('',*,*,#10335,.F.);
#7395=ORIENTED_EDGE('',*,*,#10743,.F.);
#7396=ORIENTED_EDGE('',*,*,#10330,.T.);
#7397=ORIENTED_EDGE('',*,*,#9970,.T.);
#7398=ORIENTED_EDGE('',*,*,#9973,.F.);
#7399=ORIENTED_EDGE('',*,*,#10672,.F.);
#7400=ORIENTED_EDGE('',*,*,#11378,.T.);
#7401=ORIENTED_EDGE('',*,*,#10328,.T.);
#7402=ORIENTED_EDGE('',*,*,#10325,.F.);
#7403=ORIENTED_EDGE('',*,*,#10741,.F.);
#7404=ORIENTED_EDGE('',*,*,#10320,.T.);
#7405=ORIENTED_EDGE('',*,*,#10310,.T.);
#7406=ORIENTED_EDGE('',*,*,#10317,.F.);
#7407=ORIENTED_EDGE('',*,*,#10740,.F.);
#7408=ORIENTED_EDGE('',*,*,#10314,.T.);
#7409=ORIENTED_EDGE('',*,*,#10989,.T.);
#7410=ORIENTED_EDGE('',*,*,#10831,.F.);
#7411=ORIENTED_EDGE('',*,*,#10823,.F.);
#7412=ORIENTED_EDGE('',*,*,#10839,.T.);
#7413=ORIENTED_EDGE('',*,*,#10308,.T.);
#7414=ORIENTED_EDGE('',*,*,#10313,.F.);
#7415=ORIENTED_EDGE('',*,*,#10739,.F.);
#7416=ORIENTED_EDGE('',*,*,#10315,.T.);
#7417=ORIENTED_EDGE('',*,*,#10319,.T.);
#7418=ORIENTED_EDGE('',*,*,#10306,.F.);
#7419=ORIENTED_EDGE('',*,*,#10738,.F.);
#7420=ORIENTED_EDGE('',*,*,#10303,.T.);
#7421=ORIENTED_EDGE('',*,*,#10299,.T.);
#7422=ORIENTED_EDGE('',*,*,#10296,.F.);
#7423=ORIENTED_EDGE('',*,*,#10736,.F.);
#7424=ORIENTED_EDGE('',*,*,#10293,.T.);
#7425=ORIENTED_EDGE('',*,*,#10318,.T.);
#7426=ORIENTED_EDGE('',*,*,#10301,.F.);
#7427=ORIENTED_EDGE('',*,*,#10737,.F.);
#7428=ORIENTED_EDGE('',*,*,#10304,.T.);
#7429=ORIENTED_EDGE('',*,*,#10289,.T.);
#7430=ORIENTED_EDGE('',*,*,#10286,.F.);
#7431=ORIENTED_EDGE('',*,*,#10734,.F.);
#7432=ORIENTED_EDGE('',*,*,#10283,.T.);
#7433=ORIENTED_EDGE('',*,*,#10298,.T.);
#7434=ORIENTED_EDGE('',*,*,#10291,.F.);
#7435=ORIENTED_EDGE('',*,*,#10735,.F.);
#7436=ORIENTED_EDGE('',*,*,#10294,.T.);
#7437=ORIENTED_EDGE('',*,*,#10279,.T.);
#7438=ORIENTED_EDGE('',*,*,#10276,.F.);
#7439=ORIENTED_EDGE('',*,*,#10732,.F.);
#7440=ORIENTED_EDGE('',*,*,#10273,.T.);
#7441=ORIENTED_EDGE('',*,*,#10288,.T.);
#7442=ORIENTED_EDGE('',*,*,#10281,.F.);
#7443=ORIENTED_EDGE('',*,*,#10733,.F.);
#7444=ORIENTED_EDGE('',*,*,#10284,.T.);
#7445=ORIENTED_EDGE('',*,*,#10269,.T.);
#7446=ORIENTED_EDGE('',*,*,#10266,.F.);
#7447=ORIENTED_EDGE('',*,*,#10730,.F.);
#7448=ORIENTED_EDGE('',*,*,#10263,.T.);
#7449=ORIENTED_EDGE('',*,*,#10278,.T.);
#7450=ORIENTED_EDGE('',*,*,#10271,.F.);
#7451=ORIENTED_EDGE('',*,*,#10731,.F.);
#7452=ORIENTED_EDGE('',*,*,#10274,.T.);
#7453=ORIENTED_EDGE('',*,*,#10259,.T.);
#7454=ORIENTED_EDGE('',*,*,#10256,.F.);
#7455=ORIENTED_EDGE('',*,*,#10728,.F.);
#7456=ORIENTED_EDGE('',*,*,#10253,.T.);
#7457=ORIENTED_EDGE('',*,*,#10268,.T.);
#7458=ORIENTED_EDGE('',*,*,#10261,.F.);
#7459=ORIENTED_EDGE('',*,*,#10729,.F.);
#7460=ORIENTED_EDGE('',*,*,#10264,.T.);
#7461=ORIENTED_EDGE('',*,*,#10249,.T.);
#7462=ORIENTED_EDGE('',*,*,#10246,.F.);
#7463=ORIENTED_EDGE('',*,*,#10726,.F.);
#7464=ORIENTED_EDGE('',*,*,#10243,.T.);
#7465=ORIENTED_EDGE('',*,*,#10258,.T.);
#7466=ORIENTED_EDGE('',*,*,#10251,.F.);
#7467=ORIENTED_EDGE('',*,*,#10727,.F.);
#7468=ORIENTED_EDGE('',*,*,#10254,.T.);
#7469=ORIENTED_EDGE('',*,*,#10239,.T.);
#7470=ORIENTED_EDGE('',*,*,#10236,.F.);
#7471=ORIENTED_EDGE('',*,*,#10724,.F.);
#7472=ORIENTED_EDGE('',*,*,#10233,.T.);
#7473=ORIENTED_EDGE('',*,*,#10248,.T.);
#7474=ORIENTED_EDGE('',*,*,#10241,.F.);
#7475=ORIENTED_EDGE('',*,*,#10725,.F.);
#7476=ORIENTED_EDGE('',*,*,#10244,.T.);
#7477=ORIENTED_EDGE('',*,*,#10229,.T.);
#7478=ORIENTED_EDGE('',*,*,#10226,.F.);
#7479=ORIENTED_EDGE('',*,*,#10722,.F.);
#7480=ORIENTED_EDGE('',*,*,#10223,.T.);
#7481=ORIENTED_EDGE('',*,*,#10238,.T.);
#7482=ORIENTED_EDGE('',*,*,#10231,.F.);
#7483=ORIENTED_EDGE('',*,*,#10723,.F.);
#7484=ORIENTED_EDGE('',*,*,#10234,.T.);
#7485=ORIENTED_EDGE('',*,*,#10219,.T.);
#7486=ORIENTED_EDGE('',*,*,#10216,.F.);
#7487=ORIENTED_EDGE('',*,*,#10720,.F.);
#7488=ORIENTED_EDGE('',*,*,#10213,.T.);
#7489=ORIENTED_EDGE('',*,*,#10228,.T.);
#7490=ORIENTED_EDGE('',*,*,#10221,.F.);
#7491=ORIENTED_EDGE('',*,*,#10721,.F.);
#7492=ORIENTED_EDGE('',*,*,#10224,.T.);
#7493=ORIENTED_EDGE('',*,*,#10209,.T.);
#7494=ORIENTED_EDGE('',*,*,#10206,.F.);
#7495=ORIENTED_EDGE('',*,*,#10718,.F.);
#7496=ORIENTED_EDGE('',*,*,#10203,.T.);
#7497=ORIENTED_EDGE('',*,*,#10218,.T.);
#7498=ORIENTED_EDGE('',*,*,#10211,.F.);
#7499=ORIENTED_EDGE('',*,*,#10719,.F.);
#7500=ORIENTED_EDGE('',*,*,#10214,.T.);
#7501=ORIENTED_EDGE('',*,*,#10199,.T.);
#7502=ORIENTED_EDGE('',*,*,#10196,.F.);
#7503=ORIENTED_EDGE('',*,*,#10716,.F.);
#7504=ORIENTED_EDGE('',*,*,#10193,.T.);
#7505=ORIENTED_EDGE('',*,*,#10208,.T.);
#7506=ORIENTED_EDGE('',*,*,#10201,.F.);
#7507=ORIENTED_EDGE('',*,*,#10717,.F.);
#7508=ORIENTED_EDGE('',*,*,#10204,.T.);
#7509=ORIENTED_EDGE('',*,*,#10189,.T.);
#7510=ORIENTED_EDGE('',*,*,#10186,.F.);
#7511=ORIENTED_EDGE('',*,*,#10714,.F.);
#7512=ORIENTED_EDGE('',*,*,#10183,.T.);
#7513=ORIENTED_EDGE('',*,*,#10198,.T.);
#7514=ORIENTED_EDGE('',*,*,#10191,.F.);
#7515=ORIENTED_EDGE('',*,*,#10715,.F.);
#7516=ORIENTED_EDGE('',*,*,#10194,.T.);
#7517=ORIENTED_EDGE('',*,*,#10179,.T.);
#7518=ORIENTED_EDGE('',*,*,#10176,.F.);
#7519=ORIENTED_EDGE('',*,*,#10712,.F.);
#7520=ORIENTED_EDGE('',*,*,#10173,.T.);
#7521=ORIENTED_EDGE('',*,*,#10188,.T.);
#7522=ORIENTED_EDGE('',*,*,#10181,.F.);
#7523=ORIENTED_EDGE('',*,*,#10713,.F.);
#7524=ORIENTED_EDGE('',*,*,#10184,.T.);
#7525=ORIENTED_EDGE('',*,*,#10169,.T.);
#7526=ORIENTED_EDGE('',*,*,#10166,.F.);
#7527=ORIENTED_EDGE('',*,*,#10710,.F.);
#7528=ORIENTED_EDGE('',*,*,#10163,.T.);
#7529=ORIENTED_EDGE('',*,*,#10178,.T.);
#7530=ORIENTED_EDGE('',*,*,#10171,.F.);
#7531=ORIENTED_EDGE('',*,*,#10711,.F.);
#7532=ORIENTED_EDGE('',*,*,#10174,.T.);
#7533=ORIENTED_EDGE('',*,*,#10159,.T.);
#7534=ORIENTED_EDGE('',*,*,#10156,.F.);
#7535=ORIENTED_EDGE('',*,*,#10708,.F.);
#7536=ORIENTED_EDGE('',*,*,#10153,.T.);
#7537=ORIENTED_EDGE('',*,*,#10168,.T.);
#7538=ORIENTED_EDGE('',*,*,#10161,.F.);
#7539=ORIENTED_EDGE('',*,*,#10709,.F.);
#7540=ORIENTED_EDGE('',*,*,#10164,.T.);
#7541=ORIENTED_EDGE('',*,*,#10149,.T.);
#7542=ORIENTED_EDGE('',*,*,#10146,.F.);
#7543=ORIENTED_EDGE('',*,*,#10706,.F.);
#7544=ORIENTED_EDGE('',*,*,#10143,.T.);
#7545=ORIENTED_EDGE('',*,*,#10158,.T.);
#7546=ORIENTED_EDGE('',*,*,#10151,.F.);
#7547=ORIENTED_EDGE('',*,*,#10707,.F.);
#7548=ORIENTED_EDGE('',*,*,#10154,.T.);
#7549=ORIENTED_EDGE('',*,*,#10139,.T.);
#7550=ORIENTED_EDGE('',*,*,#10136,.F.);
#7551=ORIENTED_EDGE('',*,*,#10704,.F.);
#7552=ORIENTED_EDGE('',*,*,#10133,.T.);
#7553=ORIENTED_EDGE('',*,*,#10148,.T.);
#7554=ORIENTED_EDGE('',*,*,#10141,.F.);
#7555=ORIENTED_EDGE('',*,*,#10705,.F.);
#7556=ORIENTED_EDGE('',*,*,#10144,.T.);
#7557=ORIENTED_EDGE('',*,*,#10129,.T.);
#7558=ORIENTED_EDGE('',*,*,#10126,.F.);
#7559=ORIENTED_EDGE('',*,*,#10702,.F.);
#7560=ORIENTED_EDGE('',*,*,#10123,.T.);
#7561=ORIENTED_EDGE('',*,*,#10138,.T.);
#7562=ORIENTED_EDGE('',*,*,#10131,.F.);
#7563=ORIENTED_EDGE('',*,*,#10703,.F.);
#7564=ORIENTED_EDGE('',*,*,#10134,.T.);
#7565=ORIENTED_EDGE('',*,*,#10119,.T.);
#7566=ORIENTED_EDGE('',*,*,#10116,.F.);
#7567=ORIENTED_EDGE('',*,*,#10700,.F.);
#7568=ORIENTED_EDGE('',*,*,#10113,.T.);
#7569=ORIENTED_EDGE('',*,*,#10128,.T.);
#7570=ORIENTED_EDGE('',*,*,#10121,.F.);
#7571=ORIENTED_EDGE('',*,*,#10701,.F.);
#7572=ORIENTED_EDGE('',*,*,#10124,.T.);
#7573=ORIENTED_EDGE('',*,*,#10109,.T.);
#7574=ORIENTED_EDGE('',*,*,#10106,.F.);
#7575=ORIENTED_EDGE('',*,*,#10698,.F.);
#7576=ORIENTED_EDGE('',*,*,#10103,.T.);
#7577=ORIENTED_EDGE('',*,*,#10118,.T.);
#7578=ORIENTED_EDGE('',*,*,#10111,.F.);
#7579=ORIENTED_EDGE('',*,*,#10699,.F.);
#7580=ORIENTED_EDGE('',*,*,#10114,.T.);
#7581=ORIENTED_EDGE('',*,*,#10099,.T.);
#7582=ORIENTED_EDGE('',*,*,#10096,.F.);
#7583=ORIENTED_EDGE('',*,*,#10696,.F.);
#7584=ORIENTED_EDGE('',*,*,#10093,.T.);
#7585=ORIENTED_EDGE('',*,*,#10108,.T.);
#7586=ORIENTED_EDGE('',*,*,#10101,.F.);
#7587=ORIENTED_EDGE('',*,*,#10697,.F.);
#7588=ORIENTED_EDGE('',*,*,#10104,.T.);
#7589=ORIENTED_EDGE('',*,*,#10089,.T.);
#7590=ORIENTED_EDGE('',*,*,#10086,.F.);
#7591=ORIENTED_EDGE('',*,*,#10694,.F.);
#7592=ORIENTED_EDGE('',*,*,#10083,.T.);
#7593=ORIENTED_EDGE('',*,*,#10098,.T.);
#7594=ORIENTED_EDGE('',*,*,#10091,.F.);
#7595=ORIENTED_EDGE('',*,*,#10695,.F.);
#7596=ORIENTED_EDGE('',*,*,#10094,.T.);
#7597=ORIENTED_EDGE('',*,*,#10079,.T.);
#7598=ORIENTED_EDGE('',*,*,#10076,.F.);
#7599=ORIENTED_EDGE('',*,*,#10692,.F.);
#7600=ORIENTED_EDGE('',*,*,#10073,.T.);
#7601=ORIENTED_EDGE('',*,*,#10088,.T.);
#7602=ORIENTED_EDGE('',*,*,#10081,.F.);
#7603=ORIENTED_EDGE('',*,*,#10693,.F.);
#7604=ORIENTED_EDGE('',*,*,#10084,.T.);
#7605=ORIENTED_EDGE('',*,*,#10069,.T.);
#7606=ORIENTED_EDGE('',*,*,#10066,.F.);
#7607=ORIENTED_EDGE('',*,*,#10690,.F.);
#7608=ORIENTED_EDGE('',*,*,#10063,.T.);
#7609=ORIENTED_EDGE('',*,*,#10078,.T.);
#7610=ORIENTED_EDGE('',*,*,#10071,.F.);
#7611=ORIENTED_EDGE('',*,*,#10691,.F.);
#7612=ORIENTED_EDGE('',*,*,#10074,.T.);
#7613=ORIENTED_EDGE('',*,*,#10059,.T.);
#7614=ORIENTED_EDGE('',*,*,#10056,.F.);
#7615=ORIENTED_EDGE('',*,*,#10688,.F.);
#7616=ORIENTED_EDGE('',*,*,#10053,.T.);
#7617=ORIENTED_EDGE('',*,*,#10068,.T.);
#7618=ORIENTED_EDGE('',*,*,#10061,.F.);
#7619=ORIENTED_EDGE('',*,*,#10689,.F.);
#7620=ORIENTED_EDGE('',*,*,#10064,.T.);
#7621=ORIENTED_EDGE('',*,*,#10049,.T.);
#7622=ORIENTED_EDGE('',*,*,#10046,.F.);
#7623=ORIENTED_EDGE('',*,*,#10686,.F.);
#7624=ORIENTED_EDGE('',*,*,#10043,.T.);
#7625=ORIENTED_EDGE('',*,*,#10058,.T.);
#7626=ORIENTED_EDGE('',*,*,#10051,.F.);
#7627=ORIENTED_EDGE('',*,*,#10687,.F.);
#7628=ORIENTED_EDGE('',*,*,#10054,.T.);
#7629=ORIENTED_EDGE('',*,*,#10039,.T.);
#7630=ORIENTED_EDGE('',*,*,#10036,.F.);
#7631=ORIENTED_EDGE('',*,*,#10684,.F.);
#7632=ORIENTED_EDGE('',*,*,#10033,.T.);
#7633=ORIENTED_EDGE('',*,*,#10048,.T.);
#7634=ORIENTED_EDGE('',*,*,#10041,.F.);
#7635=ORIENTED_EDGE('',*,*,#10685,.F.);
#7636=ORIENTED_EDGE('',*,*,#10044,.T.);
#7637=ORIENTED_EDGE('',*,*,#10029,.T.);
#7638=ORIENTED_EDGE('',*,*,#10026,.F.);
#7639=ORIENTED_EDGE('',*,*,#10682,.F.);
#7640=ORIENTED_EDGE('',*,*,#10023,.T.);
#7641=ORIENTED_EDGE('',*,*,#10038,.T.);
#7642=ORIENTED_EDGE('',*,*,#10031,.F.);
#7643=ORIENTED_EDGE('',*,*,#10683,.F.);
#7644=ORIENTED_EDGE('',*,*,#10034,.T.);
#7645=ORIENTED_EDGE('',*,*,#10019,.T.);
#7646=ORIENTED_EDGE('',*,*,#10016,.F.);
#7647=ORIENTED_EDGE('',*,*,#10680,.F.);
#7648=ORIENTED_EDGE('',*,*,#10013,.T.);
#7649=ORIENTED_EDGE('',*,*,#10028,.T.);
#7650=ORIENTED_EDGE('',*,*,#10021,.F.);
#7651=ORIENTED_EDGE('',*,*,#10681,.F.);
#7652=ORIENTED_EDGE('',*,*,#10024,.T.);
#7653=ORIENTED_EDGE('',*,*,#10009,.T.);
#7654=ORIENTED_EDGE('',*,*,#10006,.F.);
#7655=ORIENTED_EDGE('',*,*,#10678,.F.);
#7656=ORIENTED_EDGE('',*,*,#10003,.T.);
#7657=ORIENTED_EDGE('',*,*,#10018,.T.);
#7658=ORIENTED_EDGE('',*,*,#10011,.F.);
#7659=ORIENTED_EDGE('',*,*,#10679,.F.);
#7660=ORIENTED_EDGE('',*,*,#10014,.T.);
#7661=ORIENTED_EDGE('',*,*,#9999,.T.);
#7662=ORIENTED_EDGE('',*,*,#9996,.F.);
#7663=ORIENTED_EDGE('',*,*,#10676,.F.);
#7664=ORIENTED_EDGE('',*,*,#9993,.T.);
#7665=ORIENTED_EDGE('',*,*,#10008,.T.);
#7666=ORIENTED_EDGE('',*,*,#10001,.F.);
#7667=ORIENTED_EDGE('',*,*,#10677,.F.);
#7668=ORIENTED_EDGE('',*,*,#10004,.T.);
#7669=ORIENTED_EDGE('',*,*,#9989,.T.);
#7670=ORIENTED_EDGE('',*,*,#9986,.F.);
#7671=ORIENTED_EDGE('',*,*,#10674,.F.);
#7672=ORIENTED_EDGE('',*,*,#9983,.T.);
#7673=ORIENTED_EDGE('',*,*,#9998,.T.);
#7674=ORIENTED_EDGE('',*,*,#9991,.F.);
#7675=ORIENTED_EDGE('',*,*,#10675,.F.);
#7676=ORIENTED_EDGE('',*,*,#9994,.T.);
#7677=ORIENTED_EDGE('',*,*,#9966,.T.);
#7678=ORIENTED_EDGE('',*,*,#9979,.F.);
#7679=ORIENTED_EDGE('',*,*,#10669,.F.);
#7680=ORIENTED_EDGE('',*,*,#9976,.T.);
#7681=ORIENTED_EDGE('',*,*,#9988,.T.);
#7682=ORIENTED_EDGE('',*,*,#9981,.F.);
#7683=ORIENTED_EDGE('',*,*,#10673,.F.);
#7684=ORIENTED_EDGE('',*,*,#9984,.T.);
#7685=ORIENTED_EDGE('',*,*,#9968,.F.);
#7686=ORIENTED_EDGE('',*,*,#11377,.T.);
#7687=ORIENTED_EDGE('',*,*,#10670,.T.);
#7688=ORIENTED_EDGE('',*,*,#9971,.T.);
#7689=ORIENTED_EDGE('',*,*,#10668,.T.);
#7690=ORIENTED_EDGE('',*,*,#9977,.T.);
#7691=ORIENTED_EDGE('',*,*,#9964,.F.);
#7692=ORIENTED_EDGE('',*,*,#9975,.F.);
#7693=ORIENTED_EDGE('',*,*,#11379,.T.);
#7694=ORIENTED_EDGE('',*,*,#11380,.F.);
#7695=ORIENTED_EDGE('',*,*,#11381,.F.);
#7696=ORIENTED_EDGE('',*,*,#11382,.T.);
#7697=ORIENTED_EDGE('',*,*,#11383,.T.);
#7698=ORIENTED_EDGE('',*,*,#11379,.F.);
#7699=ORIENTED_EDGE('',*,*,#11384,.F.);
#7700=ORIENTED_EDGE('',*,*,#11385,.T.);
#7701=ORIENTED_EDGE('',*,*,#11386,.F.);
#7702=ORIENTED_EDGE('',*,*,#11387,.F.);
#7703=ORIENTED_EDGE('',*,*,#11388,.T.);
#7704=ORIENTED_EDGE('',*,*,#11389,.T.);
#7705=ORIENTED_EDGE('',*,*,#11390,.F.);
#7706=ORIENTED_EDGE('',*,*,#11391,.T.);
#7707=ORIENTED_EDGE('',*,*,#11392,.F.);
#7708=ORIENTED_EDGE('',*,*,#11393,.F.);
#7709=ORIENTED_EDGE('',*,*,#11394,.T.);
#7710=ORIENTED_EDGE('',*,*,#11395,.T.);
#7711=ORIENTED_EDGE('',*,*,#11396,.T.);
#7712=ORIENTED_EDGE('',*,*,#11397,.F.);
#7713=ORIENTED_EDGE('',*,*,#11398,.F.);
#7714=ORIENTED_EDGE('',*,*,#11399,.T.);
#7715=ORIENTED_EDGE('',*,*,#11400,.T.);
#7716=ORIENTED_EDGE('',*,*,#11401,.F.);
#7717=ORIENTED_EDGE('',*,*,#11402,.F.);
#7718=ORIENTED_EDGE('',*,*,#11403,.T.);
#7719=ORIENTED_EDGE('',*,*,#11404,.T.);
#7720=ORIENTED_EDGE('',*,*,#11405,.F.);
#7721=ORIENTED_EDGE('',*,*,#11406,.F.);
#7722=ORIENTED_EDGE('',*,*,#11407,.T.);
#7723=ORIENTED_EDGE('',*,*,#11408,.T.);
#7724=ORIENTED_EDGE('',*,*,#11409,.F.);
#7725=ORIENTED_EDGE('',*,*,#11410,.F.);
#7726=ORIENTED_EDGE('',*,*,#11411,.T.);
#7727=ORIENTED_EDGE('',*,*,#11409,.T.);
#7728=ORIENTED_EDGE('',*,*,#11412,.T.);
#7729=ORIENTED_EDGE('',*,*,#11413,.F.);
#7730=ORIENTED_EDGE('',*,*,#11414,.F.);
#7731=ORIENTED_EDGE('',*,*,#11415,.T.);
#7732=ORIENTED_EDGE('',*,*,#11411,.F.);
#7733=ORIENTED_EDGE('',*,*,#11416,.F.);
#7734=ORIENTED_EDGE('',*,*,#11417,.T.);
#7735=ORIENTED_EDGE('',*,*,#11405,.T.);
#7736=ORIENTED_EDGE('',*,*,#11418,.T.);
#7737=ORIENTED_EDGE('',*,*,#11419,.F.);
#7738=ORIENTED_EDGE('',*,*,#11420,.F.);
#7739=ORIENTED_EDGE('',*,*,#11421,.T.);
#7740=ORIENTED_EDGE('',*,*,#11407,.F.);
#7741=ORIENTED_EDGE('',*,*,#11422,.F.);
#7742=ORIENTED_EDGE('',*,*,#11423,.T.);
#7743=ORIENTED_EDGE('',*,*,#11401,.T.);
#7744=ORIENTED_EDGE('',*,*,#11424,.T.);
#7745=ORIENTED_EDGE('',*,*,#11425,.F.);
#7746=ORIENTED_EDGE('',*,*,#11426,.F.);
#7747=ORIENTED_EDGE('',*,*,#11427,.T.);
#7748=ORIENTED_EDGE('',*,*,#11403,.F.);
#7749=ORIENTED_EDGE('',*,*,#11428,.F.);
#7750=ORIENTED_EDGE('',*,*,#11429,.T.);
#7751=ORIENTED_EDGE('',*,*,#11397,.T.);
#7752=ORIENTED_EDGE('',*,*,#11430,.T.);
#7753=ORIENTED_EDGE('',*,*,#11431,.F.);
#7754=ORIENTED_EDGE('',*,*,#11432,.F.);
#7755=ORIENTED_EDGE('',*,*,#11433,.T.);
#7756=ORIENTED_EDGE('',*,*,#11399,.F.);
#7757=ORIENTED_EDGE('',*,*,#11434,.F.);
#7758=ORIENTED_EDGE('',*,*,#11435,.T.);
#7759=ORIENTED_EDGE('',*,*,#11436,.T.);
#7760=ORIENTED_EDGE('',*,*,#11437,.F.);
#7761=ORIENTED_EDGE('',*,*,#11438,.T.);
#7762=ORIENTED_EDGE('',*,*,#11439,.F.);
#7763=ORIENTED_EDGE('',*,*,#11440,.T.);
#7764=ORIENTED_EDGE('',*,*,#11441,.T.);
#7765=ORIENTED_EDGE('',*,*,#11442,.T.);
#7766=ORIENTED_EDGE('',*,*,#11443,.T.);
#7767=ORIENTED_EDGE('',*,*,#11444,.T.);
#7768=ORIENTED_EDGE('',*,*,#11445,.T.);
#7769=ORIENTED_EDGE('',*,*,#11446,.T.);
#7770=ORIENTED_EDGE('',*,*,#11447,.T.);
#7771=ORIENTED_EDGE('',*,*,#11448,.T.);
#7772=ORIENTED_EDGE('',*,*,#11449,.T.);
#7773=ORIENTED_EDGE('',*,*,#11450,.T.);
#7774=ORIENTED_EDGE('',*,*,#11451,.T.);
#7775=ORIENTED_EDGE('',*,*,#11452,.T.);
#7776=ORIENTED_EDGE('',*,*,#11453,.T.);
#7777=ORIENTED_EDGE('',*,*,#11454,.T.);
#7778=ORIENTED_EDGE('',*,*,#11455,.T.);
#7779=ORIENTED_EDGE('',*,*,#11456,.T.);
#7780=ORIENTED_EDGE('',*,*,#11457,.T.);
#7781=ORIENTED_EDGE('',*,*,#11458,.T.);
#7782=ORIENTED_EDGE('',*,*,#11459,.T.);
#7783=ORIENTED_EDGE('',*,*,#11460,.T.);
#7784=ORIENTED_EDGE('',*,*,#11461,.T.);
#7785=ORIENTED_EDGE('',*,*,#11462,.T.);
#7786=ORIENTED_EDGE('',*,*,#11463,.T.);
#7787=ORIENTED_EDGE('',*,*,#11464,.T.);
#7788=ORIENTED_EDGE('',*,*,#11465,.T.);
#7789=ORIENTED_EDGE('',*,*,#11466,.T.);
#7790=ORIENTED_EDGE('',*,*,#11467,.T.);
#7791=ORIENTED_EDGE('',*,*,#11468,.T.);
#7792=ORIENTED_EDGE('',*,*,#11469,.T.);
#7793=ORIENTED_EDGE('',*,*,#11470,.T.);
#7794=ORIENTED_EDGE('',*,*,#11471,.T.);
#7795=ORIENTED_EDGE('',*,*,#11472,.T.);
#7796=ORIENTED_EDGE('',*,*,#11473,.T.);
#7797=ORIENTED_EDGE('',*,*,#11474,.T.);
#7798=ORIENTED_EDGE('',*,*,#11475,.T.);
#7799=ORIENTED_EDGE('',*,*,#11476,.T.);
#7800=ORIENTED_EDGE('',*,*,#11477,.T.);
#7801=ORIENTED_EDGE('',*,*,#11478,.T.);
#7802=ORIENTED_EDGE('',*,*,#11479,.T.);
#7803=ORIENTED_EDGE('',*,*,#11480,.T.);
#7804=ORIENTED_EDGE('',*,*,#11481,.T.);
#7805=ORIENTED_EDGE('',*,*,#11482,.T.);
#7806=ORIENTED_EDGE('',*,*,#11483,.T.);
#7807=ORIENTED_EDGE('',*,*,#11484,.T.);
#7808=ORIENTED_EDGE('',*,*,#11485,.T.);
#7809=ORIENTED_EDGE('',*,*,#11486,.T.);
#7810=ORIENTED_EDGE('',*,*,#11487,.T.);
#7811=ORIENTED_EDGE('',*,*,#11488,.T.);
#7812=ORIENTED_EDGE('',*,*,#11489,.T.);
#7813=ORIENTED_EDGE('',*,*,#11490,.T.);
#7814=ORIENTED_EDGE('',*,*,#11491,.T.);
#7815=ORIENTED_EDGE('',*,*,#11492,.T.);
#7816=ORIENTED_EDGE('',*,*,#11493,.T.);
#7817=ORIENTED_EDGE('',*,*,#11494,.T.);
#7818=ORIENTED_EDGE('',*,*,#11495,.T.);
#7819=ORIENTED_EDGE('',*,*,#11496,.T.);
#7820=ORIENTED_EDGE('',*,*,#11497,.T.);
#7821=ORIENTED_EDGE('',*,*,#11498,.T.);
#7822=ORIENTED_EDGE('',*,*,#11499,.T.);
#7823=ORIENTED_EDGE('',*,*,#11500,.T.);
#7824=ORIENTED_EDGE('',*,*,#11501,.T.);
#7825=ORIENTED_EDGE('',*,*,#11502,.T.);
#7826=ORIENTED_EDGE('',*,*,#11503,.T.);
#7827=ORIENTED_EDGE('',*,*,#11504,.T.);
#7828=ORIENTED_EDGE('',*,*,#11505,.T.);
#7829=ORIENTED_EDGE('',*,*,#11506,.T.);
#7830=ORIENTED_EDGE('',*,*,#11507,.T.);
#7831=ORIENTED_EDGE('',*,*,#11508,.T.);
#7832=ORIENTED_EDGE('',*,*,#11509,.T.);
#7833=ORIENTED_EDGE('',*,*,#11510,.T.);
#7834=ORIENTED_EDGE('',*,*,#11511,.T.);
#7835=ORIENTED_EDGE('',*,*,#11512,.T.);
#7836=ORIENTED_EDGE('',*,*,#11513,.T.);
#7837=ORIENTED_EDGE('',*,*,#11514,.T.);
#7838=ORIENTED_EDGE('',*,*,#11515,.T.);
#7839=ORIENTED_EDGE('',*,*,#11516,.T.);
#7840=ORIENTED_EDGE('',*,*,#11517,.T.);
#7841=ORIENTED_EDGE('',*,*,#11518,.T.);
#7842=ORIENTED_EDGE('',*,*,#11519,.T.);
#7843=ORIENTED_EDGE('',*,*,#11520,.T.);
#7844=ORIENTED_EDGE('',*,*,#11521,.T.);
#7845=ORIENTED_EDGE('',*,*,#11522,.T.);
#7846=ORIENTED_EDGE('',*,*,#11523,.T.);
#7847=ORIENTED_EDGE('',*,*,#11524,.T.);
#7848=ORIENTED_EDGE('',*,*,#11525,.T.);
#7849=ORIENTED_EDGE('',*,*,#11526,.T.);
#7850=ORIENTED_EDGE('',*,*,#11527,.T.);
#7851=ORIENTED_EDGE('',*,*,#11528,.T.);
#7852=ORIENTED_EDGE('',*,*,#11529,.T.);
#7853=ORIENTED_EDGE('',*,*,#11530,.T.);
#7854=ORIENTED_EDGE('',*,*,#11531,.T.);
#7855=ORIENTED_EDGE('',*,*,#11532,.T.);
#7856=ORIENTED_EDGE('',*,*,#11533,.T.);
#7857=ORIENTED_EDGE('',*,*,#11534,.T.);
#7858=ORIENTED_EDGE('',*,*,#11535,.T.);
#7859=ORIENTED_EDGE('',*,*,#11536,.T.);
#7860=ORIENTED_EDGE('',*,*,#11537,.T.);
#7861=ORIENTED_EDGE('',*,*,#11538,.T.);
#7862=ORIENTED_EDGE('',*,*,#11539,.T.);
#7863=ORIENTED_EDGE('',*,*,#11540,.T.);
#7864=ORIENTED_EDGE('',*,*,#11541,.T.);
#7865=ORIENTED_EDGE('',*,*,#11542,.T.);
#7866=ORIENTED_EDGE('',*,*,#11543,.T.);
#7867=ORIENTED_EDGE('',*,*,#11544,.T.);
#7868=ORIENTED_EDGE('',*,*,#11545,.T.);
#7869=ORIENTED_EDGE('',*,*,#11546,.T.);
#7870=ORIENTED_EDGE('',*,*,#11547,.T.);
#7871=ORIENTED_EDGE('',*,*,#11548,.T.);
#7872=ORIENTED_EDGE('',*,*,#11549,.T.);
#7873=ORIENTED_EDGE('',*,*,#11550,.T.);
#7874=ORIENTED_EDGE('',*,*,#11551,.T.);
#7875=ORIENTED_EDGE('',*,*,#11552,.T.);
#7876=ORIENTED_EDGE('',*,*,#11553,.T.);
#7877=ORIENTED_EDGE('',*,*,#11554,.T.);
#7878=ORIENTED_EDGE('',*,*,#11555,.T.);
#7879=ORIENTED_EDGE('',*,*,#11556,.T.);
#7880=ORIENTED_EDGE('',*,*,#11557,.T.);
#7881=ORIENTED_EDGE('',*,*,#11558,.T.);
#7882=ORIENTED_EDGE('',*,*,#11559,.T.);
#7883=ORIENTED_EDGE('',*,*,#11560,.T.);
#7884=ORIENTED_EDGE('',*,*,#11561,.T.);
#7885=ORIENTED_EDGE('',*,*,#11562,.T.);
#7886=ORIENTED_EDGE('',*,*,#11563,.T.);
#7887=ORIENTED_EDGE('',*,*,#11564,.T.);
#7888=ORIENTED_EDGE('',*,*,#11565,.T.);
#7889=ORIENTED_EDGE('',*,*,#11566,.T.);
#7890=ORIENTED_EDGE('',*,*,#11567,.T.);
#7891=ORIENTED_EDGE('',*,*,#11568,.T.);
#7892=ORIENTED_EDGE('',*,*,#11569,.T.);
#7893=ORIENTED_EDGE('',*,*,#11570,.T.);
#7894=ORIENTED_EDGE('',*,*,#11571,.T.);
#7895=ORIENTED_EDGE('',*,*,#11572,.F.);
#7896=ORIENTED_EDGE('',*,*,#11573,.F.);
#7897=ORIENTED_EDGE('',*,*,#11574,.F.);
#7898=ORIENTED_EDGE('',*,*,#11575,.F.);
#7899=ORIENTED_EDGE('',*,*,#11576,.F.);
#7900=ORIENTED_EDGE('',*,*,#11389,.F.);
#7901=ORIENTED_EDGE('',*,*,#11577,.T.);
#7902=ORIENTED_EDGE('',*,*,#11578,.F.);
#7903=ORIENTED_EDGE('',*,*,#11579,.F.);
#7904=ORIENTED_EDGE('',*,*,#11580,.F.);
#7905=ORIENTED_EDGE('',*,*,#11581,.F.);
#7906=ORIENTED_EDGE('',*,*,#11582,.F.);
#7907=ORIENTED_EDGE('',*,*,#11583,.F.);
#7908=ORIENTED_EDGE('',*,*,#11584,.T.);
#7909=ORIENTED_EDGE('',*,*,#11585,.T.);
#7910=ORIENTED_EDGE('',*,*,#11586,.T.);
#7911=ORIENTED_EDGE('',*,*,#11587,.T.);
#7912=ORIENTED_EDGE('',*,*,#11588,.T.);
#7913=ORIENTED_EDGE('',*,*,#11589,.T.);
#7914=ORIENTED_EDGE('',*,*,#11590,.T.);
#7915=ORIENTED_EDGE('',*,*,#11591,.F.);
#7916=ORIENTED_EDGE('',*,*,#11592,.F.);
#7917=ORIENTED_EDGE('',*,*,#11593,.F.);
#7918=ORIENTED_EDGE('',*,*,#11594,.F.);
#7919=ORIENTED_EDGE('',*,*,#11595,.F.);
#7920=ORIENTED_EDGE('',*,*,#11596,.T.);
#7921=ORIENTED_EDGE('',*,*,#11439,.T.);
#7922=ORIENTED_EDGE('',*,*,#11597,.F.);
#7923=ORIENTED_EDGE('',*,*,#11598,.T.);
#7924=ORIENTED_EDGE('',*,*,#11599,.T.);
#7925=ORIENTED_EDGE('',*,*,#11600,.T.);
#7926=ORIENTED_EDGE('',*,*,#11601,.T.);
#7927=ORIENTED_EDGE('',*,*,#11602,.T.);
#7928=ORIENTED_EDGE('',*,*,#11603,.T.);
#7929=ORIENTED_EDGE('',*,*,#11392,.T.);
#7930=ORIENTED_EDGE('',*,*,#11604,.F.);
#7931=ORIENTED_EDGE('',*,*,#11594,.T.);
#7932=ORIENTED_EDGE('',*,*,#11605,.F.);
#7933=ORIENTED_EDGE('',*,*,#11606,.T.);
#7934=ORIENTED_EDGE('',*,*,#11607,.T.);
#7935=ORIENTED_EDGE('',*,*,#11608,.T.);
#7936=ORIENTED_EDGE('',*,*,#11609,.T.);
#7937=ORIENTED_EDGE('',*,*,#11386,.T.);
#7938=ORIENTED_EDGE('',*,*,#11610,.F.);
#7939=ORIENTED_EDGE('',*,*,#11611,.T.);
#7940=ORIENTED_EDGE('',*,*,#11602,.F.);
#7941=ORIENTED_EDGE('',*,*,#11612,.T.);
#7942=ORIENTED_EDGE('',*,*,#11613,.F.);
#7943=ORIENTED_EDGE('',*,*,#11614,.F.);
#7944=ORIENTED_EDGE('',*,*,#11615,.F.);
#7945=ORIENTED_EDGE('',*,*,#11598,.F.);
#7946=ORIENTED_EDGE('',*,*,#11616,.T.);
#7947=ORIENTED_EDGE('',*,*,#11617,.T.);
#7948=ORIENTED_EDGE('',*,*,#11618,.T.);
#7949=ORIENTED_EDGE('',*,*,#11619,.T.);
#7950=ORIENTED_EDGE('',*,*,#11620,.T.);
#7951=ORIENTED_EDGE('',*,*,#11621,.T.);
#7952=ORIENTED_EDGE('',*,*,#11622,.T.);
#7953=ORIENTED_EDGE('',*,*,#11623,.T.);
#7954=ORIENTED_EDGE('',*,*,#11624,.T.);
#7955=ORIENTED_EDGE('',*,*,#11625,.T.);
#7956=ORIENTED_EDGE('',*,*,#11626,.T.);
#7957=ORIENTED_EDGE('',*,*,#11627,.T.);
#7958=ORIENTED_EDGE('',*,*,#11628,.T.);
#7959=ORIENTED_EDGE('',*,*,#11629,.T.);
#7960=ORIENTED_EDGE('',*,*,#11630,.T.);
#7961=ORIENTED_EDGE('',*,*,#11631,.T.);
#7962=ORIENTED_EDGE('',*,*,#11632,.T.);
#7963=ORIENTED_EDGE('',*,*,#11633,.T.);
#7964=ORIENTED_EDGE('',*,*,#11634,.T.);
#7965=ORIENTED_EDGE('',*,*,#11635,.T.);
#7966=ORIENTED_EDGE('',*,*,#11636,.T.);
#7967=ORIENTED_EDGE('',*,*,#11637,.T.);
#7968=ORIENTED_EDGE('',*,*,#11638,.T.);
#7969=ORIENTED_EDGE('',*,*,#11639,.T.);
#7970=ORIENTED_EDGE('',*,*,#11640,.T.);
#7971=ORIENTED_EDGE('',*,*,#11641,.T.);
#7972=ORIENTED_EDGE('',*,*,#11642,.T.);
#7973=ORIENTED_EDGE('',*,*,#11643,.T.);
#7974=ORIENTED_EDGE('',*,*,#11644,.T.);
#7975=ORIENTED_EDGE('',*,*,#11645,.T.);
#7976=ORIENTED_EDGE('',*,*,#11646,.T.);
#7977=ORIENTED_EDGE('',*,*,#11647,.T.);
#7978=ORIENTED_EDGE('',*,*,#11648,.T.);
#7979=ORIENTED_EDGE('',*,*,#11380,.T.);
#7980=ORIENTED_EDGE('',*,*,#11383,.F.);
#7981=ORIENTED_EDGE('',*,*,#11415,.F.);
#7982=ORIENTED_EDGE('',*,*,#11649,.F.);
#7983=ORIENTED_EDGE('',*,*,#11610,.T.);
#7984=ORIENTED_EDGE('',*,*,#11650,.T.);
#7985=ORIENTED_EDGE('',*,*,#11651,.T.);
#7986=ORIENTED_EDGE('',*,*,#11652,.T.);
#7987=ORIENTED_EDGE('',*,*,#11653,.T.);
#7988=ORIENTED_EDGE('',*,*,#11654,.T.);
#7989=ORIENTED_EDGE('',*,*,#11655,.T.);
#7990=ORIENTED_EDGE('',*,*,#11656,.T.);
#7991=ORIENTED_EDGE('',*,*,#11657,.T.);
#7992=ORIENTED_EDGE('',*,*,#11658,.T.);
#7993=ORIENTED_EDGE('',*,*,#11659,.T.);
#7994=ORIENTED_EDGE('',*,*,#11660,.T.);
#7995=ORIENTED_EDGE('',*,*,#11661,.T.);
#7996=ORIENTED_EDGE('',*,*,#11662,.T.);
#7997=ORIENTED_EDGE('',*,*,#11663,.T.);
#7998=ORIENTED_EDGE('',*,*,#11664,.T.);
#7999=ORIENTED_EDGE('',*,*,#11665,.T.);
#8000=ORIENTED_EDGE('',*,*,#11666,.T.);
#8001=ORIENTED_EDGE('',*,*,#11667,.T.);
#8002=ORIENTED_EDGE('',*,*,#11668,.T.);
#8003=ORIENTED_EDGE('',*,*,#11669,.T.);
#8004=ORIENTED_EDGE('',*,*,#11670,.T.);
#8005=ORIENTED_EDGE('',*,*,#11671,.T.);
#8006=ORIENTED_EDGE('',*,*,#11672,.T.);
#8007=ORIENTED_EDGE('',*,*,#11673,.T.);
#8008=ORIENTED_EDGE('',*,*,#11674,.T.);
#8009=ORIENTED_EDGE('',*,*,#11675,.T.);
#8010=ORIENTED_EDGE('',*,*,#11676,.T.);
#8011=ORIENTED_EDGE('',*,*,#11677,.T.);
#8012=ORIENTED_EDGE('',*,*,#11678,.T.);
#8013=ORIENTED_EDGE('',*,*,#11679,.T.);
#8014=ORIENTED_EDGE('',*,*,#11680,.T.);
#8015=ORIENTED_EDGE('',*,*,#11681,.T.);
#8016=ORIENTED_EDGE('',*,*,#11682,.T.);
#8017=ORIENTED_EDGE('',*,*,#11683,.T.);
#8018=ORIENTED_EDGE('',*,*,#11684,.F.);
#8019=ORIENTED_EDGE('',*,*,#11685,.T.);
#8020=ORIENTED_EDGE('',*,*,#11430,.F.);
#8021=ORIENTED_EDGE('',*,*,#11396,.F.);
#8022=ORIENTED_EDGE('',*,*,#11686,.T.);
#8023=ORIENTED_EDGE('',*,*,#11687,.T.);
#8024=ORIENTED_EDGE('',*,*,#11688,.T.);
#8025=ORIENTED_EDGE('',*,*,#11689,.T.);
#8026=ORIENTED_EDGE('',*,*,#11690,.T.);
#8027=ORIENTED_EDGE('',*,*,#11691,.T.);
#8028=ORIENTED_EDGE('',*,*,#11692,.T.);
#8029=ORIENTED_EDGE('',*,*,#11693,.T.);
#8030=ORIENTED_EDGE('',*,*,#11694,.T.);
#8031=ORIENTED_EDGE('',*,*,#11695,.T.);
#8032=ORIENTED_EDGE('',*,*,#11696,.T.);
#8033=ORIENTED_EDGE('',*,*,#11697,.T.);
#8034=ORIENTED_EDGE('',*,*,#11698,.T.);
#8035=ORIENTED_EDGE('',*,*,#11699,.T.);
#8036=ORIENTED_EDGE('',*,*,#11700,.T.);
#8037=ORIENTED_EDGE('',*,*,#11701,.T.);
#8038=ORIENTED_EDGE('',*,*,#11702,.T.);
#8039=ORIENTED_EDGE('',*,*,#11703,.T.);
#8040=ORIENTED_EDGE('',*,*,#11704,.T.);
#8041=ORIENTED_EDGE('',*,*,#11705,.T.);
#8042=ORIENTED_EDGE('',*,*,#11706,.T.);
#8043=ORIENTED_EDGE('',*,*,#11707,.T.);
#8044=ORIENTED_EDGE('',*,*,#11708,.T.);
#8045=ORIENTED_EDGE('',*,*,#11709,.T.);
#8046=ORIENTED_EDGE('',*,*,#11710,.T.);
#8047=ORIENTED_EDGE('',*,*,#11711,.T.);
#8048=ORIENTED_EDGE('',*,*,#11712,.T.);
#8049=ORIENTED_EDGE('',*,*,#11713,.T.);
#8050=ORIENTED_EDGE('',*,*,#11714,.T.);
#8051=ORIENTED_EDGE('',*,*,#11715,.T.);
#8052=ORIENTED_EDGE('',*,*,#11716,.T.);
#8053=ORIENTED_EDGE('',*,*,#11717,.T.);
#8054=ORIENTED_EDGE('',*,*,#11433,.F.);
#8055=ORIENTED_EDGE('',*,*,#11718,.T.);
#8056=ORIENTED_EDGE('',*,*,#11424,.F.);
#8057=ORIENTED_EDGE('',*,*,#11400,.F.);
#8058=ORIENTED_EDGE('',*,*,#11427,.F.);
#8059=ORIENTED_EDGE('',*,*,#11719,.T.);
#8060=ORIENTED_EDGE('',*,*,#11418,.F.);
#8061=ORIENTED_EDGE('',*,*,#11404,.F.);
#8062=ORIENTED_EDGE('',*,*,#11720,.T.);
#8063=ORIENTED_EDGE('',*,*,#11721,.T.);
#8064=ORIENTED_EDGE('',*,*,#11722,.T.);
#8065=ORIENTED_EDGE('',*,*,#11723,.T.);
#8066=ORIENTED_EDGE('',*,*,#11724,.T.);
#8067=ORIENTED_EDGE('',*,*,#11725,.T.);
#8068=ORIENTED_EDGE('',*,*,#11726,.T.);
#8069=ORIENTED_EDGE('',*,*,#11727,.T.);
#8070=ORIENTED_EDGE('',*,*,#11728,.T.);
#8071=ORIENTED_EDGE('',*,*,#11729,.T.);
#8072=ORIENTED_EDGE('',*,*,#11730,.T.);
#8073=ORIENTED_EDGE('',*,*,#11731,.T.);
#8074=ORIENTED_EDGE('',*,*,#11732,.T.);
#8075=ORIENTED_EDGE('',*,*,#11733,.T.);
#8076=ORIENTED_EDGE('',*,*,#11734,.T.);
#8077=ORIENTED_EDGE('',*,*,#11735,.T.);
#8078=ORIENTED_EDGE('',*,*,#11736,.T.);
#8079=ORIENTED_EDGE('',*,*,#11737,.T.);
#8080=ORIENTED_EDGE('',*,*,#11738,.T.);
#8081=ORIENTED_EDGE('',*,*,#11739,.T.);
#8082=ORIENTED_EDGE('',*,*,#11740,.T.);
#8083=ORIENTED_EDGE('',*,*,#11741,.T.);
#8084=ORIENTED_EDGE('',*,*,#11742,.T.);
#8085=ORIENTED_EDGE('',*,*,#11743,.T.);
#8086=ORIENTED_EDGE('',*,*,#11744,.T.);
#8087=ORIENTED_EDGE('',*,*,#11745,.T.);
#8088=ORIENTED_EDGE('',*,*,#11746,.T.);
#8089=ORIENTED_EDGE('',*,*,#11747,.T.);
#8090=ORIENTED_EDGE('',*,*,#11748,.T.);
#8091=ORIENTED_EDGE('',*,*,#11749,.T.);
#8092=ORIENTED_EDGE('',*,*,#11750,.T.);
#8093=ORIENTED_EDGE('',*,*,#11751,.T.);
#8094=ORIENTED_EDGE('',*,*,#11421,.F.);
#8095=ORIENTED_EDGE('',*,*,#11752,.T.);
#8096=ORIENTED_EDGE('',*,*,#11412,.F.);
#8097=ORIENTED_EDGE('',*,*,#11408,.F.);
#8098=ORIENTED_EDGE('',*,*,#11614,.T.);
#8099=ORIENTED_EDGE('',*,*,#11753,.T.);
#8100=ORIENTED_EDGE('',*,*,#11754,.T.);
#8101=ORIENTED_EDGE('',*,*,#11755,.T.);
#8102=ORIENTED_EDGE('',*,*,#11756,.F.);
#8103=ORIENTED_EDGE('',*,*,#11588,.F.);
#8104=ORIENTED_EDGE('',*,*,#11757,.T.);
#8105=ORIENTED_EDGE('',*,*,#11574,.T.);
#8106=ORIENTED_EDGE('',*,*,#11758,.F.);
#8107=ORIENTED_EDGE('',*,*,#11759,.F.);
#8108=ORIENTED_EDGE('',*,*,#11605,.T.);
#8109=ORIENTED_EDGE('',*,*,#11593,.T.);
#8110=ORIENTED_EDGE('',*,*,#11438,.F.);
#8111=ORIENTED_EDGE('',*,*,#11592,.T.);
#8112=ORIENTED_EDGE('',*,*,#11595,.T.);
#8113=ORIENTED_EDGE('',*,*,#11604,.T.);
#8114=ORIENTED_EDGE('',*,*,#11391,.F.);
#8115=ORIENTED_EDGE('',*,*,#11586,.F.);
#8116=ORIENTED_EDGE('',*,*,#11387,.T.);
#8117=ORIENTED_EDGE('',*,*,#11609,.F.);
#8118=ORIENTED_EDGE('',*,*,#11760,.F.);
#8119=ORIENTED_EDGE('',*,*,#11582,.T.);
#8120=ORIENTED_EDGE('',*,*,#11761,.F.);
#8121=ORIENTED_EDGE('',*,*,#11568,.F.);
#8122=ORIENTED_EDGE('',*,*,#11762,.T.);
#8123=ORIENTED_EDGE('',*,*,#11763,.T.);
#8124=ORIENTED_EDGE('',*,*,#11579,.T.);
#8125=ORIENTED_EDGE('',*,*,#11762,.F.);
#8126=ORIENTED_EDGE('',*,*,#11571,.F.);
#8127=ORIENTED_EDGE('',*,*,#11581,.T.);
#8128=ORIENTED_EDGE('',*,*,#11764,.F.);
#8129=ORIENTED_EDGE('',*,*,#11569,.F.);
#8130=ORIENTED_EDGE('',*,*,#11761,.T.);
#8131=ORIENTED_EDGE('',*,*,#11764,.T.);
#8132=ORIENTED_EDGE('',*,*,#11580,.T.);
#8133=ORIENTED_EDGE('',*,*,#11763,.F.);
#8134=ORIENTED_EDGE('',*,*,#11570,.F.);
#8135=ORIENTED_EDGE('',*,*,#11616,.F.);
#8136=ORIENTED_EDGE('',*,*,#11567,.F.);
#8137=ORIENTED_EDGE('',*,*,#11686,.F.);
#8138=ORIENTED_EDGE('',*,*,#11566,.F.);
#8139=ORIENTED_EDGE('',*,*,#11687,.F.);
#8140=ORIENTED_EDGE('',*,*,#11565,.F.);
#8141=ORIENTED_EDGE('',*,*,#11688,.F.);
#8142=ORIENTED_EDGE('',*,*,#11564,.F.);
#8143=ORIENTED_EDGE('',*,*,#11689,.F.);
#8144=ORIENTED_EDGE('',*,*,#11563,.F.);
#8145=ORIENTED_EDGE('',*,*,#11690,.F.);
#8146=ORIENTED_EDGE('',*,*,#11562,.F.);
#8147=ORIENTED_EDGE('',*,*,#11691,.F.);
#8148=ORIENTED_EDGE('',*,*,#11561,.F.);
#8149=ORIENTED_EDGE('',*,*,#11692,.F.);
#8150=ORIENTED_EDGE('',*,*,#11560,.F.);
#8151=ORIENTED_EDGE('',*,*,#11693,.F.);
#8152=ORIENTED_EDGE('',*,*,#11559,.F.);
#8153=ORIENTED_EDGE('',*,*,#11694,.F.);
#8154=ORIENTED_EDGE('',*,*,#11558,.F.);
#8155=ORIENTED_EDGE('',*,*,#11695,.F.);
#8156=ORIENTED_EDGE('',*,*,#11557,.F.);
#8157=ORIENTED_EDGE('',*,*,#11696,.F.);
#8158=ORIENTED_EDGE('',*,*,#11556,.F.);
#8159=ORIENTED_EDGE('',*,*,#11720,.F.);
#8160=ORIENTED_EDGE('',*,*,#11555,.F.);
#8161=ORIENTED_EDGE('',*,*,#11697,.F.);
#8162=ORIENTED_EDGE('',*,*,#11554,.F.);
#8163=ORIENTED_EDGE('',*,*,#11698,.F.);
#8164=ORIENTED_EDGE('',*,*,#11553,.F.);
#8165=ORIENTED_EDGE('',*,*,#11699,.F.);
#8166=ORIENTED_EDGE('',*,*,#11552,.F.);
#8167=ORIENTED_EDGE('',*,*,#11700,.F.);
#8168=ORIENTED_EDGE('',*,*,#11551,.F.);
#8169=ORIENTED_EDGE('',*,*,#11683,.F.);
#8170=ORIENTED_EDGE('',*,*,#11550,.F.);
#8171=ORIENTED_EDGE('',*,*,#11682,.F.);
#8172=ORIENTED_EDGE('',*,*,#11549,.F.);
#8173=ORIENTED_EDGE('',*,*,#11681,.F.);
#8174=ORIENTED_EDGE('',*,*,#11548,.F.);
#8175=ORIENTED_EDGE('',*,*,#11680,.F.);
#8176=ORIENTED_EDGE('',*,*,#11547,.F.);
#8177=ORIENTED_EDGE('',*,*,#11679,.F.);
#8178=ORIENTED_EDGE('',*,*,#11546,.F.);
#8179=ORIENTED_EDGE('',*,*,#11678,.F.);
#8180=ORIENTED_EDGE('',*,*,#11545,.F.);
#8181=ORIENTED_EDGE('',*,*,#11677,.F.);
#8182=ORIENTED_EDGE('',*,*,#11544,.F.);
#8183=ORIENTED_EDGE('',*,*,#11676,.F.);
#8184=ORIENTED_EDGE('',*,*,#11543,.F.);
#8185=ORIENTED_EDGE('',*,*,#11675,.F.);
#8186=ORIENTED_EDGE('',*,*,#11542,.F.);
#8187=ORIENTED_EDGE('',*,*,#11674,.F.);
#8188=ORIENTED_EDGE('',*,*,#11541,.F.);
#8189=ORIENTED_EDGE('',*,*,#11673,.F.);
#8190=ORIENTED_EDGE('',*,*,#11540,.F.);
#8191=ORIENTED_EDGE('',*,*,#11701,.F.);
#8192=ORIENTED_EDGE('',*,*,#11539,.F.);
#8193=ORIENTED_EDGE('',*,*,#11672,.F.);
#8194=ORIENTED_EDGE('',*,*,#11538,.F.);
#8195=ORIENTED_EDGE('',*,*,#11671,.F.);
#8196=ORIENTED_EDGE('',*,*,#11537,.F.);
#8197=ORIENTED_EDGE('',*,*,#11670,.F.);
#8198=ORIENTED_EDGE('',*,*,#11536,.F.);
#8199=ORIENTED_EDGE('',*,*,#11669,.F.);
#8200=ORIENTED_EDGE('',*,*,#11535,.F.);
#8201=ORIENTED_EDGE('',*,*,#11617,.F.);
#8202=ORIENTED_EDGE('',*,*,#11534,.F.);
#8203=ORIENTED_EDGE('',*,*,#11618,.F.);
#8204=ORIENTED_EDGE('',*,*,#11533,.F.);
#8205=ORIENTED_EDGE('',*,*,#11619,.F.);
#8206=ORIENTED_EDGE('',*,*,#11532,.F.);
#8207=ORIENTED_EDGE('',*,*,#11620,.F.);
#8208=ORIENTED_EDGE('',*,*,#11531,.F.);
#8209=ORIENTED_EDGE('',*,*,#11621,.F.);
#8210=ORIENTED_EDGE('',*,*,#11530,.F.);
#8211=ORIENTED_EDGE('',*,*,#11622,.F.);
#8212=ORIENTED_EDGE('',*,*,#11529,.F.);
#8213=ORIENTED_EDGE('',*,*,#11623,.F.);
#8214=ORIENTED_EDGE('',*,*,#11528,.F.);
#8215=ORIENTED_EDGE('',*,*,#11624,.F.);
#8216=ORIENTED_EDGE('',*,*,#11527,.F.);
#8217=ORIENTED_EDGE('',*,*,#11625,.F.);
#8218=ORIENTED_EDGE('',*,*,#11526,.F.);
#8219=ORIENTED_EDGE('',*,*,#11626,.F.);
#8220=ORIENTED_EDGE('',*,*,#11525,.F.);
#8221=ORIENTED_EDGE('',*,*,#11627,.F.);
#8222=ORIENTED_EDGE('',*,*,#11524,.F.);
#8223=ORIENTED_EDGE('',*,*,#11628,.F.);
#8224=ORIENTED_EDGE('',*,*,#11523,.F.);
#8225=ORIENTED_EDGE('',*,*,#11629,.F.);
#8226=ORIENTED_EDGE('',*,*,#11522,.F.);
#8227=ORIENTED_EDGE('',*,*,#11630,.F.);
#8228=ORIENTED_EDGE('',*,*,#11521,.F.);
#8229=ORIENTED_EDGE('',*,*,#11631,.F.);
#8230=ORIENTED_EDGE('',*,*,#11520,.F.);
#8231=ORIENTED_EDGE('',*,*,#11721,.F.);
#8232=ORIENTED_EDGE('',*,*,#11519,.F.);
#8233=ORIENTED_EDGE('',*,*,#11722,.F.);
#8234=ORIENTED_EDGE('',*,*,#11518,.F.);
#8235=ORIENTED_EDGE('',*,*,#11723,.F.);
#8236=ORIENTED_EDGE('',*,*,#11517,.F.);
#8237=ORIENTED_EDGE('',*,*,#11724,.F.);
#8238=ORIENTED_EDGE('',*,*,#11516,.F.);
#8239=ORIENTED_EDGE('',*,*,#11725,.F.);
#8240=ORIENTED_EDGE('',*,*,#11515,.F.);
#8241=ORIENTED_EDGE('',*,*,#11726,.F.);
#8242=ORIENTED_EDGE('',*,*,#11514,.F.);
#8243=ORIENTED_EDGE('',*,*,#11727,.F.);
#8244=ORIENTED_EDGE('',*,*,#11513,.F.);
#8245=ORIENTED_EDGE('',*,*,#11728,.F.);
#8246=ORIENTED_EDGE('',*,*,#11512,.F.);
#8247=ORIENTED_EDGE('',*,*,#11729,.F.);
#8248=ORIENTED_EDGE('',*,*,#11511,.F.);
#8249=ORIENTED_EDGE('',*,*,#11730,.F.);
#8250=ORIENTED_EDGE('',*,*,#11510,.F.);
#8251=ORIENTED_EDGE('',*,*,#11731,.F.);
#8252=ORIENTED_EDGE('',*,*,#11509,.F.);
#8253=ORIENTED_EDGE('',*,*,#11632,.F.);
#8254=ORIENTED_EDGE('',*,*,#11508,.F.);
#8255=ORIENTED_EDGE('',*,*,#11732,.F.);
#8256=ORIENTED_EDGE('',*,*,#11507,.F.);
#8257=ORIENTED_EDGE('',*,*,#11733,.F.);
#8258=ORIENTED_EDGE('',*,*,#11506,.F.);
#8259=ORIENTED_EDGE('',*,*,#11734,.F.);
#8260=ORIENTED_EDGE('',*,*,#11505,.F.);
#8261=ORIENTED_EDGE('',*,*,#11735,.F.);
#8262=ORIENTED_EDGE('',*,*,#11504,.F.);
#8263=ORIENTED_EDGE('',*,*,#11736,.F.);
#8264=ORIENTED_EDGE('',*,*,#11503,.F.);
#8265=ORIENTED_EDGE('',*,*,#11737,.F.);
#8266=ORIENTED_EDGE('',*,*,#11502,.F.);
#8267=ORIENTED_EDGE('',*,*,#11738,.F.);
#8268=ORIENTED_EDGE('',*,*,#11501,.F.);
#8269=ORIENTED_EDGE('',*,*,#11739,.F.);
#8270=ORIENTED_EDGE('',*,*,#11500,.F.);
#8271=ORIENTED_EDGE('',*,*,#11740,.F.);
#8272=ORIENTED_EDGE('',*,*,#11499,.F.);
#8273=ORIENTED_EDGE('',*,*,#11741,.F.);
#8274=ORIENTED_EDGE('',*,*,#11498,.F.);
#8275=ORIENTED_EDGE('',*,*,#11742,.F.);
#8276=ORIENTED_EDGE('',*,*,#11497,.F.);
#8277=ORIENTED_EDGE('',*,*,#11743,.F.);
#8278=ORIENTED_EDGE('',*,*,#11496,.F.);
#8279=ORIENTED_EDGE('',*,*,#11744,.F.);
#8280=ORIENTED_EDGE('',*,*,#11495,.F.);
#8281=ORIENTED_EDGE('',*,*,#11745,.F.);
#8282=ORIENTED_EDGE('',*,*,#11494,.F.);
#8283=ORIENTED_EDGE('',*,*,#11746,.F.);
#8284=ORIENTED_EDGE('',*,*,#11493,.F.);
#8285=ORIENTED_EDGE('',*,*,#11702,.F.);
#8286=ORIENTED_EDGE('',*,*,#11492,.F.);
#8287=ORIENTED_EDGE('',*,*,#11747,.F.);
#8288=ORIENTED_EDGE('',*,*,#11491,.F.);
#8289=ORIENTED_EDGE('',*,*,#11748,.F.);
#8290=ORIENTED_EDGE('',*,*,#11490,.F.);
#8291=ORIENTED_EDGE('',*,*,#11749,.F.);
#8292=ORIENTED_EDGE('',*,*,#11489,.F.);
#8293=ORIENTED_EDGE('',*,*,#11750,.F.);
#8294=ORIENTED_EDGE('',*,*,#11488,.F.);
#8295=ORIENTED_EDGE('',*,*,#11633,.F.);
#8296=ORIENTED_EDGE('',*,*,#11487,.F.);
#8297=ORIENTED_EDGE('',*,*,#11634,.F.);
#8298=ORIENTED_EDGE('',*,*,#11486,.F.);
#8299=ORIENTED_EDGE('',*,*,#11635,.F.);
#8300=ORIENTED_EDGE('',*,*,#11485,.F.);
#8301=ORIENTED_EDGE('',*,*,#11636,.F.);
#8302=ORIENTED_EDGE('',*,*,#11484,.F.);
#8303=ORIENTED_EDGE('',*,*,#11637,.F.);
#8304=ORIENTED_EDGE('',*,*,#11483,.F.);
#8305=ORIENTED_EDGE('',*,*,#11638,.F.);
#8306=ORIENTED_EDGE('',*,*,#11482,.F.);
#8307=ORIENTED_EDGE('',*,*,#11639,.F.);
#8308=ORIENTED_EDGE('',*,*,#11481,.F.);
#8309=ORIENTED_EDGE('',*,*,#11640,.F.);
#8310=ORIENTED_EDGE('',*,*,#11480,.F.);
#8311=ORIENTED_EDGE('',*,*,#11641,.F.);
#8312=ORIENTED_EDGE('',*,*,#11479,.F.);
#8313=ORIENTED_EDGE('',*,*,#11642,.F.);
#8314=ORIENTED_EDGE('',*,*,#11478,.F.);
#8315=ORIENTED_EDGE('',*,*,#11643,.F.);
#8316=ORIENTED_EDGE('',*,*,#11477,.F.);
#8317=ORIENTED_EDGE('',*,*,#11751,.F.);
#8318=ORIENTED_EDGE('',*,*,#11476,.F.);
#8319=ORIENTED_EDGE('',*,*,#11644,.F.);
#8320=ORIENTED_EDGE('',*,*,#11475,.F.);
#8321=ORIENTED_EDGE('',*,*,#11645,.F.);
#8322=ORIENTED_EDGE('',*,*,#11474,.F.);
#8323=ORIENTED_EDGE('',*,*,#11646,.F.);
#8324=ORIENTED_EDGE('',*,*,#11473,.F.);
#8325=ORIENTED_EDGE('',*,*,#11647,.F.);
#8326=ORIENTED_EDGE('',*,*,#11472,.F.);
#8327=ORIENTED_EDGE('',*,*,#11668,.F.);
#8328=ORIENTED_EDGE('',*,*,#11471,.F.);
#8329=ORIENTED_EDGE('',*,*,#11667,.F.);
#8330=ORIENTED_EDGE('',*,*,#11470,.F.);
#8331=ORIENTED_EDGE('',*,*,#11666,.F.);
#8332=ORIENTED_EDGE('',*,*,#11469,.F.);
#8333=ORIENTED_EDGE('',*,*,#11665,.F.);
#8334=ORIENTED_EDGE('',*,*,#11468,.F.);
#8335=ORIENTED_EDGE('',*,*,#11664,.F.);
#8336=ORIENTED_EDGE('',*,*,#11467,.F.);
#8337=ORIENTED_EDGE('',*,*,#11663,.F.);
#8338=ORIENTED_EDGE('',*,*,#11466,.F.);
#8339=ORIENTED_EDGE('',*,*,#11662,.F.);
#8340=ORIENTED_EDGE('',*,*,#11465,.F.);
#8341=ORIENTED_EDGE('',*,*,#11661,.F.);
#8342=ORIENTED_EDGE('',*,*,#11464,.F.);
#8343=ORIENTED_EDGE('',*,*,#11660,.F.);
#8344=ORIENTED_EDGE('',*,*,#11463,.F.);
#8345=ORIENTED_EDGE('',*,*,#11659,.F.);
#8346=ORIENTED_EDGE('',*,*,#11462,.F.);
#8347=ORIENTED_EDGE('',*,*,#11658,.F.);
#8348=ORIENTED_EDGE('',*,*,#11461,.F.);
#8349=ORIENTED_EDGE('',*,*,#11657,.F.);
#8350=ORIENTED_EDGE('',*,*,#11460,.F.);
#8351=ORIENTED_EDGE('',*,*,#11656,.F.);
#8352=ORIENTED_EDGE('',*,*,#11459,.F.);
#8353=ORIENTED_EDGE('',*,*,#11655,.F.);
#8354=ORIENTED_EDGE('',*,*,#11458,.F.);
#8355=ORIENTED_EDGE('',*,*,#11654,.F.);
#8356=ORIENTED_EDGE('',*,*,#11457,.F.);
#8357=ORIENTED_EDGE('',*,*,#11653,.F.);
#8358=ORIENTED_EDGE('',*,*,#11456,.F.);
#8359=ORIENTED_EDGE('',*,*,#11703,.F.);
#8360=ORIENTED_EDGE('',*,*,#11455,.F.);
#8361=ORIENTED_EDGE('',*,*,#11704,.F.);
#8362=ORIENTED_EDGE('',*,*,#11454,.F.);
#8363=ORIENTED_EDGE('',*,*,#11705,.F.);
#8364=ORIENTED_EDGE('',*,*,#11453,.F.);
#8365=ORIENTED_EDGE('',*,*,#11706,.F.);
#8366=ORIENTED_EDGE('',*,*,#11452,.F.);
#8367=ORIENTED_EDGE('',*,*,#11707,.F.);
#8368=ORIENTED_EDGE('',*,*,#11451,.F.);
#8369=ORIENTED_EDGE('',*,*,#11708,.F.);
#8370=ORIENTED_EDGE('',*,*,#11450,.F.);
#8371=ORIENTED_EDGE('',*,*,#11709,.F.);
#8372=ORIENTED_EDGE('',*,*,#11449,.F.);
#8373=ORIENTED_EDGE('',*,*,#11710,.F.);
#8374=ORIENTED_EDGE('',*,*,#11448,.F.);
#8375=ORIENTED_EDGE('',*,*,#11711,.F.);
#8376=ORIENTED_EDGE('',*,*,#11447,.F.);
#8377=ORIENTED_EDGE('',*,*,#11712,.F.);
#8378=ORIENTED_EDGE('',*,*,#11446,.F.);
#8379=ORIENTED_EDGE('',*,*,#11713,.F.);
#8380=ORIENTED_EDGE('',*,*,#11445,.F.);
#8381=ORIENTED_EDGE('',*,*,#11652,.F.);
#8382=ORIENTED_EDGE('',*,*,#11444,.F.);
#8383=ORIENTED_EDGE('',*,*,#11714,.F.);
#8384=ORIENTED_EDGE('',*,*,#11443,.F.);
#8385=ORIENTED_EDGE('',*,*,#11715,.F.);
#8386=ORIENTED_EDGE('',*,*,#11442,.F.);
#8387=ORIENTED_EDGE('',*,*,#11716,.F.);
#8388=ORIENTED_EDGE('',*,*,#11441,.F.);
#8389=ORIENTED_EDGE('',*,*,#11717,.F.);
#8390=ORIENTED_EDGE('',*,*,#11440,.F.);
#8391=ORIENTED_EDGE('',*,*,#11765,.F.);
#8392=ORIENTED_EDGE('',*,*,#11600,.F.);
#8393=ORIENTED_EDGE('',*,*,#11766,.T.);
#8394=ORIENTED_EDGE('',*,*,#11754,.F.);
#8395=ORIENTED_EDGE('',*,*,#11767,.F.);
#8396=ORIENTED_EDGE('',*,*,#11768,.F.);
#8397=ORIENTED_EDGE('',*,*,#11381,.T.);
#8398=ORIENTED_EDGE('',*,*,#11648,.F.);
#8399=ORIENTED_EDGE('',*,*,#11417,.F.);
#8400=ORIENTED_EDGE('',*,*,#11769,.T.);
#8401=ORIENTED_EDGE('',*,*,#11413,.T.);
#8402=ORIENTED_EDGE('',*,*,#11752,.F.);
#8403=ORIENTED_EDGE('',*,*,#11423,.F.);
#8404=ORIENTED_EDGE('',*,*,#11770,.T.);
#8405=ORIENTED_EDGE('',*,*,#11419,.T.);
#8406=ORIENTED_EDGE('',*,*,#11719,.F.);
#8407=ORIENTED_EDGE('',*,*,#11429,.F.);
#8408=ORIENTED_EDGE('',*,*,#11771,.T.);
#8409=ORIENTED_EDGE('',*,*,#11425,.T.);
#8410=ORIENTED_EDGE('',*,*,#11718,.F.);
#8411=ORIENTED_EDGE('',*,*,#11435,.F.);
#8412=ORIENTED_EDGE('',*,*,#11772,.T.);
#8413=ORIENTED_EDGE('',*,*,#11431,.T.);
#8414=ORIENTED_EDGE('',*,*,#11685,.F.);
#8415=ORIENTED_EDGE('',*,*,#11773,.F.);
#8416=ORIENTED_EDGE('',*,*,#11774,.T.);
#8417=ORIENTED_EDGE('',*,*,#11775,.T.);
#8418=ORIENTED_EDGE('',*,*,#11651,.F.);
#8419=ORIENTED_EDGE('',*,*,#11601,.F.);
#8420=ORIENTED_EDGE('',*,*,#11765,.T.);
#8421=ORIENTED_EDGE('',*,*,#11650,.F.);
#8422=ORIENTED_EDGE('',*,*,#11612,.F.);
#8423=ORIENTED_EDGE('',*,*,#11599,.F.);
#8424=ORIENTED_EDGE('',*,*,#11615,.T.);
#8425=ORIENTED_EDGE('',*,*,#11755,.F.);
#8426=ORIENTED_EDGE('',*,*,#11766,.F.);
#8427=ORIENTED_EDGE('',*,*,#11776,.F.);
#8428=ORIENTED_EDGE('',*,*,#11607,.F.);
#8429=ORIENTED_EDGE('',*,*,#11777,.T.);
#8430=ORIENTED_EDGE('',*,*,#11756,.T.);
#8431=ORIENTED_EDGE('',*,*,#11573,.T.);
#8432=ORIENTED_EDGE('',*,*,#11778,.T.);
#8433=ORIENTED_EDGE('',*,*,#11575,.T.);
#8434=ORIENTED_EDGE('',*,*,#11757,.F.);
#8435=ORIENTED_EDGE('',*,*,#11587,.F.);
#8436=ORIENTED_EDGE('',*,*,#11583,.T.);
#8437=ORIENTED_EDGE('',*,*,#11390,.T.);
#8438=ORIENTED_EDGE('',*,*,#11576,.T.);
#8439=ORIENTED_EDGE('',*,*,#11779,.F.);
#8440=ORIENTED_EDGE('',*,*,#11591,.T.);
#8441=ORIENTED_EDGE('',*,*,#11780,.T.);
#8442=ORIENTED_EDGE('',*,*,#11436,.F.);
#8443=ORIENTED_EDGE('',*,*,#11596,.F.);
#8444=ORIENTED_EDGE('',*,*,#11590,.F.);
#8445=ORIENTED_EDGE('',*,*,#11758,.T.);
#8446=ORIENTED_EDGE('',*,*,#11437,.T.);
#8447=ORIENTED_EDGE('',*,*,#11780,.F.);
#8448=ORIENTED_EDGE('',*,*,#11608,.F.);
#8449=ORIENTED_EDGE('',*,*,#11776,.T.);
#8450=ORIENTED_EDGE('',*,*,#11572,.T.);
#8451=ORIENTED_EDGE('',*,*,#11778,.F.);
#8452=ORIENTED_EDGE('',*,*,#11760,.T.);
#8453=ORIENTED_EDGE('',*,*,#11781,.T.);
#8454=ORIENTED_EDGE('',*,*,#11577,.F.);
#8455=ORIENTED_EDGE('',*,*,#11388,.F.);
#8456=ORIENTED_EDGE('',*,*,#11585,.F.);
#8457=ORIENTED_EDGE('',*,*,#11584,.F.);
#8458=ORIENTED_EDGE('',*,*,#11779,.T.);
#8459=ORIENTED_EDGE('',*,*,#11578,.T.);
#8460=ORIENTED_EDGE('',*,*,#11781,.F.);
#8461=ORIENTED_EDGE('',*,*,#11649,.T.);
#8462=ORIENTED_EDGE('',*,*,#11775,.F.);
#8463=ORIENTED_EDGE('',*,*,#11782,.F.);
#8464=ORIENTED_EDGE('',*,*,#11393,.T.);
#8465=ORIENTED_EDGE('',*,*,#11603,.F.);
#8466=ORIENTED_EDGE('',*,*,#11611,.F.);
#8467=ORIENTED_EDGE('',*,*,#11684,.T.);
#8468=ORIENTED_EDGE('',*,*,#11395,.F.);
#8469=ORIENTED_EDGE('',*,*,#11783,.F.);
#8470=ORIENTED_EDGE('',*,*,#11773,.T.);
#8471=ORIENTED_EDGE('',*,*,#11782,.T.);
#8472=ORIENTED_EDGE('',*,*,#11774,.F.);
#8473=ORIENTED_EDGE('',*,*,#11783,.T.);
#8474=ORIENTED_EDGE('',*,*,#11394,.F.);
#8475=ORIENTED_EDGE('',*,*,#11613,.T.);
#8476=ORIENTED_EDGE('',*,*,#11597,.T.);
#8477=ORIENTED_EDGE('',*,*,#11385,.F.);
#8478=ORIENTED_EDGE('',*,*,#11784,.T.);
#8479=ORIENTED_EDGE('',*,*,#11767,.T.);
#8480=ORIENTED_EDGE('',*,*,#11753,.F.);
#8481=ORIENTED_EDGE('',*,*,#11382,.F.);
#8482=ORIENTED_EDGE('',*,*,#11768,.T.);
#8483=ORIENTED_EDGE('',*,*,#11784,.F.);
#8484=ORIENTED_EDGE('',*,*,#11384,.T.);
#8485=ORIENTED_EDGE('',*,*,#11416,.T.);
#8486=ORIENTED_EDGE('',*,*,#11410,.T.);
#8487=ORIENTED_EDGE('',*,*,#11414,.T.);
#8488=ORIENTED_EDGE('',*,*,#11769,.F.);
#8489=ORIENTED_EDGE('',*,*,#11422,.T.);
#8490=ORIENTED_EDGE('',*,*,#11406,.T.);
#8491=ORIENTED_EDGE('',*,*,#11420,.T.);
#8492=ORIENTED_EDGE('',*,*,#11770,.F.);
#8493=ORIENTED_EDGE('',*,*,#11428,.T.);
#8494=ORIENTED_EDGE('',*,*,#11402,.T.);
#8495=ORIENTED_EDGE('',*,*,#11426,.T.);
#8496=ORIENTED_EDGE('',*,*,#11771,.F.);
#8497=ORIENTED_EDGE('',*,*,#11434,.T.);
#8498=ORIENTED_EDGE('',*,*,#11398,.T.);
#8499=ORIENTED_EDGE('',*,*,#11432,.T.);
#8500=ORIENTED_EDGE('',*,*,#11772,.F.);
#8501=ORIENTED_EDGE('',*,*,#11589,.F.);
#8502=ORIENTED_EDGE('',*,*,#11777,.F.);
#8503=ORIENTED_EDGE('',*,*,#11606,.F.);
#8504=ORIENTED_EDGE('',*,*,#11759,.T.);
#8505=ORIENTED_EDGE('',*,*,#11785,.F.);
#8506=ORIENTED_EDGE('',*,*,#11786,.T.);
#8507=ORIENTED_EDGE('',*,*,#11787,.F.);
#8508=ORIENTED_EDGE('',*,*,#11788,.T.);
#8509=ORIENTED_EDGE('',*,*,#11789,.F.);
#8510=ORIENTED_EDGE('',*,*,#11790,.T.);
#8511=ORIENTED_EDGE('',*,*,#11791,.F.);
#8512=ORIENTED_EDGE('',*,*,#11792,.T.);
#8513=ORIENTED_EDGE('',*,*,#11793,.F.);
#8514=ORIENTED_EDGE('',*,*,#11794,.T.);
#8515=ORIENTED_EDGE('',*,*,#11795,.F.);
#8516=ORIENTED_EDGE('',*,*,#11796,.F.);
#8517=ORIENTED_EDGE('',*,*,#11797,.T.);
#8518=ORIENTED_EDGE('',*,*,#11798,.T.);
#8519=ORIENTED_EDGE('',*,*,#11799,.F.);
#8520=ORIENTED_EDGE('',*,*,#11800,.F.);
#8521=ORIENTED_EDGE('',*,*,#11801,.F.);
#8522=ORIENTED_EDGE('',*,*,#11802,.T.);
#8523=ORIENTED_EDGE('',*,*,#11803,.F.);
#8524=ORIENTED_EDGE('',*,*,#11804,.F.);
#8525=ORIENTED_EDGE('',*,*,#11805,.T.);
#8526=ORIENTED_EDGE('',*,*,#11806,.T.);
#8527=ORIENTED_EDGE('',*,*,#11807,.F.);
#8528=ORIENTED_EDGE('',*,*,#11808,.F.);
#8529=ORIENTED_EDGE('',*,*,#11809,.F.);
#8530=ORIENTED_EDGE('',*,*,#11810,.T.);
#8531=ORIENTED_EDGE('',*,*,#11811,.F.);
#8532=ORIENTED_EDGE('',*,*,#11788,.F.);
#8533=ORIENTED_EDGE('',*,*,#11812,.F.);
#8534=ORIENTED_EDGE('',*,*,#11813,.T.);
#8535=ORIENTED_EDGE('',*,*,#11814,.F.);
#8536=ORIENTED_EDGE('',*,*,#11792,.F.);
#8537=ORIENTED_EDGE('',*,*,#11815,.F.);
#8538=ORIENTED_EDGE('',*,*,#11816,.T.);
#8539=ORIENTED_EDGE('',*,*,#11817,.T.);
#8540=ORIENTED_EDGE('',*,*,#11818,.T.);
#8541=ORIENTED_EDGE('',*,*,#11793,.T.);
#8542=ORIENTED_EDGE('',*,*,#11819,.T.);
#8543=ORIENTED_EDGE('',*,*,#11785,.T.);
#8544=ORIENTED_EDGE('',*,*,#11811,.T.);
#8545=ORIENTED_EDGE('',*,*,#11820,.F.);
#8546=ORIENTED_EDGE('',*,*,#11821,.T.);
#8547=ORIENTED_EDGE('',*,*,#11822,.T.);
#8548=ORIENTED_EDGE('',*,*,#11823,.T.);
#8549=ORIENTED_EDGE('',*,*,#11801,.T.);
#8550=ORIENTED_EDGE('',*,*,#11824,.T.);
#8551=ORIENTED_EDGE('',*,*,#11789,.T.);
#8552=ORIENTED_EDGE('',*,*,#11814,.T.);
#8553=ORIENTED_EDGE('',*,*,#11825,.F.);
#8554=ORIENTED_EDGE('',*,*,#11799,.T.);
#8555=ORIENTED_EDGE('',*,*,#11826,.T.);
#8556=ORIENTED_EDGE('',*,*,#11803,.T.);
#8557=ORIENTED_EDGE('',*,*,#11827,.F.);
#8558=ORIENTED_EDGE('',*,*,#11828,.T.);
#8559=ORIENTED_EDGE('',*,*,#11829,.T.);
#8560=ORIENTED_EDGE('',*,*,#11830,.T.);
#8561=ORIENTED_EDGE('',*,*,#11812,.T.);
#8562=ORIENTED_EDGE('',*,*,#11791,.T.);
#8563=ORIENTED_EDGE('',*,*,#11831,.F.);
#8564=ORIENTED_EDGE('',*,*,#11807,.T.);
#8565=ORIENTED_EDGE('',*,*,#11832,.T.);
#8566=ORIENTED_EDGE('',*,*,#11795,.T.);
#8567=ORIENTED_EDGE('',*,*,#11833,.F.);
#8568=ORIENTED_EDGE('',*,*,#11834,.T.);
#8569=ORIENTED_EDGE('',*,*,#11835,.T.);
#8570=ORIENTED_EDGE('',*,*,#11836,.T.);
#8571=ORIENTED_EDGE('',*,*,#11809,.T.);
#8572=ORIENTED_EDGE('',*,*,#11787,.T.);
#8573=ORIENTED_EDGE('',*,*,#11826,.F.);
#8574=ORIENTED_EDGE('',*,*,#11798,.F.);
#8575=ORIENTED_EDGE('',*,*,#11837,.T.);
#8576=ORIENTED_EDGE('',*,*,#11804,.T.);
#8577=ORIENTED_EDGE('',*,*,#11832,.F.);
#8578=ORIENTED_EDGE('',*,*,#11806,.F.);
#8579=ORIENTED_EDGE('',*,*,#11838,.T.);
#8580=ORIENTED_EDGE('',*,*,#11796,.T.);
#8581=ORIENTED_EDGE('',*,*,#11797,.F.);
#8582=ORIENTED_EDGE('',*,*,#11838,.F.);
#8583=ORIENTED_EDGE('',*,*,#11805,.F.);
#8584=ORIENTED_EDGE('',*,*,#11837,.F.);
#8585=ORIENTED_EDGE('',*,*,#11839,.F.);
#8586=ORIENTED_EDGE('',*,*,#11829,.F.);
#8587=ORIENTED_EDGE('',*,*,#11840,.T.);
#8588=ORIENTED_EDGE('',*,*,#11821,.F.);
#8589=ORIENTED_EDGE('',*,*,#11841,.F.);
#8590=ORIENTED_EDGE('',*,*,#11817,.F.);
#8591=ORIENTED_EDGE('',*,*,#11842,.F.);
#8592=ORIENTED_EDGE('',*,*,#11834,.F.);
#8593=ORIENTED_EDGE('',*,*,#11843,.F.);
#8594=ORIENTED_EDGE('',*,*,#11835,.F.);
#8595=ORIENTED_EDGE('',*,*,#11842,.T.);
#8596=ORIENTED_EDGE('',*,*,#11816,.F.);
#8597=ORIENTED_EDGE('',*,*,#11844,.F.);
#8598=ORIENTED_EDGE('',*,*,#11822,.F.);
#8599=ORIENTED_EDGE('',*,*,#11840,.F.);
#8600=ORIENTED_EDGE('',*,*,#11828,.F.);
#8601=ORIENTED_EDGE('',*,*,#11815,.T.);
#8602=ORIENTED_EDGE('',*,*,#11810,.F.);
#8603=ORIENTED_EDGE('',*,*,#11836,.F.);
#8604=ORIENTED_EDGE('',*,*,#11843,.T.);
#8605=ORIENTED_EDGE('',*,*,#11820,.T.);
#8606=ORIENTED_EDGE('',*,*,#11813,.F.);
#8607=ORIENTED_EDGE('',*,*,#11830,.F.);
#8608=ORIENTED_EDGE('',*,*,#11839,.T.);
#8609=ORIENTED_EDGE('',*,*,#11827,.T.);
#8610=ORIENTED_EDGE('',*,*,#11802,.F.);
#8611=ORIENTED_EDGE('',*,*,#11823,.F.);
#8612=ORIENTED_EDGE('',*,*,#11844,.T.);
#8613=ORIENTED_EDGE('',*,*,#11831,.T.);
#8614=ORIENTED_EDGE('',*,*,#11790,.F.);
#8615=ORIENTED_EDGE('',*,*,#11824,.F.);
#8616=ORIENTED_EDGE('',*,*,#11808,.T.);
#8617=ORIENTED_EDGE('',*,*,#11825,.T.);
#8618=ORIENTED_EDGE('',*,*,#11786,.F.);
#8619=ORIENTED_EDGE('',*,*,#11819,.F.);
#8620=ORIENTED_EDGE('',*,*,#11800,.T.);
#8621=ORIENTED_EDGE('',*,*,#11833,.T.);
#8622=ORIENTED_EDGE('',*,*,#11794,.F.);
#8623=ORIENTED_EDGE('',*,*,#11818,.F.);
#8624=ORIENTED_EDGE('',*,*,#11841,.T.);
#8625=VERTEX_POINT('',#19872);
#8626=VERTEX_POINT('',#19873);
#8627=VERTEX_POINT('',#19875);
#8628=VERTEX_POINT('',#19877);
#8629=VERTEX_POINT('',#19881);
#8630=VERTEX_POINT('',#19882);
#8631=VERTEX_POINT('',#19884);
#8632=VERTEX_POINT('',#19886);
#8633=VERTEX_POINT('',#19890);
#8634=VERTEX_POINT('',#19892);
#8635=VERTEX_POINT('',#19896);
#8636=VERTEX_POINT('',#19897);
#8637=VERTEX_POINT('',#19902);
#8638=VERTEX_POINT('',#19904);
#8639=VERTEX_POINT('',#19908);
#8640=VERTEX_POINT('',#19909);
#8641=VERTEX_POINT('',#19911);
#8642=VERTEX_POINT('',#19913);
#8643=VERTEX_POINT('',#19917);
#8644=VERTEX_POINT('',#19918);
#8645=VERTEX_POINT('',#19920);
#8646=VERTEX_POINT('',#19922);
#8647=VERTEX_POINT('',#19929);
#8648=VERTEX_POINT('',#19930);
#8649=VERTEX_POINT('',#19932);
#8650=VERTEX_POINT('',#19934);
#8651=VERTEX_POINT('',#19938);
#8652=VERTEX_POINT('',#19939);
#8653=VERTEX_POINT('',#19941);
#8654=VERTEX_POINT('',#19943);
#8655=VERTEX_POINT('',#19950);
#8656=VERTEX_POINT('',#19951);
#8657=VERTEX_POINT('',#19953);
#8658=VERTEX_POINT('',#19955);
#8659=VERTEX_POINT('',#19959);
#8660=VERTEX_POINT('',#19960);
#8661=VERTEX_POINT('',#19962);
#8662=VERTEX_POINT('',#19964);
#8663=VERTEX_POINT('',#19971);
#8664=VERTEX_POINT('',#19972);
#8665=VERTEX_POINT('',#19974);
#8666=VERTEX_POINT('',#19976);
#8667=VERTEX_POINT('',#19980);
#8668=VERTEX_POINT('',#19981);
#8669=VERTEX_POINT('',#19983);
#8670=VERTEX_POINT('',#19985);
#8671=VERTEX_POINT('',#19992);
#8672=VERTEX_POINT('',#19993);
#8673=VERTEX_POINT('',#19995);
#8674=VERTEX_POINT('',#19997);
#8675=VERTEX_POINT('',#20001);
#8676=VERTEX_POINT('',#20002);
#8677=VERTEX_POINT('',#20004);
#8678=VERTEX_POINT('',#20006);
#8679=VERTEX_POINT('',#20013);
#8680=VERTEX_POINT('',#20014);
#8681=VERTEX_POINT('',#20016);
#8682=VERTEX_POINT('',#20018);
#8683=VERTEX_POINT('',#20022);
#8684=VERTEX_POINT('',#20023);
#8685=VERTEX_POINT('',#20025);
#8686=VERTEX_POINT('',#20027);
#8687=VERTEX_POINT('',#20034);
#8688=VERTEX_POINT('',#20035);
#8689=VERTEX_POINT('',#20037);
#8690=VERTEX_POINT('',#20039);
#8691=VERTEX_POINT('',#20043);
#8692=VERTEX_POINT('',#20044);
#8693=VERTEX_POINT('',#20046);
#8694=VERTEX_POINT('',#20048);
#8695=VERTEX_POINT('',#20055);
#8696=VERTEX_POINT('',#20056);
#8697=VERTEX_POINT('',#20058);
#8698=VERTEX_POINT('',#20060);
#8699=VERTEX_POINT('',#20064);
#8700=VERTEX_POINT('',#20065);
#8701=VERTEX_POINT('',#20067);
#8702=VERTEX_POINT('',#20069);
#8703=VERTEX_POINT('',#20076);
#8704=VERTEX_POINT('',#20077);
#8705=VERTEX_POINT('',#20079);
#8706=VERTEX_POINT('',#20081);
#8707=VERTEX_POINT('',#20085);
#8708=VERTEX_POINT('',#20086);
#8709=VERTEX_POINT('',#20088);
#8710=VERTEX_POINT('',#20090);
#8711=VERTEX_POINT('',#20097);
#8712=VERTEX_POINT('',#20098);
#8713=VERTEX_POINT('',#20100);
#8714=VERTEX_POINT('',#20102);
#8715=VERTEX_POINT('',#20106);
#8716=VERTEX_POINT('',#20107);
#8717=VERTEX_POINT('',#20109);
#8718=VERTEX_POINT('',#20111);
#8719=VERTEX_POINT('',#20118);
#8720=VERTEX_POINT('',#20119);
#8721=VERTEX_POINT('',#20121);
#8722=VERTEX_POINT('',#20123);
#8723=VERTEX_POINT('',#20127);
#8724=VERTEX_POINT('',#20128);
#8725=VERTEX_POINT('',#20130);
#8726=VERTEX_POINT('',#20132);
#8727=VERTEX_POINT('',#20139);
#8728=VERTEX_POINT('',#20140);
#8729=VERTEX_POINT('',#20142);
#8730=VERTEX_POINT('',#20144);
#8731=VERTEX_POINT('',#20148);
#8732=VERTEX_POINT('',#20149);
#8733=VERTEX_POINT('',#20151);
#8734=VERTEX_POINT('',#20153);
#8735=VERTEX_POINT('',#20160);
#8736=VERTEX_POINT('',#20161);
#8737=VERTEX_POINT('',#20163);
#8738=VERTEX_POINT('',#20165);
#8739=VERTEX_POINT('',#20169);
#8740=VERTEX_POINT('',#20170);
#8741=VERTEX_POINT('',#20172);
#8742=VERTEX_POINT('',#20174);
#8743=VERTEX_POINT('',#20181);
#8744=VERTEX_POINT('',#20182);
#8745=VERTEX_POINT('',#20184);
#8746=VERTEX_POINT('',#20186);
#8747=VERTEX_POINT('',#20190);
#8748=VERTEX_POINT('',#20191);
#8749=VERTEX_POINT('',#20193);
#8750=VERTEX_POINT('',#20195);
#8751=VERTEX_POINT('',#20202);
#8752=VERTEX_POINT('',#20203);
#8753=VERTEX_POINT('',#20205);
#8754=VERTEX_POINT('',#20207);
#8755=VERTEX_POINT('',#20211);
#8756=VERTEX_POINT('',#20212);
#8757=VERTEX_POINT('',#20214);
#8758=VERTEX_POINT('',#20216);
#8759=VERTEX_POINT('',#20223);
#8760=VERTEX_POINT('',#20224);
#8761=VERTEX_POINT('',#20226);
#8762=VERTEX_POINT('',#20228);
#8763=VERTEX_POINT('',#20232);
#8764=VERTEX_POINT('',#20233);
#8765=VERTEX_POINT('',#20235);
#8766=VERTEX_POINT('',#20237);
#8767=VERTEX_POINT('',#20244);
#8768=VERTEX_POINT('',#20245);
#8769=VERTEX_POINT('',#20247);
#8770=VERTEX_POINT('',#20249);
#8771=VERTEX_POINT('',#20253);
#8772=VERTEX_POINT('',#20254);
#8773=VERTEX_POINT('',#20256);
#8774=VERTEX_POINT('',#20258);
#8775=VERTEX_POINT('',#20265);
#8776=VERTEX_POINT('',#20266);
#8777=VERTEX_POINT('',#20268);
#8778=VERTEX_POINT('',#20270);
#8779=VERTEX_POINT('',#20274);
#8780=VERTEX_POINT('',#20275);
#8781=VERTEX_POINT('',#20277);
#8782=VERTEX_POINT('',#20279);
#8783=VERTEX_POINT('',#20286);
#8784=VERTEX_POINT('',#20287);
#8785=VERTEX_POINT('',#20289);
#8786=VERTEX_POINT('',#20291);
#8787=VERTEX_POINT('',#20295);
#8788=VERTEX_POINT('',#20296);
#8789=VERTEX_POINT('',#20298);
#8790=VERTEX_POINT('',#20300);
#8791=VERTEX_POINT('',#20307);
#8792=VERTEX_POINT('',#20308);
#8793=VERTEX_POINT('',#20310);
#8794=VERTEX_POINT('',#20312);
#8795=VERTEX_POINT('',#20316);
#8796=VERTEX_POINT('',#20317);
#8797=VERTEX_POINT('',#20319);
#8798=VERTEX_POINT('',#20321);
#8799=VERTEX_POINT('',#20328);
#8800=VERTEX_POINT('',#20329);
#8801=VERTEX_POINT('',#20331);
#8802=VERTEX_POINT('',#20333);
#8803=VERTEX_POINT('',#20337);
#8804=VERTEX_POINT('',#20338);
#8805=VERTEX_POINT('',#20340);
#8806=VERTEX_POINT('',#20342);
#8807=VERTEX_POINT('',#20349);
#8808=VERTEX_POINT('',#20350);
#8809=VERTEX_POINT('',#20352);
#8810=VERTEX_POINT('',#20354);
#8811=VERTEX_POINT('',#20358);
#8812=VERTEX_POINT('',#20359);
#8813=VERTEX_POINT('',#20361);
#8814=VERTEX_POINT('',#20363);
#8815=VERTEX_POINT('',#20370);
#8816=VERTEX_POINT('',#20371);
#8817=VERTEX_POINT('',#20373);
#8818=VERTEX_POINT('',#20375);
#8819=VERTEX_POINT('',#20379);
#8820=VERTEX_POINT('',#20380);
#8821=VERTEX_POINT('',#20382);
#8822=VERTEX_POINT('',#20384);
#8823=VERTEX_POINT('',#20391);
#8824=VERTEX_POINT('',#20392);
#8825=VERTEX_POINT('',#20394);
#8826=VERTEX_POINT('',#20396);
#8827=VERTEX_POINT('',#20400);
#8828=VERTEX_POINT('',#20401);
#8829=VERTEX_POINT('',#20403);
#8830=VERTEX_POINT('',#20405);
#8831=VERTEX_POINT('',#20412);
#8832=VERTEX_POINT('',#20413);
#8833=VERTEX_POINT('',#20415);
#8834=VERTEX_POINT('',#20417);
#8835=VERTEX_POINT('',#20421);
#8836=VERTEX_POINT('',#20422);
#8837=VERTEX_POINT('',#20424);
#8838=VERTEX_POINT('',#20426);
#8839=VERTEX_POINT('',#20433);
#8840=VERTEX_POINT('',#20434);
#8841=VERTEX_POINT('',#20436);
#8842=VERTEX_POINT('',#20438);
#8843=VERTEX_POINT('',#20442);
#8844=VERTEX_POINT('',#20443);
#8845=VERTEX_POINT('',#20445);
#8846=VERTEX_POINT('',#20447);
#8847=VERTEX_POINT('',#20454);
#8848=VERTEX_POINT('',#20455);
#8849=VERTEX_POINT('',#20457);
#8850=VERTEX_POINT('',#20459);
#8851=VERTEX_POINT('',#20463);
#8852=VERTEX_POINT('',#20464);
#8853=VERTEX_POINT('',#20466);
#8854=VERTEX_POINT('',#20468);
#8855=VERTEX_POINT('',#20475);
#8856=VERTEX_POINT('',#20476);
#8857=VERTEX_POINT('',#20478);
#8858=VERTEX_POINT('',#20480);
#8859=VERTEX_POINT('',#20484);
#8860=VERTEX_POINT('',#20485);
#8861=VERTEX_POINT('',#20487);
#8862=VERTEX_POINT('',#20489);
#8863=VERTEX_POINT('',#20496);
#8864=VERTEX_POINT('',#20497);
#8865=VERTEX_POINT('',#20499);
#8866=VERTEX_POINT('',#20501);
#8867=VERTEX_POINT('',#20505);
#8868=VERTEX_POINT('',#20506);
#8869=VERTEX_POINT('',#20508);
#8870=VERTEX_POINT('',#20510);
#8871=VERTEX_POINT('',#20517);
#8872=VERTEX_POINT('',#20518);
#8873=VERTEX_POINT('',#20520);
#8874=VERTEX_POINT('',#20522);
#8875=VERTEX_POINT('',#20526);
#8876=VERTEX_POINT('',#20527);
#8877=VERTEX_POINT('',#20529);
#8878=VERTEX_POINT('',#20531);
#8879=VERTEX_POINT('',#20538);
#8880=VERTEX_POINT('',#20539);
#8881=VERTEX_POINT('',#20541);
#8882=VERTEX_POINT('',#20543);
#8883=VERTEX_POINT('',#20547);
#8884=VERTEX_POINT('',#20548);
#8885=VERTEX_POINT('',#20550);
#8886=VERTEX_POINT('',#20552);
#8887=VERTEX_POINT('',#20559);
#8888=VERTEX_POINT('',#20560);
#8889=VERTEX_POINT('',#20562);
#8890=VERTEX_POINT('',#20564);
#8891=VERTEX_POINT('',#20568);
#8892=VERTEX_POINT('',#20569);
#8893=VERTEX_POINT('',#20571);
#8894=VERTEX_POINT('',#20573);
#8895=VERTEX_POINT('',#20580);
#8896=VERTEX_POINT('',#20581);
#8897=VERTEX_POINT('',#20583);
#8898=VERTEX_POINT('',#20585);
#8899=VERTEX_POINT('',#20589);
#8900=VERTEX_POINT('',#20590);
#8901=VERTEX_POINT('',#20592);
#8902=VERTEX_POINT('',#20594);
#8903=VERTEX_POINT('',#20598);
#8904=VERTEX_POINT('',#20599);
#8905=VERTEX_POINT('',#20601);
#8906=VERTEX_POINT('',#20603);
#8907=VERTEX_POINT('',#20607);
#8908=VERTEX_POINT('',#20608);
#8909=VERTEX_POINT('',#20613);
#8910=VERTEX_POINT('',#20615);
#8911=VERTEX_POINT('',#20622);
#8912=VERTEX_POINT('',#20623);
#8913=VERTEX_POINT('',#20625);
#8914=VERTEX_POINT('',#20627);
#8915=VERTEX_POINT('',#20631);
#8916=VERTEX_POINT('',#20632);
#8917=VERTEX_POINT('',#20634);
#8918=VERTEX_POINT('',#20636);
#8919=VERTEX_POINT('',#20643);
#8920=VERTEX_POINT('',#20644);
#8921=VERTEX_POINT('',#20646);
#8922=VERTEX_POINT('',#20648);
#8923=VERTEX_POINT('',#20652);
#8924=VERTEX_POINT('',#20653);
#8925=VERTEX_POINT('',#20655);
#8926=VERTEX_POINT('',#20657);
#8927=VERTEX_POINT('',#20664);
#8928=VERTEX_POINT('',#20665);
#8929=VERTEX_POINT('',#20667);
#8930=VERTEX_POINT('',#20669);
#8931=VERTEX_POINT('',#20673);
#8932=VERTEX_POINT('',#20674);
#8933=VERTEX_POINT('',#20676);
#8934=VERTEX_POINT('',#20678);
#8935=VERTEX_POINT('',#20685);
#8936=VERTEX_POINT('',#20686);
#8937=VERTEX_POINT('',#20688);
#8938=VERTEX_POINT('',#20690);
#8939=VERTEX_POINT('',#20694);
#8940=VERTEX_POINT('',#20695);
#8941=VERTEX_POINT('',#20697);
#8942=VERTEX_POINT('',#20699);
#8943=VERTEX_POINT('',#20706);
#8944=VERTEX_POINT('',#20707);
#8945=VERTEX_POINT('',#20709);
#8946=VERTEX_POINT('',#20711);
#8947=VERTEX_POINT('',#20715);
#8948=VERTEX_POINT('',#20716);
#8949=VERTEX_POINT('',#20718);
#8950=VERTEX_POINT('',#20720);
#8951=VERTEX_POINT('',#20727);
#8952=VERTEX_POINT('',#20728);
#8953=VERTEX_POINT('',#20730);
#8954=VERTEX_POINT('',#20732);
#8955=VERTEX_POINT('',#20736);
#8956=VERTEX_POINT('',#20737);
#8957=VERTEX_POINT('',#20739);
#8958=VERTEX_POINT('',#20741);
#8959=VERTEX_POINT('',#20748);
#8960=VERTEX_POINT('',#20749);
#8961=VERTEX_POINT('',#20751);
#8962=VERTEX_POINT('',#20753);
#8963=VERTEX_POINT('',#20757);
#8964=VERTEX_POINT('',#20758);
#8965=VERTEX_POINT('',#20760);
#8966=VERTEX_POINT('',#20762);
#8967=VERTEX_POINT('',#20769);
#8968=VERTEX_POINT('',#20770);
#8969=VERTEX_POINT('',#20772);
#8970=VERTEX_POINT('',#20774);
#8971=VERTEX_POINT('',#20778);
#8972=VERTEX_POINT('',#20779);
#8973=VERTEX_POINT('',#20781);
#8974=VERTEX_POINT('',#20783);
#8975=VERTEX_POINT('',#20790);
#8976=VERTEX_POINT('',#20791);
#8977=VERTEX_POINT('',#20793);
#8978=VERTEX_POINT('',#20795);
#8979=VERTEX_POINT('',#20799);
#8980=VERTEX_POINT('',#20800);
#8981=VERTEX_POINT('',#20802);
#8982=VERTEX_POINT('',#20804);
#8983=VERTEX_POINT('',#20811);
#8984=VERTEX_POINT('',#20812);
#8985=VERTEX_POINT('',#20814);
#8986=VERTEX_POINT('',#20816);
#8987=VERTEX_POINT('',#20820);
#8988=VERTEX_POINT('',#20821);
#8989=VERTEX_POINT('',#20823);
#8990=VERTEX_POINT('',#20825);
#8991=VERTEX_POINT('',#20832);
#8992=VERTEX_POINT('',#20833);
#8993=VERTEX_POINT('',#20835);
#8994=VERTEX_POINT('',#20837);
#8995=VERTEX_POINT('',#20841);
#8996=VERTEX_POINT('',#20842);
#8997=VERTEX_POINT('',#20844);
#8998=VERTEX_POINT('',#20846);
#8999=VERTEX_POINT('',#20853);
#9000=VERTEX_POINT('',#20854);
#9001=VERTEX_POINT('',#20856);
#9002=VERTEX_POINT('',#20858);
#9003=VERTEX_POINT('',#20862);
#9004=VERTEX_POINT('',#20863);
#9005=VERTEX_POINT('',#20865);
#9006=VERTEX_POINT('',#20867);
#9007=VERTEX_POINT('',#20874);
#9008=VERTEX_POINT('',#20875);
#9009=VERTEX_POINT('',#20877);
#9010=VERTEX_POINT('',#20879);
#9011=VERTEX_POINT('',#20883);
#9012=VERTEX_POINT('',#20884);
#9013=VERTEX_POINT('',#20886);
#9014=VERTEX_POINT('',#20888);
#9015=VERTEX_POINT('',#20895);
#9016=VERTEX_POINT('',#20896);
#9017=VERTEX_POINT('',#20898);
#9018=VERTEX_POINT('',#20900);
#9019=VERTEX_POINT('',#20904);
#9020=VERTEX_POINT('',#20905);
#9021=VERTEX_POINT('',#20907);
#9022=VERTEX_POINT('',#20909);
#9023=VERTEX_POINT('',#20916);
#9024=VERTEX_POINT('',#20917);
#9025=VERTEX_POINT('',#20919);
#9026=VERTEX_POINT('',#20921);
#9027=VERTEX_POINT('',#20925);
#9028=VERTEX_POINT('',#20926);
#9029=VERTEX_POINT('',#20928);
#9030=VERTEX_POINT('',#20930);
#9031=VERTEX_POINT('',#20937);
#9032=VERTEX_POINT('',#20938);
#9033=VERTEX_POINT('',#20940);
#9034=VERTEX_POINT('',#20942);
#9035=VERTEX_POINT('',#20946);
#9036=VERTEX_POINT('',#20947);
#9037=VERTEX_POINT('',#20949);
#9038=VERTEX_POINT('',#20951);
#9039=VERTEX_POINT('',#20958);
#9040=VERTEX_POINT('',#20959);
#9041=VERTEX_POINT('',#20961);
#9042=VERTEX_POINT('',#20963);
#9043=VERTEX_POINT('',#20967);
#9044=VERTEX_POINT('',#20968);
#9045=VERTEX_POINT('',#20970);
#9046=VERTEX_POINT('',#20972);
#9047=VERTEX_POINT('',#20979);
#9048=VERTEX_POINT('',#20980);
#9049=VERTEX_POINT('',#20982);
#9050=VERTEX_POINT('',#20984);
#9051=VERTEX_POINT('',#20988);
#9052=VERTEX_POINT('',#20989);
#9053=VERTEX_POINT('',#20991);
#9054=VERTEX_POINT('',#20993);
#9055=VERTEX_POINT('',#21000);
#9056=VERTEX_POINT('',#21001);
#9057=VERTEX_POINT('',#21003);
#9058=VERTEX_POINT('',#21005);
#9059=VERTEX_POINT('',#21009);
#9060=VERTEX_POINT('',#21010);
#9061=VERTEX_POINT('',#21012);
#9062=VERTEX_POINT('',#21014);
#9063=VERTEX_POINT('',#21021);
#9064=VERTEX_POINT('',#21022);
#9065=VERTEX_POINT('',#21024);
#9066=VERTEX_POINT('',#21026);
#9067=VERTEX_POINT('',#21030);
#9068=VERTEX_POINT('',#21031);
#9069=VERTEX_POINT('',#21033);
#9070=VERTEX_POINT('',#21035);
#9071=VERTEX_POINT('',#21042);
#9072=VERTEX_POINT('',#21043);
#9073=VERTEX_POINT('',#21045);
#9074=VERTEX_POINT('',#21047);
#9075=VERTEX_POINT('',#21051);
#9076=VERTEX_POINT('',#21052);
#9077=VERTEX_POINT('',#21054);
#9078=VERTEX_POINT('',#21056);
#9079=VERTEX_POINT('',#21063);
#9080=VERTEX_POINT('',#21064);
#9081=VERTEX_POINT('',#21066);
#9082=VERTEX_POINT('',#21068);
#9083=VERTEX_POINT('',#21072);
#9084=VERTEX_POINT('',#21073);
#9085=VERTEX_POINT('',#21075);
#9086=VERTEX_POINT('',#21077);
#9087=VERTEX_POINT('',#21084);
#9088=VERTEX_POINT('',#21085);
#9089=VERTEX_POINT('',#21087);
#9090=VERTEX_POINT('',#21089);
#9091=VERTEX_POINT('',#21093);
#9092=VERTEX_POINT('',#21094);
#9093=VERTEX_POINT('',#21096);
#9094=VERTEX_POINT('',#21098);
#9095=VERTEX_POINT('',#21105);
#9096=VERTEX_POINT('',#21106);
#9097=VERTEX_POINT('',#21108);
#9098=VERTEX_POINT('',#21110);
#9099=VERTEX_POINT('',#21114);
#9100=VERTEX_POINT('',#21115);
#9101=VERTEX_POINT('',#21117);
#9102=VERTEX_POINT('',#21119);
#9103=VERTEX_POINT('',#21126);
#9104=VERTEX_POINT('',#21127);
#9105=VERTEX_POINT('',#21129);
#9106=VERTEX_POINT('',#21131);
#9107=VERTEX_POINT('',#21135);
#9108=VERTEX_POINT('',#21136);
#9109=VERTEX_POINT('',#21138);
#9110=VERTEX_POINT('',#21140);
#9111=VERTEX_POINT('',#21147);
#9112=VERTEX_POINT('',#21148);
#9113=VERTEX_POINT('',#21150);
#9114=VERTEX_POINT('',#21152);
#9115=VERTEX_POINT('',#21156);
#9116=VERTEX_POINT('',#21157);
#9117=VERTEX_POINT('',#21159);
#9118=VERTEX_POINT('',#21161);
#9119=VERTEX_POINT('',#21168);
#9120=VERTEX_POINT('',#21169);
#9121=VERTEX_POINT('',#21171);
#9122=VERTEX_POINT('',#21173);
#9123=VERTEX_POINT('',#21177);
#9124=VERTEX_POINT('',#21178);
#9125=VERTEX_POINT('',#21180);
#9126=VERTEX_POINT('',#21182);
#9127=VERTEX_POINT('',#21189);
#9128=VERTEX_POINT('',#21190);
#9129=VERTEX_POINT('',#21192);
#9130=VERTEX_POINT('',#21194);
#9131=VERTEX_POINT('',#21198);
#9132=VERTEX_POINT('',#21199);
#9133=VERTEX_POINT('',#21201);
#9134=VERTEX_POINT('',#21203);
#9135=VERTEX_POINT('',#21210);
#9136=VERTEX_POINT('',#21211);
#9137=VERTEX_POINT('',#21213);
#9138=VERTEX_POINT('',#21215);
#9139=VERTEX_POINT('',#21219);
#9140=VERTEX_POINT('',#21220);
#9141=VERTEX_POINT('',#21222);
#9142=VERTEX_POINT('',#21224);
#9143=VERTEX_POINT('',#21231);
#9144=VERTEX_POINT('',#21232);
#9145=VERTEX_POINT('',#21234);
#9146=VERTEX_POINT('',#21236);
#9147=VERTEX_POINT('',#21240);
#9148=VERTEX_POINT('',#21241);
#9149=VERTEX_POINT('',#21243);
#9150=VERTEX_POINT('',#21245);
#9151=VERTEX_POINT('',#21252);
#9152=VERTEX_POINT('',#21253);
#9153=VERTEX_POINT('',#21255);
#9154=VERTEX_POINT('',#21257);
#9155=VERTEX_POINT('',#21261);
#9156=VERTEX_POINT('',#21262);
#9157=VERTEX_POINT('',#21264);
#9158=VERTEX_POINT('',#21266);
#9159=VERTEX_POINT('',#21273);
#9160=VERTEX_POINT('',#21274);
#9161=VERTEX_POINT('',#21276);
#9162=VERTEX_POINT('',#21278);
#9163=VERTEX_POINT('',#21282);
#9164=VERTEX_POINT('',#21283);
#9165=VERTEX_POINT('',#21285);
#9166=VERTEX_POINT('',#21287);
#9167=VERTEX_POINT('',#21294);
#9168=VERTEX_POINT('',#21295);
#9169=VERTEX_POINT('',#21297);
#9170=VERTEX_POINT('',#21299);
#9171=VERTEX_POINT('',#21303);
#9172=VERTEX_POINT('',#21304);
#9173=VERTEX_POINT('',#21306);
#9174=VERTEX_POINT('',#21308);
#9175=VERTEX_POINT('',#21315);
#9176=VERTEX_POINT('',#21316);
#9177=VERTEX_POINT('',#21318);
#9178=VERTEX_POINT('',#21320);
#9179=VERTEX_POINT('',#21324);
#9180=VERTEX_POINT('',#21325);
#9181=VERTEX_POINT('',#21327);
#9182=VERTEX_POINT('',#21329);
#9183=VERTEX_POINT('',#21333);
#9184=VERTEX_POINT('',#21334);
#9185=VERTEX_POINT('',#21336);
#9186=VERTEX_POINT('',#21338);
#9187=VERTEX_POINT('',#21345);
#9188=VERTEX_POINT('',#21346);
#9189=VERTEX_POINT('',#21348);
#9190=VERTEX_POINT('',#21350);
#9191=VERTEX_POINT('',#21356);
#9192=VERTEX_POINT('',#21358);
#9193=VERTEX_POINT('',#21497);
#9194=VERTEX_POINT('',#21498);
#9195=VERTEX_POINT('',#21500);
#9196=VERTEX_POINT('',#21502);
#9197=VERTEX_POINT('',#21504);
#9198=VERTEX_POINT('',#21506);
#9199=VERTEX_POINT('',#21508);
#9200=VERTEX_POINT('',#21510);
#9201=VERTEX_POINT('',#21512);
#9202=VERTEX_POINT('',#21514);
#9203=VERTEX_POINT('',#21516);
#9204=VERTEX_POINT('',#21518);
#9205=VERTEX_POINT('',#21523);
#9206=VERTEX_POINT('',#21524);
#9207=VERTEX_POINT('',#21526);
#9208=VERTEX_POINT('',#21528);
#9209=VERTEX_POINT('',#21532);
#9210=VERTEX_POINT('',#21533);
#9211=VERTEX_POINT('',#21535);
#9212=VERTEX_POINT('',#21537);
#9213=VERTEX_POINT('',#21541);
#9214=VERTEX_POINT('',#21543);
#9215=VERTEX_POINT('',#21547);
#9216=VERTEX_POINT('',#21549);
#9217=VERTEX_POINT('',#21551);
#9218=VERTEX_POINT('',#21553);
#9219=VERTEX_POINT('',#21557);
#9220=VERTEX_POINT('',#21559);
#9221=VERTEX_POINT('',#21563);
#9222=VERTEX_POINT('',#21564);
#9223=VERTEX_POINT('',#21566);
#9224=VERTEX_POINT('',#21568);
#9225=VERTEX_POINT('',#21571);
#9226=VERTEX_POINT('',#21572);
#9227=VERTEX_POINT('',#21574);
#9228=VERTEX_POINT('',#21576);
#9229=VERTEX_POINT('',#21579);
#9230=VERTEX_POINT('',#21580);
#9231=VERTEX_POINT('',#21582);
#9232=VERTEX_POINT('',#21584);
#9233=VERTEX_POINT('',#21587);
#9234=VERTEX_POINT('',#21588);
#9235=VERTEX_POINT('',#21590);
#9236=VERTEX_POINT('',#21592);
#9237=VERTEX_POINT('',#21595);
#9238=VERTEX_POINT('',#21596);
#9239=VERTEX_POINT('',#21598);
#9240=VERTEX_POINT('',#21600);
#9241=VERTEX_POINT('',#21603);
#9242=VERTEX_POINT('',#21604);
#9243=VERTEX_POINT('',#21606);
#9244=VERTEX_POINT('',#21608);
#9245=VERTEX_POINT('',#21611);
#9246=VERTEX_POINT('',#21612);
#9247=VERTEX_POINT('',#21614);
#9248=VERTEX_POINT('',#21616);
#9249=VERTEX_POINT('',#21619);
#9250=VERTEX_POINT('',#21620);
#9251=VERTEX_POINT('',#21622);
#9252=VERTEX_POINT('',#21624);
#9253=VERTEX_POINT('',#21627);
#9254=VERTEX_POINT('',#21628);
#9255=VERTEX_POINT('',#21630);
#9256=VERTEX_POINT('',#21632);
#9257=VERTEX_POINT('',#21635);
#9258=VERTEX_POINT('',#21636);
#9259=VERTEX_POINT('',#21638);
#9260=VERTEX_POINT('',#21640);
#9261=VERTEX_POINT('',#21643);
#9262=VERTEX_POINT('',#21644);
#9263=VERTEX_POINT('',#21646);
#9264=VERTEX_POINT('',#21648);
#9265=VERTEX_POINT('',#21651);
#9266=VERTEX_POINT('',#21652);
#9267=VERTEX_POINT('',#21654);
#9268=VERTEX_POINT('',#21656);
#9269=VERTEX_POINT('',#21659);
#9270=VERTEX_POINT('',#21660);
#9271=VERTEX_POINT('',#21662);
#9272=VERTEX_POINT('',#21664);
#9273=VERTEX_POINT('',#21667);
#9274=VERTEX_POINT('',#21668);
#9275=VERTEX_POINT('',#21670);
#9276=VERTEX_POINT('',#21672);
#9277=VERTEX_POINT('',#21675);
#9278=VERTEX_POINT('',#21676);
#9279=VERTEX_POINT('',#21678);
#9280=VERTEX_POINT('',#21680);
#9281=VERTEX_POINT('',#21683);
#9282=VERTEX_POINT('',#21684);
#9283=VERTEX_POINT('',#21686);
#9284=VERTEX_POINT('',#21688);
#9285=VERTEX_POINT('',#21690);
#9286=VERTEX_POINT('',#21692);
#9287=VERTEX_POINT('',#21694);
#9288=VERTEX_POINT('',#21696);
#9289=VERTEX_POINT('',#21700);
#9290=VERTEX_POINT('',#21701);
#9291=VERTEX_POINT('',#21703);
#9292=VERTEX_POINT('',#21705);
#9293=VERTEX_POINT('',#21708);
#9294=VERTEX_POINT('',#21709);
#9295=VERTEX_POINT('',#21711);
#9296=VERTEX_POINT('',#21713);
#9297=VERTEX_POINT('',#21716);
#9298=VERTEX_POINT('',#21717);
#9299=VERTEX_POINT('',#21719);
#9300=VERTEX_POINT('',#21721);
#9301=VERTEX_POINT('',#21724);
#9302=VERTEX_POINT('',#21725);
#9303=VERTEX_POINT('',#21727);
#9304=VERTEX_POINT('',#21729);
#9305=VERTEX_POINT('',#21732);
#9306=VERTEX_POINT('',#21733);
#9307=VERTEX_POINT('',#21735);
#9308=VERTEX_POINT('',#21737);
#9309=VERTEX_POINT('',#21740);
#9310=VERTEX_POINT('',#21741);
#9311=VERTEX_POINT('',#21743);
#9312=VERTEX_POINT('',#21745);
#9313=VERTEX_POINT('',#21748);
#9314=VERTEX_POINT('',#21749);
#9315=VERTEX_POINT('',#21751);
#9316=VERTEX_POINT('',#21753);
#9317=VERTEX_POINT('',#21756);
#9318=VERTEX_POINT('',#21757);
#9319=VERTEX_POINT('',#21759);
#9320=VERTEX_POINT('',#21761);
#9321=VERTEX_POINT('',#21764);
#9322=VERTEX_POINT('',#21765);
#9323=VERTEX_POINT('',#21767);
#9324=VERTEX_POINT('',#21769);
#9325=VERTEX_POINT('',#21772);
#9326=VERTEX_POINT('',#21773);
#9327=VERTEX_POINT('',#21775);
#9328=VERTEX_POINT('',#21777);
#9329=VERTEX_POINT('',#21780);
#9330=VERTEX_POINT('',#21781);
#9331=VERTEX_POINT('',#21783);
#9332=VERTEX_POINT('',#21785);
#9333=VERTEX_POINT('',#21788);
#9334=VERTEX_POINT('',#21789);
#9335=VERTEX_POINT('',#21791);
#9336=VERTEX_POINT('',#21793);
#9337=VERTEX_POINT('',#21796);
#9338=VERTEX_POINT('',#21797);
#9339=VERTEX_POINT('',#21799);
#9340=VERTEX_POINT('',#21801);
#9341=VERTEX_POINT('',#21804);
#9342=VERTEX_POINT('',#21805);
#9343=VERTEX_POINT('',#21807);
#9344=VERTEX_POINT('',#21809);
#9345=VERTEX_POINT('',#21812);
#9346=VERTEX_POINT('',#21813);
#9347=VERTEX_POINT('',#21815);
#9348=VERTEX_POINT('',#21817);
#9349=VERTEX_POINT('',#21820);
#9350=VERTEX_POINT('',#21821);
#9351=VERTEX_POINT('',#21823);
#9352=VERTEX_POINT('',#21825);
#9353=VERTEX_POINT('',#21828);
#9354=VERTEX_POINT('',#21830);
#9355=VERTEX_POINT('',#21836);
#9356=VERTEX_POINT('',#21838);
#9357=VERTEX_POINT('',#21844);
#9358=VERTEX_POINT('',#21846);
#9359=VERTEX_POINT('',#21856);
#9360=VERTEX_POINT('',#21857);
#9361=VERTEX_POINT('',#21859);
#9362=VERTEX_POINT('',#21861);
#9363=VERTEX_POINT('',#21864);
#9364=VERTEX_POINT('',#21865);
#9365=VERTEX_POINT('',#21867);
#9366=VERTEX_POINT('',#21869);
#9367=VERTEX_POINT('',#21872);
#9368=VERTEX_POINT('',#21873);
#9369=VERTEX_POINT('',#21875);
#9370=VERTEX_POINT('',#21877);
#9371=VERTEX_POINT('',#21880);
#9372=VERTEX_POINT('',#21881);
#9373=VERTEX_POINT('',#21883);
#9374=VERTEX_POINT('',#21885);
#9375=VERTEX_POINT('',#21888);
#9376=VERTEX_POINT('',#21889);
#9377=VERTEX_POINT('',#21891);
#9378=VERTEX_POINT('',#21893);
#9379=VERTEX_POINT('',#21896);
#9380=VERTEX_POINT('',#21897);
#9381=VERTEX_POINT('',#21899);
#9382=VERTEX_POINT('',#21901);
#9383=VERTEX_POINT('',#21904);
#9384=VERTEX_POINT('',#21905);
#9385=VERTEX_POINT('',#21907);
#9386=VERTEX_POINT('',#21909);
#9387=VERTEX_POINT('',#21912);
#9388=VERTEX_POINT('',#21913);
#9389=VERTEX_POINT('',#21915);
#9390=VERTEX_POINT('',#21917);
#9391=VERTEX_POINT('',#21920);
#9392=VERTEX_POINT('',#21921);
#9393=VERTEX_POINT('',#21923);
#9394=VERTEX_POINT('',#21925);
#9395=VERTEX_POINT('',#21928);
#9396=VERTEX_POINT('',#21929);
#9397=VERTEX_POINT('',#21931);
#9398=VERTEX_POINT('',#21933);
#9399=VERTEX_POINT('',#21936);
#9400=VERTEX_POINT('',#21937);
#9401=VERTEX_POINT('',#21939);
#9402=VERTEX_POINT('',#21941);
#9403=VERTEX_POINT('',#21945);
#9404=VERTEX_POINT('',#21947);
#9405=VERTEX_POINT('',#21951);
#9406=VERTEX_POINT('',#21955);
#9407=VERTEX_POINT('',#21961);
#9408=VERTEX_POINT('',#21963);
#9409=VERTEX_POINT('',#21967);
#9410=VERTEX_POINT('',#21971);
#9411=VERTEX_POINT('',#21978);
#9412=VERTEX_POINT('',#21980);
#9413=VERTEX_POINT('',#21984);
#9414=VERTEX_POINT('',#21988);
#9415=VERTEX_POINT('',#21995);
#9416=VERTEX_POINT('',#21997);
#9417=VERTEX_POINT('',#22001);
#9418=VERTEX_POINT('',#22005);
#9419=VERTEX_POINT('',#22012);
#9420=VERTEX_POINT('',#22014);
#9421=VERTEX_POINT('',#22018);
#9422=VERTEX_POINT('',#22022);
#9423=VERTEX_POINT('',#22029);
#9424=VERTEX_POINT('',#22031);
#9425=VERTEX_POINT('',#22035);
#9426=VERTEX_POINT('',#22039);
#9427=VERTEX_POINT('',#22046);
#9428=VERTEX_POINT('',#22048);
#9429=VERTEX_POINT('',#22052);
#9430=VERTEX_POINT('',#22056);
#9431=VERTEX_POINT('',#22063);
#9432=VERTEX_POINT('',#22065);
#9433=VERTEX_POINT('',#22069);
#9434=VERTEX_POINT('',#22073);
#9435=VERTEX_POINT('',#22080);
#9436=VERTEX_POINT('',#22082);
#9437=VERTEX_POINT('',#22086);
#9438=VERTEX_POINT('',#22090);
#9439=VERTEX_POINT('',#22097);
#9440=VERTEX_POINT('',#22099);
#9441=VERTEX_POINT('',#22103);
#9442=VERTEX_POINT('',#22107);
#9443=VERTEX_POINT('',#22114);
#9444=VERTEX_POINT('',#22116);
#9445=VERTEX_POINT('',#22120);
#9446=VERTEX_POINT('',#22124);
#9447=VERTEX_POINT('',#22136);
#9448=VERTEX_POINT('',#22138);
#9449=VERTEX_POINT('',#22142);
#9450=VERTEX_POINT('',#22146);
#9451=VERTEX_POINT('',#22153);
#9452=VERTEX_POINT('',#22155);
#9453=VERTEX_POINT('',#22159);
#9454=VERTEX_POINT('',#22163);
#9455=VERTEX_POINT('',#22170);
#9456=VERTEX_POINT('',#22172);
#9457=VERTEX_POINT('',#22176);
#9458=VERTEX_POINT('',#22180);
#9459=VERTEX_POINT('',#22187);
#9460=VERTEX_POINT('',#22189);
#9461=VERTEX_POINT('',#22193);
#9462=VERTEX_POINT('',#22197);
#9463=VERTEX_POINT('',#22204);
#9464=VERTEX_POINT('',#22206);
#9465=VERTEX_POINT('',#22210);
#9466=VERTEX_POINT('',#22214);
#9467=VERTEX_POINT('',#22221);
#9468=VERTEX_POINT('',#22223);
#9469=VERTEX_POINT('',#22227);
#9470=VERTEX_POINT('',#22231);
#9471=VERTEX_POINT('',#22238);
#9472=VERTEX_POINT('',#22240);
#9473=VERTEX_POINT('',#22244);
#9474=VERTEX_POINT('',#22248);
#9475=VERTEX_POINT('',#22255);
#9476=VERTEX_POINT('',#22257);
#9477=VERTEX_POINT('',#22261);
#9478=VERTEX_POINT('',#22265);
#9479=VERTEX_POINT('',#22272);
#9480=VERTEX_POINT('',#22274);
#9481=VERTEX_POINT('',#22278);
#9482=VERTEX_POINT('',#22282);
#9483=VERTEX_POINT('',#22289);
#9484=VERTEX_POINT('',#22291);
#9485=VERTEX_POINT('',#22295);
#9486=VERTEX_POINT('',#22299);
#9487=VERTEX_POINT('',#22306);
#9488=VERTEX_POINT('',#22308);
#9489=VERTEX_POINT('',#22312);
#9490=VERTEX_POINT('',#22316);
#9491=VERTEX_POINT('',#22323);
#9492=VERTEX_POINT('',#22325);
#9493=VERTEX_POINT('',#22329);
#9494=VERTEX_POINT('',#22333);
#9495=VERTEX_POINT('',#22340);
#9496=VERTEX_POINT('',#22342);
#9497=VERTEX_POINT('',#22346);
#9498=VERTEX_POINT('',#22350);
#9499=VERTEX_POINT('',#22357);
#9500=VERTEX_POINT('',#22359);
#9501=VERTEX_POINT('',#22363);
#9502=VERTEX_POINT('',#22367);
#9503=VERTEX_POINT('',#22374);
#9504=VERTEX_POINT('',#22376);
#9505=VERTEX_POINT('',#22380);
#9506=VERTEX_POINT('',#22384);
#9507=VERTEX_POINT('',#22391);
#9508=VERTEX_POINT('',#22393);
#9509=VERTEX_POINT('',#22397);
#9510=VERTEX_POINT('',#22401);
#9511=VERTEX_POINT('',#22408);
#9512=VERTEX_POINT('',#22410);
#9513=VERTEX_POINT('',#22414);
#9514=VERTEX_POINT('',#22418);
#9515=VERTEX_POINT('',#22425);
#9516=VERTEX_POINT('',#22427);
#9517=VERTEX_POINT('',#22431);
#9518=VERTEX_POINT('',#22435);
#9519=VERTEX_POINT('',#22442);
#9520=VERTEX_POINT('',#22444);
#9521=VERTEX_POINT('',#22448);
#9522=VERTEX_POINT('',#22452);
#9523=VERTEX_POINT('',#22459);
#9524=VERTEX_POINT('',#22461);
#9525=VERTEX_POINT('',#22465);
#9526=VERTEX_POINT('',#22469);
#9527=VERTEX_POINT('',#22476);
#9528=VERTEX_POINT('',#22478);
#9529=VERTEX_POINT('',#22482);
#9530=VERTEX_POINT('',#22486);
#9531=VERTEX_POINT('',#22493);
#9532=VERTEX_POINT('',#22495);
#9533=VERTEX_POINT('',#22499);
#9534=VERTEX_POINT('',#22503);
#9535=VERTEX_POINT('',#22510);
#9536=VERTEX_POINT('',#22512);
#9537=VERTEX_POINT('',#22516);
#9538=VERTEX_POINT('',#22520);
#9539=VERTEX_POINT('',#22527);
#9540=VERTEX_POINT('',#22529);
#9541=VERTEX_POINT('',#22533);
#9542=VERTEX_POINT('',#22537);
#9543=VERTEX_POINT('',#22544);
#9544=VERTEX_POINT('',#22546);
#9545=VERTEX_POINT('',#22550);
#9546=VERTEX_POINT('',#22554);
#9547=VERTEX_POINT('',#22561);
#9548=VERTEX_POINT('',#22563);
#9549=VERTEX_POINT('',#22567);
#9550=VERTEX_POINT('',#22571);
#9551=VERTEX_POINT('',#22587);
#9552=VERTEX_POINT('',#22589);
#9553=VERTEX_POINT('',#22598);
#9554=VERTEX_POINT('',#22600);
#9555=VERTEX_POINT('',#22604);
#9556=VERTEX_POINT('',#22608);
#9557=VERTEX_POINT('',#22615);
#9558=VERTEX_POINT('',#22617);
#9559=VERTEX_POINT('',#22621);
#9560=VERTEX_POINT('',#22625);
#9561=VERTEX_POINT('',#22632);
#9562=VERTEX_POINT('',#22634);
#9563=VERTEX_POINT('',#22638);
#9564=VERTEX_POINT('',#22642);
#9565=VERTEX_POINT('',#22649);
#9566=VERTEX_POINT('',#22651);
#9567=VERTEX_POINT('',#22655);
#9568=VERTEX_POINT('',#22659);
#9569=VERTEX_POINT('',#22819);
#9570=VERTEX_POINT('',#22820);
#9571=VERTEX_POINT('',#22822);
#9572=VERTEX_POINT('',#22824);
#9573=VERTEX_POINT('',#22828);
#9574=VERTEX_POINT('',#22830);
#9575=VERTEX_POINT('',#22832);
#9576=VERTEX_POINT('',#22834);
#9577=VERTEX_POINT('',#22836);
#9578=VERTEX_POINT('',#22838);
#9579=VERTEX_POINT('',#22840);
#9580=VERTEX_POINT('',#22842);
#9581=VERTEX_POINT('',#22844);
#9582=VERTEX_POINT('',#22846);
#9583=VERTEX_POINT('',#22848);
#9584=VERTEX_POINT('',#22850);
#9585=VERTEX_POINT('',#22852);
#9586=VERTEX_POINT('',#22854);
#9587=VERTEX_POINT('',#22856);
#9588=VERTEX_POINT('',#22858);
#9589=VERTEX_POINT('',#22860);
#9590=VERTEX_POINT('',#22862);
#9591=VERTEX_POINT('',#22864);
#9592=VERTEX_POINT('',#22866);
#9593=VERTEX_POINT('',#22868);
#9594=VERTEX_POINT('',#22870);
#9595=VERTEX_POINT('',#22872);
#9596=VERTEX_POINT('',#22874);
#9597=VERTEX_POINT('',#22876);
#9598=VERTEX_POINT('',#22878);
#9599=VERTEX_POINT('',#22880);
#9600=VERTEX_POINT('',#22882);
#9601=VERTEX_POINT('',#22886);
#9602=VERTEX_POINT('',#22888);
#9603=VERTEX_POINT('',#22892);
#9604=VERTEX_POINT('',#22894);
#9605=VERTEX_POINT('',#22898);
#9606=VERTEX_POINT('',#22900);
#9607=VERTEX_POINT('',#22904);
#9608=VERTEX_POINT('',#22906);
#9609=VERTEX_POINT('',#22910);
#9610=VERTEX_POINT('',#22912);
#9611=VERTEX_POINT('',#22916);
#9612=VERTEX_POINT('',#22918);
#9613=VERTEX_POINT('',#22922);
#9614=VERTEX_POINT('',#22924);
#9615=VERTEX_POINT('',#22928);
#9616=VERTEX_POINT('',#22930);
#9617=VERTEX_POINT('',#22934);
#9618=VERTEX_POINT('',#22935);
#9619=VERTEX_POINT('',#22937);
#9620=VERTEX_POINT('',#22939);
#9621=VERTEX_POINT('',#22942);
#9622=VERTEX_POINT('',#22944);
#9623=VERTEX_POINT('',#22946);
#9624=VERTEX_POINT('',#22948);
#9625=VERTEX_POINT('',#22950);
#9626=VERTEX_POINT('',#22952);
#9627=VERTEX_POINT('',#22954);
#9628=VERTEX_POINT('',#22956);
#9629=VERTEX_POINT('',#22958);
#9630=VERTEX_POINT('',#22960);
#9631=VERTEX_POINT('',#22962);
#9632=VERTEX_POINT('',#22964);
#9633=VERTEX_POINT('',#22966);
#9634=VERTEX_POINT('',#22968);
#9635=VERTEX_POINT('',#22970);
#9636=VERTEX_POINT('',#22972);
#9637=VERTEX_POINT('',#22974);
#9638=VERTEX_POINT('',#22976);
#9639=VERTEX_POINT('',#22978);
#9640=VERTEX_POINT('',#22980);
#9641=VERTEX_POINT('',#22982);
#9642=VERTEX_POINT('',#22984);
#9643=VERTEX_POINT('',#22986);
#9644=VERTEX_POINT('',#22988);
#9645=VERTEX_POINT('',#22990);
#9646=VERTEX_POINT('',#22992);
#9647=VERTEX_POINT('',#22994);
#9648=VERTEX_POINT('',#22996);
#9649=VERTEX_POINT('',#22998);
#9650=VERTEX_POINT('',#23000);
#9651=VERTEX_POINT('',#23002);
#9652=VERTEX_POINT('',#23004);
#9653=VERTEX_POINT('',#23006);
#9654=VERTEX_POINT('',#23008);
#9655=VERTEX_POINT('',#23010);
#9656=VERTEX_POINT('',#23012);
#9657=VERTEX_POINT('',#23014);
#9658=VERTEX_POINT('',#23016);
#9659=VERTEX_POINT('',#23018);
#9660=VERTEX_POINT('',#23020);
#9661=VERTEX_POINT('',#23022);
#9662=VERTEX_POINT('',#23024);
#9663=VERTEX_POINT('',#23026);
#9664=VERTEX_POINT('',#23028);
#9665=VERTEX_POINT('',#23030);
#9666=VERTEX_POINT('',#23032);
#9667=VERTEX_POINT('',#23034);
#9668=VERTEX_POINT('',#23036);
#9669=VERTEX_POINT('',#23038);
#9670=VERTEX_POINT('',#23040);
#9671=VERTEX_POINT('',#23042);
#9672=VERTEX_POINT('',#23044);
#9673=VERTEX_POINT('',#23046);
#9674=VERTEX_POINT('',#23048);
#9675=VERTEX_POINT('',#23050);
#9676=VERTEX_POINT('',#23052);
#9677=VERTEX_POINT('',#23054);
#9678=VERTEX_POINT('',#23056);
#9679=VERTEX_POINT('',#23058);
#9680=VERTEX_POINT('',#23060);
#9681=VERTEX_POINT('',#23062);
#9682=VERTEX_POINT('',#23064);
#9683=VERTEX_POINT('',#23066);
#9684=VERTEX_POINT('',#23068);
#9685=VERTEX_POINT('',#23070);
#9686=VERTEX_POINT('',#23072);
#9687=VERTEX_POINT('',#23074);
#9688=VERTEX_POINT('',#23076);
#9689=VERTEX_POINT('',#23078);
#9690=VERTEX_POINT('',#23080);
#9691=VERTEX_POINT('',#23082);
#9692=VERTEX_POINT('',#23084);
#9693=VERTEX_POINT('',#23086);
#9694=VERTEX_POINT('',#23088);
#9695=VERTEX_POINT('',#23090);
#9696=VERTEX_POINT('',#23092);
#9697=VERTEX_POINT('',#23094);
#9698=VERTEX_POINT('',#23096);
#9699=VERTEX_POINT('',#23098);
#9700=VERTEX_POINT('',#23100);
#9701=VERTEX_POINT('',#23102);
#9702=VERTEX_POINT('',#23104);
#9703=VERTEX_POINT('',#23106);
#9704=VERTEX_POINT('',#23108);
#9705=VERTEX_POINT('',#23110);
#9706=VERTEX_POINT('',#23112);
#9707=VERTEX_POINT('',#23114);
#9708=VERTEX_POINT('',#23116);
#9709=VERTEX_POINT('',#23118);
#9710=VERTEX_POINT('',#23120);
#9711=VERTEX_POINT('',#23122);
#9712=VERTEX_POINT('',#23124);
#9713=VERTEX_POINT('',#23126);
#9714=VERTEX_POINT('',#23128);
#9715=VERTEX_POINT('',#23130);
#9716=VERTEX_POINT('',#23132);
#9717=VERTEX_POINT('',#23134);
#9718=VERTEX_POINT('',#23136);
#9719=VERTEX_POINT('',#23138);
#9720=VERTEX_POINT('',#23140);
#9721=VERTEX_POINT('',#23142);
#9722=VERTEX_POINT('',#23144);
#9723=VERTEX_POINT('',#23146);
#9724=VERTEX_POINT('',#23148);
#9725=VERTEX_POINT('',#23150);
#9726=VERTEX_POINT('',#23152);
#9727=VERTEX_POINT('',#23154);
#9728=VERTEX_POINT('',#23156);
#9729=VERTEX_POINT('',#23158);
#9730=VERTEX_POINT('',#23160);
#9731=VERTEX_POINT('',#23162);
#9732=VERTEX_POINT('',#23164);
#9733=VERTEX_POINT('',#23166);
#9734=VERTEX_POINT('',#23168);
#9735=VERTEX_POINT('',#23170);
#9736=VERTEX_POINT('',#23172);
#9737=VERTEX_POINT('',#23174);
#9738=VERTEX_POINT('',#23176);
#9739=VERTEX_POINT('',#23178);
#9740=VERTEX_POINT('',#23180);
#9741=VERTEX_POINT('',#23182);
#9742=VERTEX_POINT('',#23184);
#9743=VERTEX_POINT('',#23186);
#9744=VERTEX_POINT('',#23188);
#9745=VERTEX_POINT('',#23190);
#9746=VERTEX_POINT('',#23192);
#9747=VERTEX_POINT('',#23194);
#9748=VERTEX_POINT('',#23196);
#9749=VERTEX_POINT('',#23198);
#9750=VERTEX_POINT('',#23199);
#9751=VERTEX_POINT('',#23201);
#9752=VERTEX_POINT('',#23203);
#9753=VERTEX_POINT('',#23206);
#9754=VERTEX_POINT('',#23207);
#9755=VERTEX_POINT('',#23209);
#9756=VERTEX_POINT('',#23211);
#9757=VERTEX_POINT('',#23214);
#9758=VERTEX_POINT('',#23216);
#9759=VERTEX_POINT('',#23220);
#9760=VERTEX_POINT('',#23221);
#9761=VERTEX_POINT('',#23223);
#9762=VERTEX_POINT('',#23225);
#9763=VERTEX_POINT('',#23228);
#9764=VERTEX_POINT('',#23230);
#9765=VERTEX_POINT('',#23233);
#9766=VERTEX_POINT('',#23235);
#9767=VERTEX_POINT('',#23237);
#9768=VERTEX_POINT('',#23239);
#9769=VERTEX_POINT('',#23241);
#9770=VERTEX_POINT('',#23243);
#9771=VERTEX_POINT('',#23247);
#9772=VERTEX_POINT('',#23249);
#9773=VERTEX_POINT('',#23254);
#9774=VERTEX_POINT('',#23256);
#9775=VERTEX_POINT('',#23258);
#9776=VERTEX_POINT('',#23260);
#9777=VERTEX_POINT('',#23262);
#9778=VERTEX_POINT('',#23264);
#9779=VERTEX_POINT('',#23268);
#9780=VERTEX_POINT('',#23270);
#9781=VERTEX_POINT('',#23272);
#9782=VERTEX_POINT('',#23274);
#9783=VERTEX_POINT('',#23278);
#9784=VERTEX_POINT('',#23279);
#9785=VERTEX_POINT('',#23284);
#9786=VERTEX_POINT('',#23286);
#9787=VERTEX_POINT('',#23290);
#9788=VERTEX_POINT('',#23292);
#9789=VERTEX_POINT('',#23294);
#9790=VERTEX_POINT('',#23296);
#9791=VERTEX_POINT('',#23298);
#9792=VERTEX_POINT('',#23300);
#9793=VERTEX_POINT('',#23302);
#9794=VERTEX_POINT('',#23304);
#9795=VERTEX_POINT('',#23306);
#9796=VERTEX_POINT('',#23308);
#9797=VERTEX_POINT('',#23310);
#9798=VERTEX_POINT('',#23312);
#9799=VERTEX_POINT('',#23314);
#9800=VERTEX_POINT('',#23316);
#9801=VERTEX_POINT('',#23318);
#9802=VERTEX_POINT('',#23320);
#9803=VERTEX_POINT('',#23322);
#9804=VERTEX_POINT('',#23324);
#9805=VERTEX_POINT('',#23326);
#9806=VERTEX_POINT('',#23328);
#9807=VERTEX_POINT('',#23330);
#9808=VERTEX_POINT('',#23332);
#9809=VERTEX_POINT('',#23334);
#9810=VERTEX_POINT('',#23336);
#9811=VERTEX_POINT('',#23338);
#9812=VERTEX_POINT('',#23340);
#9813=VERTEX_POINT('',#23342);
#9814=VERTEX_POINT('',#23344);
#9815=VERTEX_POINT('',#23346);
#9816=VERTEX_POINT('',#23348);
#9817=VERTEX_POINT('',#23350);
#9818=VERTEX_POINT('',#23352);
#9819=VERTEX_POINT('',#23356);
#9820=VERTEX_POINT('',#23358);
#9821=VERTEX_POINT('',#23362);
#9822=VERTEX_POINT('',#23364);
#9823=VERTEX_POINT('',#23366);
#9824=VERTEX_POINT('',#23368);
#9825=VERTEX_POINT('',#23370);
#9826=VERTEX_POINT('',#23372);
#9827=VERTEX_POINT('',#23374);
#9828=VERTEX_POINT('',#23376);
#9829=VERTEX_POINT('',#23378);
#9830=VERTEX_POINT('',#23380);
#9831=VERTEX_POINT('',#23382);
#9832=VERTEX_POINT('',#23384);
#9833=VERTEX_POINT('',#23386);
#9834=VERTEX_POINT('',#23388);
#9835=VERTEX_POINT('',#23390);
#9836=VERTEX_POINT('',#23392);
#9837=VERTEX_POINT('',#23394);
#9838=VERTEX_POINT('',#23396);
#9839=VERTEX_POINT('',#23398);
#9840=VERTEX_POINT('',#23400);
#9841=VERTEX_POINT('',#23402);
#9842=VERTEX_POINT('',#23404);
#9843=VERTEX_POINT('',#23406);
#9844=VERTEX_POINT('',#23408);
#9845=VERTEX_POINT('',#23410);
#9846=VERTEX_POINT('',#23412);
#9847=VERTEX_POINT('',#23414);
#9848=VERTEX_POINT('',#23416);
#9849=VERTEX_POINT('',#23418);
#9850=VERTEX_POINT('',#23420);
#9851=VERTEX_POINT('',#23422);
#9852=VERTEX_POINT('',#23424);
#9853=VERTEX_POINT('',#23426);
#9854=VERTEX_POINT('',#23430);
#9855=VERTEX_POINT('',#23432);
#9856=VERTEX_POINT('',#23434);
#9857=VERTEX_POINT('',#23436);
#9858=VERTEX_POINT('',#23438);
#9859=VERTEX_POINT('',#23440);
#9860=VERTEX_POINT('',#23442);
#9861=VERTEX_POINT('',#23444);
#9862=VERTEX_POINT('',#23446);
#9863=VERTEX_POINT('',#23448);
#9864=VERTEX_POINT('',#23450);
#9865=VERTEX_POINT('',#23452);
#9866=VERTEX_POINT('',#23454);
#9867=VERTEX_POINT('',#23456);
#9868=VERTEX_POINT('',#23458);
#9869=VERTEX_POINT('',#23460);
#9870=VERTEX_POINT('',#23462);
#9871=VERTEX_POINT('',#23464);
#9872=VERTEX_POINT('',#23466);
#9873=VERTEX_POINT('',#23468);
#9874=VERTEX_POINT('',#23470);
#9875=VERTEX_POINT('',#23472);
#9876=VERTEX_POINT('',#23474);
#9877=VERTEX_POINT('',#23476);
#9878=VERTEX_POINT('',#23478);
#9879=VERTEX_POINT('',#23480);
#9880=VERTEX_POINT('',#23482);
#9881=VERTEX_POINT('',#23484);
#9882=VERTEX_POINT('',#23486);
#9883=VERTEX_POINT('',#23488);
#9884=VERTEX_POINT('',#23490);
#9885=VERTEX_POINT('',#23492);
#9886=VERTEX_POINT('',#23498);
#9887=VERTEX_POINT('',#23500);
#9888=VERTEX_POINT('',#23502);
#9889=VERTEX_POINT('',#23504);
#9890=VERTEX_POINT('',#23506);
#9891=VERTEX_POINT('',#23508);
#9892=VERTEX_POINT('',#23510);
#9893=VERTEX_POINT('',#23512);
#9894=VERTEX_POINT('',#23514);
#9895=VERTEX_POINT('',#23516);
#9896=VERTEX_POINT('',#23518);
#9897=VERTEX_POINT('',#23520);
#9898=VERTEX_POINT('',#23522);
#9899=VERTEX_POINT('',#23524);
#9900=VERTEX_POINT('',#23526);
#9901=VERTEX_POINT('',#23528);
#9902=VERTEX_POINT('',#23530);
#9903=VERTEX_POINT('',#23532);
#9904=VERTEX_POINT('',#23534);
#9905=VERTEX_POINT('',#23536);
#9906=VERTEX_POINT('',#23538);
#9907=VERTEX_POINT('',#23540);
#9908=VERTEX_POINT('',#23542);
#9909=VERTEX_POINT('',#23544);
#9910=VERTEX_POINT('',#23546);
#9911=VERTEX_POINT('',#23548);
#9912=VERTEX_POINT('',#23550);
#9913=VERTEX_POINT('',#23552);
#9914=VERTEX_POINT('',#23554);
#9915=VERTEX_POINT('',#23556);
#9916=VERTEX_POINT('',#23558);
#9917=VERTEX_POINT('',#23560);
#9918=VERTEX_POINT('',#23564);
#9919=VERTEX_POINT('',#23566);
#9920=VERTEX_POINT('',#23717);
#9921=VERTEX_POINT('',#23724);
#9922=VERTEX_POINT('',#23726);
#9923=VERTEX_POINT('',#23759);
#9924=VERTEX_POINT('',#23760);
#9925=VERTEX_POINT('',#23762);
#9926=VERTEX_POINT('',#23764);
#9927=VERTEX_POINT('',#23768);
#9928=VERTEX_POINT('',#23769);
#9929=VERTEX_POINT('',#23771);
#9930=VERTEX_POINT('',#23773);
#9931=VERTEX_POINT('',#23777);
#9932=VERTEX_POINT('',#23778);
#9933=VERTEX_POINT('',#23780);
#9934=VERTEX_POINT('',#23782);
#9935=VERTEX_POINT('',#23784);
#9936=VERTEX_POINT('',#23786);
#9937=VERTEX_POINT('',#23788);
#9938=VERTEX_POINT('',#23790);
#9939=VERTEX_POINT('',#23794);
#9940=VERTEX_POINT('',#23795);
#9941=VERTEX_POINT('',#23797);
#9942=VERTEX_POINT('',#23799);
#9943=VERTEX_POINT('',#23801);
#9944=VERTEX_POINT('',#23803);
#9945=VERTEX_POINT('',#23805);
#9946=VERTEX_POINT('',#23807);
#9947=VERTEX_POINT('',#23811);
#9948=VERTEX_POINT('',#23813);
#9949=VERTEX_POINT('',#23817);
#9950=VERTEX_POINT('',#23819);
#9951=VERTEX_POINT('',#23823);
#9952=VERTEX_POINT('',#23825);
#9953=VERTEX_POINT('',#23827);
#9954=VERTEX_POINT('',#23832);
#9955=VERTEX_POINT('',#23834);
#9956=VERTEX_POINT('',#23836);
#9957=VERTEX_POINT('',#23843);
#9958=VERTEX_POINT('',#23845);
#9959=VERTEX_POINT('',#23847);
#9960=VERTEX_POINT('',#23852);
#9961=VERTEX_POINT('',#23854);
#9962=VERTEX_POINT('',#23856);
#9963=EDGE_CURVE('',#8625,#8626,#11845,.T.);
#9964=EDGE_CURVE('',#8625,#8627,#11846,.T.);
#9965=EDGE_CURVE('',#8627,#8628,#11847,.T.);
#9966=EDGE_CURVE('',#8626,#8628,#11848,.T.);
#9967=EDGE_CURVE('',#8629,#8630,#11849,.T.);
#9968=EDGE_CURVE('',#8630,#8631,#11850,.T.);
#9969=EDGE_CURVE('',#8632,#8631,#11851,.T.);
#9970=EDGE_CURVE('',#8629,#8632,#11852,.T.);
#9971=EDGE_CURVE('',#8633,#8631,#11853,.T.);
#9972=EDGE_CURVE('',#8633,#8634,#11854,.T.);
#9973=EDGE_CURVE('',#8634,#8632,#11855,.T.);
#9974=EDGE_CURVE('',#8635,#8636,#11856,.T.);
#9975=EDGE_CURVE('',#8635,#8625,#11857,.T.);
#9976=EDGE_CURVE('',#8636,#8626,#11858,.T.);
#9977=EDGE_CURVE('',#8637,#8627,#11859,.T.);
#9978=EDGE_CURVE('',#8637,#8638,#11860,.T.);
#9979=EDGE_CURVE('',#8638,#8628,#11861,.T.);
#9980=EDGE_CURVE('',#8639,#8640,#11862,.T.);
#9981=EDGE_CURVE('',#8639,#8641,#11863,.T.);
#9982=EDGE_CURVE('',#8641,#8642,#11864,.T.);
#9983=EDGE_CURVE('',#8640,#8642,#11865,.T.);
#9984=EDGE_CURVE('',#8643,#8644,#11866,.T.);
#9985=EDGE_CURVE('',#8643,#8645,#11867,.T.);
#9986=EDGE_CURVE('',#8645,#8646,#11868,.T.);
#9987=EDGE_CURVE('',#8644,#8646,#11869,.T.);
#9988=EDGE_CURVE('',#8644,#8641,#11870,.T.);
#9989=EDGE_CURVE('',#8642,#8646,#11871,.T.);
#9990=EDGE_CURVE('',#8647,#8648,#11872,.T.);
#9991=EDGE_CURVE('',#8647,#8649,#11873,.T.);
#9992=EDGE_CURVE('',#8649,#8650,#11874,.T.);
#9993=EDGE_CURVE('',#8648,#8650,#11875,.T.);
#9994=EDGE_CURVE('',#8651,#8652,#11876,.T.);
#9995=EDGE_CURVE('',#8651,#8653,#11877,.T.);
#9996=EDGE_CURVE('',#8653,#8654,#11878,.T.);
#9997=EDGE_CURVE('',#8652,#8654,#11879,.T.);
#9998=EDGE_CURVE('',#8652,#8649,#11880,.T.);
#9999=EDGE_CURVE('',#8650,#8654,#11881,.T.);
#10000=EDGE_CURVE('',#8655,#8656,#11882,.T.);
#10001=EDGE_CURVE('',#8655,#8657,#11883,.T.);
#10002=EDGE_CURVE('',#8657,#8658,#11884,.T.);
#10003=EDGE_CURVE('',#8656,#8658,#11885,.T.);
#10004=EDGE_CURVE('',#8659,#8660,#11886,.T.);
#10005=EDGE_CURVE('',#8659,#8661,#11887,.T.);
#10006=EDGE_CURVE('',#8661,#8662,#11888,.T.);
#10007=EDGE_CURVE('',#8660,#8662,#11889,.T.);
#10008=EDGE_CURVE('',#8660,#8657,#11890,.T.);
#10009=EDGE_CURVE('',#8658,#8662,#11891,.T.);
#10010=EDGE_CURVE('',#8663,#8664,#11892,.T.);
#10011=EDGE_CURVE('',#8663,#8665,#11893,.T.);
#10012=EDGE_CURVE('',#8665,#8666,#11894,.T.);
#10013=EDGE_CURVE('',#8664,#8666,#11895,.T.);
#10014=EDGE_CURVE('',#8667,#8668,#11896,.T.);
#10015=EDGE_CURVE('',#8667,#8669,#11897,.T.);
#10016=EDGE_CURVE('',#8669,#8670,#11898,.T.);
#10017=EDGE_CURVE('',#8668,#8670,#11899,.T.);
#10018=EDGE_CURVE('',#8668,#8665,#11900,.T.);
#10019=EDGE_CURVE('',#8666,#8670,#11901,.T.);
#10020=EDGE_CURVE('',#8671,#8672,#11902,.T.);
#10021=EDGE_CURVE('',#8671,#8673,#11903,.T.);
#10022=EDGE_CURVE('',#8673,#8674,#11904,.T.);
#10023=EDGE_CURVE('',#8672,#8674,#11905,.T.);
#10024=EDGE_CURVE('',#8675,#8676,#11906,.T.);
#10025=EDGE_CURVE('',#8675,#8677,#11907,.T.);
#10026=EDGE_CURVE('',#8677,#8678,#11908,.T.);
#10027=EDGE_CURVE('',#8676,#8678,#11909,.T.);
#10028=EDGE_CURVE('',#8676,#8673,#11910,.T.);
#10029=EDGE_CURVE('',#8674,#8678,#11911,.T.);
#10030=EDGE_CURVE('',#8679,#8680,#11912,.T.);
#10031=EDGE_CURVE('',#8679,#8681,#11913,.T.);
#10032=EDGE_CURVE('',#8681,#8682,#11914,.T.);
#10033=EDGE_CURVE('',#8680,#8682,#11915,.T.);
#10034=EDGE_CURVE('',#8683,#8684,#11916,.T.);
#10035=EDGE_CURVE('',#8683,#8685,#11917,.T.);
#10036=EDGE_CURVE('',#8685,#8686,#11918,.T.);
#10037=EDGE_CURVE('',#8684,#8686,#11919,.T.);
#10038=EDGE_CURVE('',#8684,#8681,#11920,.T.);
#10039=EDGE_CURVE('',#8682,#8686,#11921,.T.);
#10040=EDGE_CURVE('',#8687,#8688,#11922,.T.);
#10041=EDGE_CURVE('',#8687,#8689,#11923,.T.);
#10042=EDGE_CURVE('',#8689,#8690,#11924,.T.);
#10043=EDGE_CURVE('',#8688,#8690,#11925,.T.);
#10044=EDGE_CURVE('',#8691,#8692,#11926,.T.);
#10045=EDGE_CURVE('',#8691,#8693,#11927,.T.);
#10046=EDGE_CURVE('',#8693,#8694,#11928,.T.);
#10047=EDGE_CURVE('',#8692,#8694,#11929,.T.);
#10048=EDGE_CURVE('',#8692,#8689,#11930,.T.);
#10049=EDGE_CURVE('',#8690,#8694,#11931,.T.);
#10050=EDGE_CURVE('',#8695,#8696,#11932,.T.);
#10051=EDGE_CURVE('',#8695,#8697,#11933,.T.);
#10052=EDGE_CURVE('',#8697,#8698,#11934,.T.);
#10053=EDGE_CURVE('',#8696,#8698,#11935,.T.);
#10054=EDGE_CURVE('',#8699,#8700,#11936,.T.);
#10055=EDGE_CURVE('',#8699,#8701,#11937,.T.);
#10056=EDGE_CURVE('',#8701,#8702,#11938,.T.);
#10057=EDGE_CURVE('',#8700,#8702,#11939,.T.);
#10058=EDGE_CURVE('',#8700,#8697,#11940,.T.);
#10059=EDGE_CURVE('',#8698,#8702,#11941,.T.);
#10060=EDGE_CURVE('',#8703,#8704,#11942,.T.);
#10061=EDGE_CURVE('',#8703,#8705,#11943,.T.);
#10062=EDGE_CURVE('',#8705,#8706,#11944,.T.);
#10063=EDGE_CURVE('',#8704,#8706,#11945,.T.);
#10064=EDGE_CURVE('',#8707,#8708,#11946,.T.);
#10065=EDGE_CURVE('',#8707,#8709,#11947,.T.);
#10066=EDGE_CURVE('',#8709,#8710,#11948,.T.);
#10067=EDGE_CURVE('',#8708,#8710,#11949,.T.);
#10068=EDGE_CURVE('',#8708,#8705,#11950,.T.);
#10069=EDGE_CURVE('',#8706,#8710,#11951,.T.);
#10070=EDGE_CURVE('',#8711,#8712,#11952,.T.);
#10071=EDGE_CURVE('',#8711,#8713,#11953,.T.);
#10072=EDGE_CURVE('',#8713,#8714,#11954,.T.);
#10073=EDGE_CURVE('',#8712,#8714,#11955,.T.);
#10074=EDGE_CURVE('',#8715,#8716,#11956,.T.);
#10075=EDGE_CURVE('',#8715,#8717,#11957,.T.);
#10076=EDGE_CURVE('',#8717,#8718,#11958,.T.);
#10077=EDGE_CURVE('',#8716,#8718,#11959,.T.);
#10078=EDGE_CURVE('',#8716,#8713,#11960,.T.);
#10079=EDGE_CURVE('',#8714,#8718,#11961,.T.);
#10080=EDGE_CURVE('',#8719,#8720,#11962,.T.);
#10081=EDGE_CURVE('',#8719,#8721,#11963,.T.);
#10082=EDGE_CURVE('',#8721,#8722,#11964,.T.);
#10083=EDGE_CURVE('',#8720,#8722,#11965,.T.);
#10084=EDGE_CURVE('',#8723,#8724,#11966,.T.);
#10085=EDGE_CURVE('',#8723,#8725,#11967,.T.);
#10086=EDGE_CURVE('',#8725,#8726,#11968,.T.);
#10087=EDGE_CURVE('',#8724,#8726,#11969,.T.);
#10088=EDGE_CURVE('',#8724,#8721,#11970,.T.);
#10089=EDGE_CURVE('',#8722,#8726,#11971,.T.);
#10090=EDGE_CURVE('',#8727,#8728,#11972,.T.);
#10091=EDGE_CURVE('',#8727,#8729,#11973,.T.);
#10092=EDGE_CURVE('',#8729,#8730,#11974,.T.);
#10093=EDGE_CURVE('',#8728,#8730,#11975,.T.);
#10094=EDGE_CURVE('',#8731,#8732,#11976,.T.);
#10095=EDGE_CURVE('',#8731,#8733,#11977,.T.);
#10096=EDGE_CURVE('',#8733,#8734,#11978,.T.);
#10097=EDGE_CURVE('',#8732,#8734,#11979,.T.);
#10098=EDGE_CURVE('',#8732,#8729,#11980,.T.);
#10099=EDGE_CURVE('',#8730,#8734,#11981,.T.);
#10100=EDGE_CURVE('',#8735,#8736,#11982,.T.);
#10101=EDGE_CURVE('',#8735,#8737,#11983,.T.);
#10102=EDGE_CURVE('',#8737,#8738,#11984,.T.);
#10103=EDGE_CURVE('',#8736,#8738,#11985,.T.);
#10104=EDGE_CURVE('',#8739,#8740,#11986,.T.);
#10105=EDGE_CURVE('',#8739,#8741,#11987,.T.);
#10106=EDGE_CURVE('',#8741,#8742,#11988,.T.);
#10107=EDGE_CURVE('',#8740,#8742,#11989,.T.);
#10108=EDGE_CURVE('',#8740,#8737,#11990,.T.);
#10109=EDGE_CURVE('',#8738,#8742,#11991,.T.);
#10110=EDGE_CURVE('',#8743,#8744,#11992,.T.);
#10111=EDGE_CURVE('',#8743,#8745,#11993,.T.);
#10112=EDGE_CURVE('',#8745,#8746,#11994,.T.);
#10113=EDGE_CURVE('',#8744,#8746,#11995,.T.);
#10114=EDGE_CURVE('',#8747,#8748,#11996,.T.);
#10115=EDGE_CURVE('',#8747,#8749,#11997,.T.);
#10116=EDGE_CURVE('',#8749,#8750,#11998,.T.);
#10117=EDGE_CURVE('',#8748,#8750,#11999,.T.);
#10118=EDGE_CURVE('',#8748,#8745,#12000,.T.);
#10119=EDGE_CURVE('',#8746,#8750,#12001,.T.);
#10120=EDGE_CURVE('',#8751,#8752,#12002,.T.);
#10121=EDGE_CURVE('',#8751,#8753,#12003,.T.);
#10122=EDGE_CURVE('',#8753,#8754,#12004,.T.);
#10123=EDGE_CURVE('',#8752,#8754,#12005,.T.);
#10124=EDGE_CURVE('',#8755,#8756,#12006,.T.);
#10125=EDGE_CURVE('',#8755,#8757,#12007,.T.);
#10126=EDGE_CURVE('',#8757,#8758,#12008,.T.);
#10127=EDGE_CURVE('',#8756,#8758,#12009,.T.);
#10128=EDGE_CURVE('',#8756,#8753,#12010,.T.);
#10129=EDGE_CURVE('',#8754,#8758,#12011,.T.);
#10130=EDGE_CURVE('',#8759,#8760,#12012,.T.);
#10131=EDGE_CURVE('',#8759,#8761,#12013,.T.);
#10132=EDGE_CURVE('',#8761,#8762,#12014,.T.);
#10133=EDGE_CURVE('',#8760,#8762,#12015,.T.);
#10134=EDGE_CURVE('',#8763,#8764,#12016,.T.);
#10135=EDGE_CURVE('',#8763,#8765,#12017,.T.);
#10136=EDGE_CURVE('',#8765,#8766,#12018,.T.);
#10137=EDGE_CURVE('',#8764,#8766,#12019,.T.);
#10138=EDGE_CURVE('',#8764,#8761,#12020,.T.);
#10139=EDGE_CURVE('',#8762,#8766,#12021,.T.);
#10140=EDGE_CURVE('',#8767,#8768,#12022,.T.);
#10141=EDGE_CURVE('',#8767,#8769,#12023,.T.);
#10142=EDGE_CURVE('',#8769,#8770,#12024,.T.);
#10143=EDGE_CURVE('',#8768,#8770,#12025,.T.);
#10144=EDGE_CURVE('',#8771,#8772,#12026,.T.);
#10145=EDGE_CURVE('',#8771,#8773,#12027,.T.);
#10146=EDGE_CURVE('',#8773,#8774,#12028,.T.);
#10147=EDGE_CURVE('',#8772,#8774,#12029,.T.);
#10148=EDGE_CURVE('',#8772,#8769,#12030,.T.);
#10149=EDGE_CURVE('',#8770,#8774,#12031,.T.);
#10150=EDGE_CURVE('',#8775,#8776,#12032,.T.);
#10151=EDGE_CURVE('',#8775,#8777,#12033,.T.);
#10152=EDGE_CURVE('',#8777,#8778,#12034,.T.);
#10153=EDGE_CURVE('',#8776,#8778,#12035,.T.);
#10154=EDGE_CURVE('',#8779,#8780,#12036,.T.);
#10155=EDGE_CURVE('',#8779,#8781,#12037,.T.);
#10156=EDGE_CURVE('',#8781,#8782,#12038,.T.);
#10157=EDGE_CURVE('',#8780,#8782,#12039,.T.);
#10158=EDGE_CURVE('',#8780,#8777,#12040,.T.);
#10159=EDGE_CURVE('',#8778,#8782,#12041,.T.);
#10160=EDGE_CURVE('',#8783,#8784,#12042,.T.);
#10161=EDGE_CURVE('',#8783,#8785,#12043,.T.);
#10162=EDGE_CURVE('',#8785,#8786,#12044,.T.);
#10163=EDGE_CURVE('',#8784,#8786,#12045,.T.);
#10164=EDGE_CURVE('',#8787,#8788,#12046,.T.);
#10165=EDGE_CURVE('',#8787,#8789,#12047,.T.);
#10166=EDGE_CURVE('',#8789,#8790,#12048,.T.);
#10167=EDGE_CURVE('',#8788,#8790,#12049,.T.);
#10168=EDGE_CURVE('',#8788,#8785,#12050,.T.);
#10169=EDGE_CURVE('',#8786,#8790,#12051,.T.);
#10170=EDGE_CURVE('',#8791,#8792,#12052,.T.);
#10171=EDGE_CURVE('',#8791,#8793,#12053,.T.);
#10172=EDGE_CURVE('',#8793,#8794,#12054,.T.);
#10173=EDGE_CURVE('',#8792,#8794,#12055,.T.);
#10174=EDGE_CURVE('',#8795,#8796,#12056,.T.);
#10175=EDGE_CURVE('',#8795,#8797,#12057,.T.);
#10176=EDGE_CURVE('',#8797,#8798,#12058,.T.);
#10177=EDGE_CURVE('',#8796,#8798,#12059,.T.);
#10178=EDGE_CURVE('',#8796,#8793,#12060,.T.);
#10179=EDGE_CURVE('',#8794,#8798,#12061,.T.);
#10180=EDGE_CURVE('',#8799,#8800,#12062,.T.);
#10181=EDGE_CURVE('',#8799,#8801,#12063,.T.);
#10182=EDGE_CURVE('',#8801,#8802,#12064,.T.);
#10183=EDGE_CURVE('',#8800,#8802,#12065,.T.);
#10184=EDGE_CURVE('',#8803,#8804,#12066,.T.);
#10185=EDGE_CURVE('',#8803,#8805,#12067,.T.);
#10186=EDGE_CURVE('',#8805,#8806,#12068,.T.);
#10187=EDGE_CURVE('',#8804,#8806,#12069,.T.);
#10188=EDGE_CURVE('',#8804,#8801,#12070,.T.);
#10189=EDGE_CURVE('',#8802,#8806,#12071,.T.);
#10190=EDGE_CURVE('',#8807,#8808,#12072,.T.);
#10191=EDGE_CURVE('',#8807,#8809,#12073,.T.);
#10192=EDGE_CURVE('',#8809,#8810,#12074,.T.);
#10193=EDGE_CURVE('',#8808,#8810,#12075,.T.);
#10194=EDGE_CURVE('',#8811,#8812,#12076,.T.);
#10195=EDGE_CURVE('',#8811,#8813,#12077,.T.);
#10196=EDGE_CURVE('',#8813,#8814,#12078,.T.);
#10197=EDGE_CURVE('',#8812,#8814,#12079,.T.);
#10198=EDGE_CURVE('',#8812,#8809,#12080,.T.);
#10199=EDGE_CURVE('',#8810,#8814,#12081,.T.);
#10200=EDGE_CURVE('',#8815,#8816,#12082,.T.);
#10201=EDGE_CURVE('',#8815,#8817,#12083,.T.);
#10202=EDGE_CURVE('',#8817,#8818,#12084,.T.);
#10203=EDGE_CURVE('',#8816,#8818,#12085,.T.);
#10204=EDGE_CURVE('',#8819,#8820,#12086,.T.);
#10205=EDGE_CURVE('',#8819,#8821,#12087,.T.);
#10206=EDGE_CURVE('',#8821,#8822,#12088,.T.);
#10207=EDGE_CURVE('',#8820,#8822,#12089,.T.);
#10208=EDGE_CURVE('',#8820,#8817,#12090,.T.);
#10209=EDGE_CURVE('',#8818,#8822,#12091,.T.);
#10210=EDGE_CURVE('',#8823,#8824,#12092,.T.);
#10211=EDGE_CURVE('',#8823,#8825,#12093,.T.);
#10212=EDGE_CURVE('',#8825,#8826,#12094,.T.);
#10213=EDGE_CURVE('',#8824,#8826,#12095,.T.);
#10214=EDGE_CURVE('',#8827,#8828,#12096,.T.);
#10215=EDGE_CURVE('',#8827,#8829,#12097,.T.);
#10216=EDGE_CURVE('',#8829,#8830,#12098,.T.);
#10217=EDGE_CURVE('',#8828,#8830,#12099,.T.);
#10218=EDGE_CURVE('',#8828,#8825,#12100,.T.);
#10219=EDGE_CURVE('',#8826,#8830,#12101,.T.);
#10220=EDGE_CURVE('',#8831,#8832,#12102,.T.);
#10221=EDGE_CURVE('',#8831,#8833,#12103,.T.);
#10222=EDGE_CURVE('',#8833,#8834,#12104,.T.);
#10223=EDGE_CURVE('',#8832,#8834,#12105,.T.);
#10224=EDGE_CURVE('',#8835,#8836,#12106,.T.);
#10225=EDGE_CURVE('',#8835,#8837,#12107,.T.);
#10226=EDGE_CURVE('',#8837,#8838,#12108,.T.);
#10227=EDGE_CURVE('',#8836,#8838,#12109,.T.);
#10228=EDGE_CURVE('',#8836,#8833,#12110,.T.);
#10229=EDGE_CURVE('',#8834,#8838,#12111,.T.);
#10230=EDGE_CURVE('',#8839,#8840,#12112,.T.);
#10231=EDGE_CURVE('',#8839,#8841,#12113,.T.);
#10232=EDGE_CURVE('',#8841,#8842,#12114,.T.);
#10233=EDGE_CURVE('',#8840,#8842,#12115,.T.);
#10234=EDGE_CURVE('',#8843,#8844,#12116,.T.);
#10235=EDGE_CURVE('',#8843,#8845,#12117,.T.);
#10236=EDGE_CURVE('',#8845,#8846,#12118,.T.);
#10237=EDGE_CURVE('',#8844,#8846,#12119,.T.);
#10238=EDGE_CURVE('',#8844,#8841,#12120,.T.);
#10239=EDGE_CURVE('',#8842,#8846,#12121,.T.);
#10240=EDGE_CURVE('',#8847,#8848,#12122,.T.);
#10241=EDGE_CURVE('',#8847,#8849,#12123,.T.);
#10242=EDGE_CURVE('',#8849,#8850,#12124,.T.);
#10243=EDGE_CURVE('',#8848,#8850,#12125,.T.);
#10244=EDGE_CURVE('',#8851,#8852,#12126,.T.);
#10245=EDGE_CURVE('',#8851,#8853,#12127,.T.);
#10246=EDGE_CURVE('',#8853,#8854,#12128,.T.);
#10247=EDGE_CURVE('',#8852,#8854,#12129,.T.);
#10248=EDGE_CURVE('',#8852,#8849,#12130,.T.);
#10249=EDGE_CURVE('',#8850,#8854,#12131,.T.);
#10250=EDGE_CURVE('',#8855,#8856,#12132,.T.);
#10251=EDGE_CURVE('',#8855,#8857,#12133,.T.);
#10252=EDGE_CURVE('',#8857,#8858,#12134,.T.);
#10253=EDGE_CURVE('',#8856,#8858,#12135,.T.);
#10254=EDGE_CURVE('',#8859,#8860,#12136,.T.);
#10255=EDGE_CURVE('',#8859,#8861,#12137,.T.);
#10256=EDGE_CURVE('',#8861,#8862,#12138,.T.);
#10257=EDGE_CURVE('',#8860,#8862,#12139,.T.);
#10258=EDGE_CURVE('',#8860,#8857,#12140,.T.);
#10259=EDGE_CURVE('',#8858,#8862,#12141,.T.);
#10260=EDGE_CURVE('',#8863,#8864,#12142,.T.);
#10261=EDGE_CURVE('',#8863,#8865,#12143,.T.);
#10262=EDGE_CURVE('',#8865,#8866,#12144,.T.);
#10263=EDGE_CURVE('',#8864,#8866,#12145,.T.);
#10264=EDGE_CURVE('',#8867,#8868,#12146,.T.);
#10265=EDGE_CURVE('',#8867,#8869,#12147,.T.);
#10266=EDGE_CURVE('',#8869,#8870,#12148,.T.);
#10267=EDGE_CURVE('',#8868,#8870,#12149,.T.);
#10268=EDGE_CURVE('',#8868,#8865,#12150,.T.);
#10269=EDGE_CURVE('',#8866,#8870,#12151,.T.);
#10270=EDGE_CURVE('',#8871,#8872,#12152,.T.);
#10271=EDGE_CURVE('',#8871,#8873,#12153,.T.);
#10272=EDGE_CURVE('',#8873,#8874,#12154,.T.);
#10273=EDGE_CURVE('',#8872,#8874,#12155,.T.);
#10274=EDGE_CURVE('',#8875,#8876,#12156,.T.);
#10275=EDGE_CURVE('',#8875,#8877,#12157,.T.);
#10276=EDGE_CURVE('',#8877,#8878,#12158,.T.);
#10277=EDGE_CURVE('',#8876,#8878,#12159,.T.);
#10278=EDGE_CURVE('',#8876,#8873,#12160,.T.);
#10279=EDGE_CURVE('',#8874,#8878,#12161,.T.);
#10280=EDGE_CURVE('',#8879,#8880,#12162,.T.);
#10281=EDGE_CURVE('',#8879,#8881,#12163,.T.);
#10282=EDGE_CURVE('',#8881,#8882,#12164,.T.);
#10283=EDGE_CURVE('',#8880,#8882,#12165,.T.);
#10284=EDGE_CURVE('',#8883,#8884,#12166,.T.);
#10285=EDGE_CURVE('',#8883,#8885,#12167,.T.);
#10286=EDGE_CURVE('',#8885,#8886,#12168,.T.);
#10287=EDGE_CURVE('',#8884,#8886,#12169,.T.);
#10288=EDGE_CURVE('',#8884,#8881,#12170,.T.);
#10289=EDGE_CURVE('',#8882,#8886,#12171,.T.);
#10290=EDGE_CURVE('',#8887,#8888,#12172,.T.);
#10291=EDGE_CURVE('',#8887,#8889,#12173,.T.);
#10292=EDGE_CURVE('',#8889,#8890,#12174,.T.);
#10293=EDGE_CURVE('',#8888,#8890,#12175,.T.);
#10294=EDGE_CURVE('',#8891,#8892,#12176,.T.);
#10295=EDGE_CURVE('',#8891,#8893,#12177,.T.);
#10296=EDGE_CURVE('',#8893,#8894,#12178,.T.);
#10297=EDGE_CURVE('',#8892,#8894,#12179,.T.);
#10298=EDGE_CURVE('',#8892,#8889,#12180,.T.);
#10299=EDGE_CURVE('',#8890,#8894,#12181,.T.);
#10300=EDGE_CURVE('',#8895,#8896,#12182,.T.);
#10301=EDGE_CURVE('',#8895,#8897,#12183,.T.);
#10302=EDGE_CURVE('',#8897,#8898,#12184,.T.);
#10303=EDGE_CURVE('',#8896,#8898,#12185,.T.);
#10304=EDGE_CURVE('',#8899,#8900,#12186,.T.);
#10305=EDGE_CURVE('',#8899,#8901,#12187,.T.);
#10306=EDGE_CURVE('',#8901,#8902,#12188,.T.);
#10307=EDGE_CURVE('',#8900,#8902,#12189,.T.);
#10308=EDGE_CURVE('',#8903,#8904,#12190,.T.);
#10309=EDGE_CURVE('',#8903,#8905,#12191,.T.);
#10310=EDGE_CURVE('',#8906,#8905,#12192,.T.);
#10311=EDGE_CURVE('',#8904,#8906,#12193,.T.);
#10312=EDGE_CURVE('',#8907,#8908,#12194,.T.);
#10313=EDGE_CURVE('',#8907,#8904,#12195,.T.);
#10314=EDGE_CURVE('',#8908,#8906,#12196,.T.);
#10315=EDGE_CURVE('',#8909,#8903,#12197,.T.);
#10316=EDGE_CURVE('',#8909,#8910,#12198,.T.);
#10317=EDGE_CURVE('',#8910,#8905,#12199,.T.);
#10318=EDGE_CURVE('',#8900,#8897,#12200,.T.);
#10319=EDGE_CURVE('',#8898,#8902,#12201,.T.);
#10320=EDGE_CURVE('',#8911,#8912,#12202,.T.);
#10321=EDGE_CURVE('',#8911,#8913,#12203,.T.);
#10322=EDGE_CURVE('',#8913,#8914,#12204,.T.);
#10323=EDGE_CURVE('',#8914,#8912,#12205,.T.);
#10324=EDGE_CURVE('',#8915,#8916,#12206,.T.);
#10325=EDGE_CURVE('',#8916,#8917,#12207,.T.);
#10326=EDGE_CURVE('',#8918,#8917,#12208,.T.);
#10327=EDGE_CURVE('',#8915,#8918,#12209,.T.);
#10328=EDGE_CURVE('',#8912,#8917,#12210,.T.);
#10329=EDGE_CURVE('',#8918,#8914,#12211,.T.);
#10330=EDGE_CURVE('',#8919,#8920,#12212,.T.);
#10331=EDGE_CURVE('',#8919,#8921,#12213,.T.);
#10332=EDGE_CURVE('',#8921,#8922,#12214,.T.);
#10333=EDGE_CURVE('',#8922,#8920,#12215,.T.);
#10334=EDGE_CURVE('',#8923,#8924,#12216,.T.);
#10335=EDGE_CURVE('',#8924,#8925,#12217,.T.);
#10336=EDGE_CURVE('',#8926,#8925,#12218,.T.);
#10337=EDGE_CURVE('',#8923,#8926,#12219,.T.);
#10338=EDGE_CURVE('',#8920,#8925,#12220,.T.);
#10339=EDGE_CURVE('',#8926,#8922,#12221,.T.);
#10340=EDGE_CURVE('',#8927,#8928,#12222,.T.);
#10341=EDGE_CURVE('',#8927,#8929,#12223,.T.);
#10342=EDGE_CURVE('',#8929,#8930,#12224,.T.);
#10343=EDGE_CURVE('',#8930,#8928,#12225,.T.);
#10344=EDGE_CURVE('',#8931,#8932,#12226,.T.);
#10345=EDGE_CURVE('',#8932,#8933,#12227,.T.);
#10346=EDGE_CURVE('',#8934,#8933,#12228,.T.);
#10347=EDGE_CURVE('',#8931,#8934,#12229,.T.);
#10348=EDGE_CURVE('',#8928,#8933,#12230,.T.);
#10349=EDGE_CURVE('',#8934,#8930,#12231,.T.);
#10350=EDGE_CURVE('',#8935,#8936,#12232,.T.);
#10351=EDGE_CURVE('',#8935,#8937,#12233,.T.);
#10352=EDGE_CURVE('',#8937,#8938,#12234,.T.);
#10353=EDGE_CURVE('',#8938,#8936,#12235,.T.);
#10354=EDGE_CURVE('',#8939,#8940,#12236,.T.);
#10355=EDGE_CURVE('',#8940,#8941,#12237,.T.);
#10356=EDGE_CURVE('',#8942,#8941,#12238,.T.);
#10357=EDGE_CURVE('',#8939,#8942,#12239,.T.);
#10358=EDGE_CURVE('',#8936,#8941,#12240,.T.);
#10359=EDGE_CURVE('',#8942,#8938,#12241,.T.);
#10360=EDGE_CURVE('',#8943,#8944,#12242,.T.);
#10361=EDGE_CURVE('',#8943,#8945,#12243,.T.);
#10362=EDGE_CURVE('',#8945,#8946,#12244,.T.);
#10363=EDGE_CURVE('',#8946,#8944,#12245,.T.);
#10364=EDGE_CURVE('',#8947,#8948,#12246,.T.);
#10365=EDGE_CURVE('',#8948,#8949,#12247,.T.);
#10366=EDGE_CURVE('',#8950,#8949,#12248,.T.);
#10367=EDGE_CURVE('',#8947,#8950,#12249,.T.);
#10368=EDGE_CURVE('',#8944,#8949,#12250,.T.);
#10369=EDGE_CURVE('',#8950,#8946,#12251,.T.);
#10370=EDGE_CURVE('',#8951,#8952,#12252,.T.);
#10371=EDGE_CURVE('',#8951,#8953,#12253,.T.);
#10372=EDGE_CURVE('',#8953,#8954,#12254,.T.);
#10373=EDGE_CURVE('',#8954,#8952,#12255,.T.);
#10374=EDGE_CURVE('',#8955,#8956,#12256,.T.);
#10375=EDGE_CURVE('',#8956,#8957,#12257,.T.);
#10376=EDGE_CURVE('',#8958,#8957,#12258,.T.);
#10377=EDGE_CURVE('',#8955,#8958,#12259,.T.);
#10378=EDGE_CURVE('',#8952,#8957,#12260,.T.);
#10379=EDGE_CURVE('',#8958,#8954,#12261,.T.);
#10380=EDGE_CURVE('',#8959,#8960,#12262,.T.);
#10381=EDGE_CURVE('',#8959,#8961,#12263,.T.);
#10382=EDGE_CURVE('',#8961,#8962,#12264,.T.);
#10383=EDGE_CURVE('',#8962,#8960,#12265,.T.);
#10384=EDGE_CURVE('',#8963,#8964,#12266,.T.);
#10385=EDGE_CURVE('',#8964,#8965,#12267,.T.);
#10386=EDGE_CURVE('',#8966,#8965,#12268,.T.);
#10387=EDGE_CURVE('',#8963,#8966,#12269,.T.);
#10388=EDGE_CURVE('',#8960,#8965,#12270,.T.);
#10389=EDGE_CURVE('',#8966,#8962,#12271,.T.);
#10390=EDGE_CURVE('',#8967,#8968,#12272,.T.);
#10391=EDGE_CURVE('',#8967,#8969,#12273,.T.);
#10392=EDGE_CURVE('',#8969,#8970,#12274,.T.);
#10393=EDGE_CURVE('',#8970,#8968,#12275,.T.);
#10394=EDGE_CURVE('',#8971,#8972,#12276,.T.);
#10395=EDGE_CURVE('',#8972,#8973,#12277,.T.);
#10396=EDGE_CURVE('',#8974,#8973,#12278,.T.);
#10397=EDGE_CURVE('',#8971,#8974,#12279,.T.);
#10398=EDGE_CURVE('',#8968,#8973,#12280,.T.);
#10399=EDGE_CURVE('',#8974,#8970,#12281,.T.);
#10400=EDGE_CURVE('',#8975,#8976,#12282,.T.);
#10401=EDGE_CURVE('',#8975,#8977,#12283,.T.);
#10402=EDGE_CURVE('',#8977,#8978,#12284,.T.);
#10403=EDGE_CURVE('',#8978,#8976,#12285,.T.);
#10404=EDGE_CURVE('',#8979,#8980,#12286,.T.);
#10405=EDGE_CURVE('',#8980,#8981,#12287,.T.);
#10406=EDGE_CURVE('',#8982,#8981,#12288,.T.);
#10407=EDGE_CURVE('',#8979,#8982,#12289,.T.);
#10408=EDGE_CURVE('',#8976,#8981,#12290,.T.);
#10409=EDGE_CURVE('',#8982,#8978,#12291,.T.);
#10410=EDGE_CURVE('',#8983,#8984,#12292,.T.);
#10411=EDGE_CURVE('',#8983,#8985,#12293,.T.);
#10412=EDGE_CURVE('',#8985,#8986,#12294,.T.);
#10413=EDGE_CURVE('',#8986,#8984,#12295,.T.);
#10414=EDGE_CURVE('',#8987,#8988,#12296,.T.);
#10415=EDGE_CURVE('',#8988,#8989,#12297,.T.);
#10416=EDGE_CURVE('',#8990,#8989,#12298,.T.);
#10417=EDGE_CURVE('',#8987,#8990,#12299,.T.);
#10418=EDGE_CURVE('',#8984,#8989,#12300,.T.);
#10419=EDGE_CURVE('',#8990,#8986,#12301,.T.);
#10420=EDGE_CURVE('',#8991,#8992,#12302,.T.);
#10421=EDGE_CURVE('',#8991,#8993,#12303,.T.);
#10422=EDGE_CURVE('',#8993,#8994,#12304,.T.);
#10423=EDGE_CURVE('',#8994,#8992,#12305,.T.);
#10424=EDGE_CURVE('',#8995,#8996,#12306,.T.);
#10425=EDGE_CURVE('',#8996,#8997,#12307,.T.);
#10426=EDGE_CURVE('',#8998,#8997,#12308,.T.);
#10427=EDGE_CURVE('',#8995,#8998,#12309,.T.);
#10428=EDGE_CURVE('',#8992,#8997,#12310,.T.);
#10429=EDGE_CURVE('',#8998,#8994,#12311,.T.);
#10430=EDGE_CURVE('',#8999,#9000,#12312,.T.);
#10431=EDGE_CURVE('',#8999,#9001,#12313,.T.);
#10432=EDGE_CURVE('',#9001,#9002,#12314,.T.);
#10433=EDGE_CURVE('',#9002,#9000,#12315,.T.);
#10434=EDGE_CURVE('',#9003,#9004,#12316,.T.);
#10435=EDGE_CURVE('',#9004,#9005,#12317,.T.);
#10436=EDGE_CURVE('',#9006,#9005,#12318,.T.);
#10437=EDGE_CURVE('',#9003,#9006,#12319,.T.);
#10438=EDGE_CURVE('',#9000,#9005,#12320,.T.);
#10439=EDGE_CURVE('',#9006,#9002,#12321,.T.);
#10440=EDGE_CURVE('',#9007,#9008,#12322,.T.);
#10441=EDGE_CURVE('',#9007,#9009,#12323,.T.);
#10442=EDGE_CURVE('',#9009,#9010,#12324,.T.);
#10443=EDGE_CURVE('',#9010,#9008,#12325,.T.);
#10444=EDGE_CURVE('',#9011,#9012,#12326,.T.);
#10445=EDGE_CURVE('',#9012,#9013,#12327,.T.);
#10446=EDGE_CURVE('',#9014,#9013,#12328,.T.);
#10447=EDGE_CURVE('',#9011,#9014,#12329,.T.);
#10448=EDGE_CURVE('',#9008,#9013,#12330,.T.);
#10449=EDGE_CURVE('',#9014,#9010,#12331,.T.);
#10450=EDGE_CURVE('',#9015,#9016,#12332,.T.);
#10451=EDGE_CURVE('',#9015,#9017,#12333,.T.);
#10452=EDGE_CURVE('',#9017,#9018,#12334,.T.);
#10453=EDGE_CURVE('',#9018,#9016,#12335,.T.);
#10454=EDGE_CURVE('',#9019,#9020,#12336,.T.);
#10455=EDGE_CURVE('',#9020,#9021,#12337,.T.);
#10456=EDGE_CURVE('',#9022,#9021,#12338,.T.);
#10457=EDGE_CURVE('',#9019,#9022,#12339,.T.);
#10458=EDGE_CURVE('',#9016,#9021,#12340,.T.);
#10459=EDGE_CURVE('',#9022,#9018,#12341,.T.);
#10460=EDGE_CURVE('',#9023,#9024,#12342,.T.);
#10461=EDGE_CURVE('',#9023,#9025,#12343,.T.);
#10462=EDGE_CURVE('',#9025,#9026,#12344,.T.);
#10463=EDGE_CURVE('',#9026,#9024,#12345,.T.);
#10464=EDGE_CURVE('',#9027,#9028,#12346,.T.);
#10465=EDGE_CURVE('',#9028,#9029,#12347,.T.);
#10466=EDGE_CURVE('',#9030,#9029,#12348,.T.);
#10467=EDGE_CURVE('',#9027,#9030,#12349,.T.);
#10468=EDGE_CURVE('',#9024,#9029,#12350,.T.);
#10469=EDGE_CURVE('',#9030,#9026,#12351,.T.);
#10470=EDGE_CURVE('',#9031,#9032,#12352,.T.);
#10471=EDGE_CURVE('',#9031,#9033,#12353,.T.);
#10472=EDGE_CURVE('',#9033,#9034,#12354,.T.);
#10473=EDGE_CURVE('',#9034,#9032,#12355,.T.);
#10474=EDGE_CURVE('',#9035,#9036,#12356,.T.);
#10475=EDGE_CURVE('',#9036,#9037,#12357,.T.);
#10476=EDGE_CURVE('',#9038,#9037,#12358,.T.);
#10477=EDGE_CURVE('',#9035,#9038,#12359,.T.);
#10478=EDGE_CURVE('',#9032,#9037,#12360,.T.);
#10479=EDGE_CURVE('',#9038,#9034,#12361,.T.);
#10480=EDGE_CURVE('',#9039,#9040,#12362,.T.);
#10481=EDGE_CURVE('',#9039,#9041,#12363,.T.);
#10482=EDGE_CURVE('',#9041,#9042,#12364,.T.);
#10483=EDGE_CURVE('',#9042,#9040,#12365,.T.);
#10484=EDGE_CURVE('',#9043,#9044,#12366,.T.);
#10485=EDGE_CURVE('',#9044,#9045,#12367,.T.);
#10486=EDGE_CURVE('',#9046,#9045,#12368,.T.);
#10487=EDGE_CURVE('',#9043,#9046,#12369,.T.);
#10488=EDGE_CURVE('',#9040,#9045,#12370,.T.);
#10489=EDGE_CURVE('',#9046,#9042,#12371,.T.);
#10490=EDGE_CURVE('',#9047,#9048,#12372,.T.);
#10491=EDGE_CURVE('',#9047,#9049,#12373,.T.);
#10492=EDGE_CURVE('',#9049,#9050,#12374,.T.);
#10493=EDGE_CURVE('',#9050,#9048,#12375,.T.);
#10494=EDGE_CURVE('',#9051,#9052,#12376,.T.);
#10495=EDGE_CURVE('',#9052,#9053,#12377,.T.);
#10496=EDGE_CURVE('',#9054,#9053,#12378,.T.);
#10497=EDGE_CURVE('',#9051,#9054,#12379,.T.);
#10498=EDGE_CURVE('',#9048,#9053,#12380,.T.);
#10499=EDGE_CURVE('',#9054,#9050,#12381,.T.);
#10500=EDGE_CURVE('',#9055,#9056,#12382,.T.);
#10501=EDGE_CURVE('',#9055,#9057,#12383,.T.);
#10502=EDGE_CURVE('',#9057,#9058,#12384,.T.);
#10503=EDGE_CURVE('',#9058,#9056,#12385,.T.);
#10504=EDGE_CURVE('',#9059,#9060,#12386,.T.);
#10505=EDGE_CURVE('',#9060,#9061,#12387,.T.);
#10506=EDGE_CURVE('',#9062,#9061,#12388,.T.);
#10507=EDGE_CURVE('',#9059,#9062,#12389,.T.);
#10508=EDGE_CURVE('',#9056,#9061,#12390,.T.);
#10509=EDGE_CURVE('',#9062,#9058,#12391,.T.);
#10510=EDGE_CURVE('',#9063,#9064,#12392,.T.);
#10511=EDGE_CURVE('',#9063,#9065,#12393,.T.);
#10512=EDGE_CURVE('',#9065,#9066,#12394,.T.);
#10513=EDGE_CURVE('',#9066,#9064,#12395,.T.);
#10514=EDGE_CURVE('',#9067,#9068,#12396,.T.);
#10515=EDGE_CURVE('',#9068,#9069,#12397,.T.);
#10516=EDGE_CURVE('',#9070,#9069,#12398,.T.);
#10517=EDGE_CURVE('',#9067,#9070,#12399,.T.);
#10518=EDGE_CURVE('',#9064,#9069,#12400,.T.);
#10519=EDGE_CURVE('',#9070,#9066,#12401,.T.);
#10520=EDGE_CURVE('',#9071,#9072,#12402,.T.);
#10521=EDGE_CURVE('',#9071,#9073,#12403,.T.);
#10522=EDGE_CURVE('',#9073,#9074,#12404,.T.);
#10523=EDGE_CURVE('',#9074,#9072,#12405,.T.);
#10524=EDGE_CURVE('',#9075,#9076,#12406,.T.);
#10525=EDGE_CURVE('',#9076,#9077,#12407,.T.);
#10526=EDGE_CURVE('',#9078,#9077,#12408,.T.);
#10527=EDGE_CURVE('',#9075,#9078,#12409,.T.);
#10528=EDGE_CURVE('',#9072,#9077,#12410,.T.);
#10529=EDGE_CURVE('',#9078,#9074,#12411,.T.);
#10530=EDGE_CURVE('',#9079,#9080,#12412,.T.);
#10531=EDGE_CURVE('',#9079,#9081,#12413,.T.);
#10532=EDGE_CURVE('',#9081,#9082,#12414,.T.);
#10533=EDGE_CURVE('',#9082,#9080,#12415,.T.);
#10534=EDGE_CURVE('',#9083,#9084,#12416,.T.);
#10535=EDGE_CURVE('',#9084,#9085,#12417,.T.);
#10536=EDGE_CURVE('',#9086,#9085,#12418,.T.);
#10537=EDGE_CURVE('',#9083,#9086,#12419,.T.);
#10538=EDGE_CURVE('',#9080,#9085,#12420,.T.);
#10539=EDGE_CURVE('',#9086,#9082,#12421,.T.);
#10540=EDGE_CURVE('',#9087,#9088,#12422,.T.);
#10541=EDGE_CURVE('',#9087,#9089,#12423,.T.);
#10542=EDGE_CURVE('',#9089,#9090,#12424,.T.);
#10543=EDGE_CURVE('',#9090,#9088,#12425,.T.);
#10544=EDGE_CURVE('',#9091,#9092,#12426,.T.);
#10545=EDGE_CURVE('',#9092,#9093,#12427,.T.);
#10546=EDGE_CURVE('',#9094,#9093,#12428,.T.);
#10547=EDGE_CURVE('',#9091,#9094,#12429,.T.);
#10548=EDGE_CURVE('',#9088,#9093,#12430,.T.);
#10549=EDGE_CURVE('',#9094,#9090,#12431,.T.);
#10550=EDGE_CURVE('',#9095,#9096,#12432,.T.);
#10551=EDGE_CURVE('',#9095,#9097,#12433,.T.);
#10552=EDGE_CURVE('',#9097,#9098,#12434,.T.);
#10553=EDGE_CURVE('',#9098,#9096,#12435,.T.);
#10554=EDGE_CURVE('',#9099,#9100,#12436,.T.);
#10555=EDGE_CURVE('',#9100,#9101,#12437,.T.);
#10556=EDGE_CURVE('',#9102,#9101,#12438,.T.);
#10557=EDGE_CURVE('',#9099,#9102,#12439,.T.);
#10558=EDGE_CURVE('',#9096,#9101,#12440,.T.);
#10559=EDGE_CURVE('',#9102,#9098,#12441,.T.);
#10560=EDGE_CURVE('',#9103,#9104,#12442,.T.);
#10561=EDGE_CURVE('',#9103,#9105,#12443,.T.);
#10562=EDGE_CURVE('',#9105,#9106,#12444,.T.);
#10563=EDGE_CURVE('',#9106,#9104,#12445,.T.);
#10564=EDGE_CURVE('',#9107,#9108,#12446,.T.);
#10565=EDGE_CURVE('',#9108,#9109,#12447,.T.);
#10566=EDGE_CURVE('',#9110,#9109,#12448,.T.);
#10567=EDGE_CURVE('',#9107,#9110,#12449,.T.);
#10568=EDGE_CURVE('',#9104,#9109,#12450,.T.);
#10569=EDGE_CURVE('',#9110,#9106,#12451,.T.);
#10570=EDGE_CURVE('',#9111,#9112,#12452,.T.);
#10571=EDGE_CURVE('',#9111,#9113,#12453,.T.);
#10572=EDGE_CURVE('',#9113,#9114,#12454,.T.);
#10573=EDGE_CURVE('',#9114,#9112,#12455,.T.);
#10574=EDGE_CURVE('',#9115,#9116,#12456,.T.);
#10575=EDGE_CURVE('',#9116,#9117,#12457,.T.);
#10576=EDGE_CURVE('',#9118,#9117,#12458,.T.);
#10577=EDGE_CURVE('',#9115,#9118,#12459,.T.);
#10578=EDGE_CURVE('',#9112,#9117,#12460,.T.);
#10579=EDGE_CURVE('',#9118,#9114,#12461,.T.);
#10580=EDGE_CURVE('',#9119,#9120,#12462,.T.);
#10581=EDGE_CURVE('',#9119,#9121,#12463,.T.);
#10582=EDGE_CURVE('',#9121,#9122,#12464,.T.);
#10583=EDGE_CURVE('',#9122,#9120,#12465,.T.);
#10584=EDGE_CURVE('',#9123,#9124,#12466,.T.);
#10585=EDGE_CURVE('',#9124,#9125,#12467,.T.);
#10586=EDGE_CURVE('',#9126,#9125,#12468,.T.);
#10587=EDGE_CURVE('',#9123,#9126,#12469,.T.);
#10588=EDGE_CURVE('',#9120,#9125,#12470,.T.);
#10589=EDGE_CURVE('',#9126,#9122,#12471,.T.);
#10590=EDGE_CURVE('',#9127,#9128,#12472,.T.);
#10591=EDGE_CURVE('',#9127,#9129,#12473,.T.);
#10592=EDGE_CURVE('',#9129,#9130,#12474,.T.);
#10593=EDGE_CURVE('',#9130,#9128,#12475,.T.);
#10594=EDGE_CURVE('',#9131,#9132,#12476,.T.);
#10595=EDGE_CURVE('',#9132,#9133,#12477,.T.);
#10596=EDGE_CURVE('',#9134,#9133,#12478,.T.);
#10597=EDGE_CURVE('',#9131,#9134,#12479,.T.);
#10598=EDGE_CURVE('',#9128,#9133,#12480,.T.);
#10599=EDGE_CURVE('',#9134,#9130,#12481,.T.);
#10600=EDGE_CURVE('',#9135,#9136,#12482,.T.);
#10601=EDGE_CURVE('',#9135,#9137,#12483,.T.);
#10602=EDGE_CURVE('',#9137,#9138,#12484,.T.);
#10603=EDGE_CURVE('',#9138,#9136,#12485,.T.);
#10604=EDGE_CURVE('',#9139,#9140,#12486,.T.);
#10605=EDGE_CURVE('',#9140,#9141,#12487,.T.);
#10606=EDGE_CURVE('',#9142,#9141,#12488,.T.);
#10607=EDGE_CURVE('',#9139,#9142,#12489,.T.);
#10608=EDGE_CURVE('',#9136,#9141,#12490,.T.);
#10609=EDGE_CURVE('',#9142,#9138,#12491,.T.);
#10610=EDGE_CURVE('',#9143,#9144,#12492,.T.);
#10611=EDGE_CURVE('',#9143,#9145,#12493,.T.);
#10612=EDGE_CURVE('',#9145,#9146,#12494,.T.);
#10613=EDGE_CURVE('',#9146,#9144,#12495,.T.);
#10614=EDGE_CURVE('',#9147,#9148,#12496,.T.);
#10615=EDGE_CURVE('',#9148,#9149,#12497,.T.);
#10616=EDGE_CURVE('',#9150,#9149,#12498,.T.);
#10617=EDGE_CURVE('',#9147,#9150,#12499,.T.);
#10618=EDGE_CURVE('',#9144,#9149,#12500,.T.);
#10619=EDGE_CURVE('',#9150,#9146,#12501,.T.);
#10620=EDGE_CURVE('',#9151,#9152,#12502,.T.);
#10621=EDGE_CURVE('',#9151,#9153,#12503,.T.);
#10622=EDGE_CURVE('',#9153,#9154,#12504,.T.);
#10623=EDGE_CURVE('',#9154,#9152,#12505,.T.);
#10624=EDGE_CURVE('',#9155,#9156,#12506,.T.);
#10625=EDGE_CURVE('',#9156,#9157,#12507,.T.);
#10626=EDGE_CURVE('',#9158,#9157,#12508,.T.);
#10627=EDGE_CURVE('',#9155,#9158,#12509,.T.);
#10628=EDGE_CURVE('',#9152,#9157,#12510,.T.);
#10629=EDGE_CURVE('',#9158,#9154,#12511,.T.);
#10630=EDGE_CURVE('',#9159,#9160,#12512,.T.);
#10631=EDGE_CURVE('',#9159,#9161,#12513,.T.);
#10632=EDGE_CURVE('',#9161,#9162,#12514,.T.);
#10633=EDGE_CURVE('',#9162,#9160,#12515,.T.);
#10634=EDGE_CURVE('',#9163,#9164,#12516,.T.);
#10635=EDGE_CURVE('',#9164,#9165,#12517,.T.);
#10636=EDGE_CURVE('',#9166,#9165,#12518,.T.);
#10637=EDGE_CURVE('',#9163,#9166,#12519,.T.);
#10638=EDGE_CURVE('',#9160,#9165,#12520,.T.);
#10639=EDGE_CURVE('',#9166,#9162,#12521,.T.);
#10640=EDGE_CURVE('',#9167,#9168,#12522,.T.);
#10641=EDGE_CURVE('',#9167,#9169,#12523,.T.);
#10642=EDGE_CURVE('',#9169,#9170,#12524,.T.);
#10643=EDGE_CURVE('',#9170,#9168,#12525,.T.);
#10644=EDGE_CURVE('',#9171,#9172,#12526,.T.);
#10645=EDGE_CURVE('',#9172,#9173,#12527,.T.);
#10646=EDGE_CURVE('',#9174,#9173,#12528,.T.);
#10647=EDGE_CURVE('',#9171,#9174,#12529,.T.);
#10648=EDGE_CURVE('',#9168,#9173,#12530,.T.);
#10649=EDGE_CURVE('',#9174,#9170,#12531,.T.);
#10650=EDGE_CURVE('',#9175,#9176,#12532,.T.);
#10651=EDGE_CURVE('',#9175,#9177,#12533,.T.);
#10652=EDGE_CURVE('',#9177,#9178,#12534,.T.);
#10653=EDGE_CURVE('',#9178,#9176,#12535,.T.);
#10654=EDGE_CURVE('',#9179,#9180,#12536,.T.);
#10655=EDGE_CURVE('',#9180,#9181,#12537,.T.);
#10656=EDGE_CURVE('',#9182,#9181,#12538,.T.);
#10657=EDGE_CURVE('',#9179,#9182,#12539,.T.);
#10658=EDGE_CURVE('',#9183,#9184,#12540,.T.);
#10659=EDGE_CURVE('',#9183,#9185,#12541,.T.);
#10660=EDGE_CURVE('',#9185,#9186,#12542,.T.);
#10661=EDGE_CURVE('',#9186,#9184,#12543,.T.);
#10662=EDGE_CURVE('',#9176,#9181,#12544,.T.);
#10663=EDGE_CURVE('',#9182,#9178,#12545,.T.);
#10664=EDGE_CURVE('',#9187,#9188,#12546,.T.);
#10665=EDGE_CURVE('',#9188,#9189,#12547,.T.);
#10666=EDGE_CURVE('',#9190,#9189,#12548,.T.);
#10667=EDGE_CURVE('',#9190,#9187,#12549,.T.);
#10668=EDGE_CURVE('',#8635,#8637,#12550,.T.);
#10669=EDGE_CURVE('',#8636,#8638,#12551,.T.);
#10670=EDGE_CURVE('',#9191,#8633,#12552,.T.);
#10671=EDGE_CURVE('',#9192,#9191,#12553,.T.);
#10672=EDGE_CURVE('',#9192,#8634,#12554,.T.);
#10673=EDGE_CURVE('',#8643,#8639,#12555,.T.);
#10674=EDGE_CURVE('',#8640,#8645,#12556,.T.);
#10675=EDGE_CURVE('',#8651,#8647,#12557,.T.);
#10676=EDGE_CURVE('',#8648,#8653,#12558,.T.);
#10677=EDGE_CURVE('',#8659,#8655,#12559,.T.);
#10678=EDGE_CURVE('',#8656,#8661,#12560,.T.);
#10679=EDGE_CURVE('',#8667,#8663,#12561,.T.);
#10680=EDGE_CURVE('',#8664,#8669,#12562,.T.);
#10681=EDGE_CURVE('',#8675,#8671,#12563,.T.);
#10682=EDGE_CURVE('',#8672,#8677,#12564,.T.);
#10683=EDGE_CURVE('',#8683,#8679,#12565,.T.);
#10684=EDGE_CURVE('',#8680,#8685,#12566,.T.);
#10685=EDGE_CURVE('',#8691,#8687,#12567,.T.);
#10686=EDGE_CURVE('',#8688,#8693,#12568,.T.);
#10687=EDGE_CURVE('',#8699,#8695,#12569,.T.);
#10688=EDGE_CURVE('',#8696,#8701,#12570,.T.);
#10689=EDGE_CURVE('',#8707,#8703,#12571,.T.);
#10690=EDGE_CURVE('',#8704,#8709,#12572,.T.);
#10691=EDGE_CURVE('',#8715,#8711,#12573,.T.);
#10692=EDGE_CURVE('',#8712,#8717,#12574,.T.);
#10693=EDGE_CURVE('',#8723,#8719,#12575,.T.);
#10694=EDGE_CURVE('',#8720,#8725,#12576,.T.);
#10695=EDGE_CURVE('',#8731,#8727,#12577,.T.);
#10696=EDGE_CURVE('',#8728,#8733,#12578,.T.);
#10697=EDGE_CURVE('',#8739,#8735,#12579,.T.);
#10698=EDGE_CURVE('',#8736,#8741,#12580,.T.);
#10699=EDGE_CURVE('',#8747,#8743,#12581,.T.);
#10700=EDGE_CURVE('',#8744,#8749,#12582,.T.);
#10701=EDGE_CURVE('',#8755,#8751,#12583,.T.);
#10702=EDGE_CURVE('',#8752,#8757,#12584,.T.);
#10703=EDGE_CURVE('',#8763,#8759,#12585,.T.);
#10704=EDGE_CURVE('',#8760,#8765,#12586,.T.);
#10705=EDGE_CURVE('',#8771,#8767,#12587,.T.);
#10706=EDGE_CURVE('',#8768,#8773,#12588,.T.);
#10707=EDGE_CURVE('',#8779,#8775,#12589,.T.);
#10708=EDGE_CURVE('',#8776,#8781,#12590,.T.);
#10709=EDGE_CURVE('',#8787,#8783,#12591,.T.);
#10710=EDGE_CURVE('',#8784,#8789,#12592,.T.);
#10711=EDGE_CURVE('',#8795,#8791,#12593,.T.);
#10712=EDGE_CURVE('',#8792,#8797,#12594,.T.);
#10713=EDGE_CURVE('',#8803,#8799,#12595,.T.);
#10714=EDGE_CURVE('',#8800,#8805,#12596,.T.);
#10715=EDGE_CURVE('',#8811,#8807,#12597,.T.);
#10716=EDGE_CURVE('',#8808,#8813,#12598,.T.);
#10717=EDGE_CURVE('',#8819,#8815,#12599,.T.);
#10718=EDGE_CURVE('',#8816,#8821,#12600,.T.);
#10719=EDGE_CURVE('',#8827,#8823,#12601,.T.);
#10720=EDGE_CURVE('',#8824,#8829,#12602,.T.);
#10721=EDGE_CURVE('',#8835,#8831,#12603,.T.);
#10722=EDGE_CURVE('',#8832,#8837,#12604,.T.);
#10723=EDGE_CURVE('',#8843,#8839,#12605,.T.);
#10724=EDGE_CURVE('',#8840,#8845,#12606,.T.);
#10725=EDGE_CURVE('',#8851,#8847,#12607,.T.);
#10726=EDGE_CURVE('',#8848,#8853,#12608,.T.);
#10727=EDGE_CURVE('',#8859,#8855,#12609,.T.);
#10728=EDGE_CURVE('',#8856,#8861,#12610,.T.);
#10729=EDGE_CURVE('',#8867,#8863,#12611,.T.);
#10730=EDGE_CURVE('',#8864,#8869,#12612,.T.);
#10731=EDGE_CURVE('',#8875,#8871,#12613,.T.);
#10732=EDGE_CURVE('',#8872,#8877,#12614,.T.);
#10733=EDGE_CURVE('',#8883,#8879,#12615,.T.);
#10734=EDGE_CURVE('',#8880,#8885,#12616,.T.);
#10735=EDGE_CURVE('',#8891,#8887,#12617,.T.);
#10736=EDGE_CURVE('',#8888,#8893,#12618,.T.);
#10737=EDGE_CURVE('',#8899,#8895,#12619,.T.);
#10738=EDGE_CURVE('',#8896,#8901,#12620,.T.);
#10739=EDGE_CURVE('',#8909,#8907,#12621,.T.);
#10740=EDGE_CURVE('',#8908,#8910,#12622,.T.);
#10741=EDGE_CURVE('',#8911,#8916,#12623,.T.);
#10742=EDGE_CURVE('',#8915,#8913,#12624,.T.);
#10743=EDGE_CURVE('',#8919,#8924,#12625,.T.);
#10744=EDGE_CURVE('',#8923,#8921,#12626,.T.);
#10745=EDGE_CURVE('',#8927,#8932,#12627,.T.);
#10746=EDGE_CURVE('',#8931,#8929,#12628,.T.);
#10747=EDGE_CURVE('',#8935,#8940,#12629,.T.);
#10748=EDGE_CURVE('',#8939,#8937,#12630,.T.);
#10749=EDGE_CURVE('',#8943,#8948,#12631,.T.);
#10750=EDGE_CURVE('',#8947,#8945,#12632,.T.);
#10751=EDGE_CURVE('',#8951,#8956,#12633,.T.);
#10752=EDGE_CURVE('',#8955,#8953,#12634,.T.);
#10753=EDGE_CURVE('',#8959,#8964,#12635,.T.);
#10754=EDGE_CURVE('',#8963,#8961,#12636,.T.);
#10755=EDGE_CURVE('',#8967,#8972,#12637,.T.);
#10756=EDGE_CURVE('',#8971,#8969,#12638,.T.);
#10757=EDGE_CURVE('',#8975,#8980,#12639,.T.);
#10758=EDGE_CURVE('',#8979,#8977,#12640,.T.);
#10759=EDGE_CURVE('',#8983,#8988,#12641,.T.);
#10760=EDGE_CURVE('',#8987,#8985,#12642,.T.);
#10761=EDGE_CURVE('',#8991,#8996,#12643,.T.);
#10762=EDGE_CURVE('',#8995,#8993,#12644,.T.);
#10763=EDGE_CURVE('',#9003,#9001,#12645,.T.);
#10764=EDGE_CURVE('',#8999,#9004,#12646,.T.);
#10765=EDGE_CURVE('',#9011,#9009,#12647,.T.);
#10766=EDGE_CURVE('',#9007,#9012,#12648,.T.);
#10767=EDGE_CURVE('',#9019,#9017,#12649,.T.);
#10768=EDGE_CURVE('',#9015,#9020,#12650,.T.);
#10769=EDGE_CURVE('',#9027,#9025,#12651,.T.);
#10770=EDGE_CURVE('',#9023,#9028,#12652,.T.);
#10771=EDGE_CURVE('',#9035,#9033,#12653,.T.);
#10772=EDGE_CURVE('',#9031,#9036,#12654,.T.);
#10773=EDGE_CURVE('',#9043,#9041,#12655,.T.);
#10774=EDGE_CURVE('',#9039,#9044,#12656,.T.);
#10775=EDGE_CURVE('',#9051,#9049,#12657,.T.);
#10776=EDGE_CURVE('',#9047,#9052,#12658,.T.);
#10777=EDGE_CURVE('',#9059,#9057,#12659,.T.);
#10778=EDGE_CURVE('',#9055,#9060,#12660,.T.);
#10779=EDGE_CURVE('',#9067,#9065,#12661,.T.);
#10780=EDGE_CURVE('',#9063,#9068,#12662,.T.);
#10781=EDGE_CURVE('',#9075,#9073,#12663,.T.);
#10782=EDGE_CURVE('',#9071,#9076,#12664,.T.);
#10783=EDGE_CURVE('',#9083,#9081,#12665,.T.);
#10784=EDGE_CURVE('',#9079,#9084,#12666,.T.);
#10785=EDGE_CURVE('',#9091,#9089,#12667,.T.);
#10786=EDGE_CURVE('',#9087,#9092,#12668,.T.);
#10787=EDGE_CURVE('',#9099,#9097,#12669,.T.);
#10788=EDGE_CURVE('',#9095,#9100,#12670,.T.);
#10789=EDGE_CURVE('',#9107,#9105,#12671,.T.);
#10790=EDGE_CURVE('',#9103,#9108,#12672,.T.);
#10791=EDGE_CURVE('',#9115,#9113,#12673,.T.);
#10792=EDGE_CURVE('',#9111,#9116,#12674,.T.);
#10793=EDGE_CURVE('',#9123,#9121,#12675,.T.);
#10794=EDGE_CURVE('',#9119,#9124,#12676,.T.);
#10795=EDGE_CURVE('',#9131,#9129,#12677,.T.);
#10796=EDGE_CURVE('',#9127,#9132,#12678,.T.);
#10797=EDGE_CURVE('',#9139,#9137,#12679,.T.);
#10798=EDGE_CURVE('',#9135,#9140,#12680,.T.);
#10799=EDGE_CURVE('',#9147,#9145,#12681,.T.);
#10800=EDGE_CURVE('',#9143,#9148,#12682,.T.);
#10801=EDGE_CURVE('',#9155,#9153,#12683,.T.);
#10802=EDGE_CURVE('',#9151,#9156,#12684,.T.);
#10803=EDGE_CURVE('',#9163,#9161,#12685,.T.);
#10804=EDGE_CURVE('',#9159,#9164,#12686,.T.);
#10805=EDGE_CURVE('',#9171,#9169,#12687,.T.);
#10806=EDGE_CURVE('',#9167,#9172,#12688,.T.);
#10807=EDGE_CURVE('',#9179,#9177,#12689,.T.);
#10808=EDGE_CURVE('',#9175,#9180,#12690,.T.);
#10809=EDGE_CURVE('',#9193,#9194,#12691,.T.);
#10810=EDGE_CURVE('',#9195,#9194,#12692,.T.);
#10811=EDGE_CURVE('',#9196,#9195,#12693,.T.);
#10812=EDGE_CURVE('',#9197,#9196,#12694,.T.);
#10813=EDGE_CURVE('',#9198,#9197,#12695,.T.);
#10814=EDGE_CURVE('',#9199,#9198,#12696,.T.);
#10815=EDGE_CURVE('',#9199,#9200,#12697,.T.);
#10816=EDGE_CURVE('',#9200,#9201,#12698,.T.);
#10817=EDGE_CURVE('',#9201,#9202,#12699,.T.);
#10818=EDGE_CURVE('',#9202,#9203,#12700,.T.);
#10819=EDGE_CURVE('',#9203,#9204,#12701,.T.);
#10820=EDGE_CURVE('',#9204,#9193,#12702,.T.);
#10821=EDGE_CURVE('',#9183,#9188,#12703,.T.);
#10822=EDGE_CURVE('',#9187,#9185,#12704,.T.);
#10823=EDGE_CURVE('',#9205,#9206,#12705,.T.);
#10824=EDGE_CURVE('',#9206,#9207,#12706,.T.);
#10825=EDGE_CURVE('',#9207,#9208,#12707,.T.);
#10826=EDGE_CURVE('',#9205,#9208,#12708,.T.);
#10827=EDGE_CURVE('',#9209,#9210,#12709,.T.);
#10828=EDGE_CURVE('',#9210,#9211,#12710,.T.);
#10829=EDGE_CURVE('',#9211,#9212,#12711,.T.);
#10830=EDGE_CURVE('',#9212,#9209,#12712,.T.);
#10831=EDGE_CURVE('',#9206,#9213,#12713,.T.);
#10832=EDGE_CURVE('',#9213,#9214,#12714,.T.);
#10833=EDGE_CURVE('',#9207,#9214,#12715,.T.);
#10834=EDGE_CURVE('',#9200,#9215,#12716,.T.);
#10835=EDGE_CURVE('',#9199,#9216,#12717,.T.);
#10836=EDGE_CURVE('',#9216,#9217,#12718,.T.);
#10837=EDGE_CURVE('',#9218,#9217,#12719,.T.);
#10838=EDGE_CURVE('',#9215,#9218,#12720,.T.);
#10839=EDGE_CURVE('',#9205,#9219,#12721,.T.);
#10840=EDGE_CURVE('',#9208,#9220,#12722,.T.);
#10841=EDGE_CURVE('',#9219,#9220,#12723,.T.);
#10842=EDGE_CURVE('',#9221,#9222,#12724,.T.);
#10843=EDGE_CURVE('',#9222,#9223,#12725,.T.);
#10844=EDGE_CURVE('',#9223,#9224,#12726,.T.);
#10845=EDGE_CURVE('',#9224,#9221,#12727,.T.);
#10846=EDGE_CURVE('',#9225,#9226,#12728,.T.);
#10847=EDGE_CURVE('',#9226,#9227,#12729,.T.);
#10848=EDGE_CURVE('',#9227,#9228,#12730,.T.);
#10849=EDGE_CURVE('',#9228,#9225,#12731,.T.);
#10850=EDGE_CURVE('',#9229,#9230,#12732,.T.);
#10851=EDGE_CURVE('',#9230,#9231,#12733,.T.);
#10852=EDGE_CURVE('',#9231,#9232,#12734,.T.);
#10853=EDGE_CURVE('',#9232,#9229,#12735,.T.);
#10854=EDGE_CURVE('',#9233,#9234,#12736,.T.);
#10855=EDGE_CURVE('',#9234,#9235,#12737,.T.);
#10856=EDGE_CURVE('',#9235,#9236,#12738,.T.);
#10857=EDGE_CURVE('',#9236,#9233,#12739,.T.);
#10858=EDGE_CURVE('',#9237,#9238,#12740,.T.);
#10859=EDGE_CURVE('',#9238,#9239,#12741,.T.);
#10860=EDGE_CURVE('',#9239,#9240,#12742,.T.);
#10861=EDGE_CURVE('',#9240,#9237,#12743,.T.);
#10862=EDGE_CURVE('',#9241,#9242,#12744,.T.);
#10863=EDGE_CURVE('',#9242,#9243,#12745,.T.);
#10864=EDGE_CURVE('',#9243,#9244,#12746,.T.);
#10865=EDGE_CURVE('',#9244,#9241,#12747,.T.);
#10866=EDGE_CURVE('',#9245,#9246,#12748,.T.);
#10867=EDGE_CURVE('',#9246,#9247,#12749,.T.);
#10868=EDGE_CURVE('',#9247,#9248,#12750,.T.);
#10869=EDGE_CURVE('',#9248,#9245,#12751,.T.);
#10870=EDGE_CURVE('',#9249,#9250,#12752,.T.);
#10871=EDGE_CURVE('',#9250,#9251,#12753,.T.);
#10872=EDGE_CURVE('',#9251,#9252,#12754,.T.);
#10873=EDGE_CURVE('',#9252,#9249,#12755,.T.);
#10874=EDGE_CURVE('',#9253,#9254,#12756,.T.);
#10875=EDGE_CURVE('',#9254,#9255,#12757,.T.);
#10876=EDGE_CURVE('',#9255,#9256,#12758,.T.);
#10877=EDGE_CURVE('',#9256,#9253,#12759,.T.);
#10878=EDGE_CURVE('',#9257,#9258,#12760,.T.);
#10879=EDGE_CURVE('',#9258,#9259,#12761,.T.);
#10880=EDGE_CURVE('',#9259,#9260,#12762,.T.);
#10881=EDGE_CURVE('',#9260,#9257,#12763,.T.);
#10882=EDGE_CURVE('',#9261,#9262,#12764,.T.);
#10883=EDGE_CURVE('',#9262,#9263,#12765,.T.);
#10884=EDGE_CURVE('',#9263,#9264,#12766,.T.);
#10885=EDGE_CURVE('',#9264,#9261,#12767,.T.);
#10886=EDGE_CURVE('',#9265,#9266,#12768,.T.);
#10887=EDGE_CURVE('',#9267,#9265,#12769,.T.);
#10888=EDGE_CURVE('',#9268,#9267,#12770,.T.);
#10889=EDGE_CURVE('',#9266,#9268,#12771,.T.);
#10890=EDGE_CURVE('',#9269,#9270,#12772,.T.);
#10891=EDGE_CURVE('',#9271,#9269,#12773,.T.);
#10892=EDGE_CURVE('',#9272,#9271,#12774,.T.);
#10893=EDGE_CURVE('',#9270,#9272,#12775,.T.);
#10894=EDGE_CURVE('',#9273,#9274,#12776,.T.);
#10895=EDGE_CURVE('',#9275,#9273,#12777,.T.);
#10896=EDGE_CURVE('',#9276,#9275,#12778,.T.);
#10897=EDGE_CURVE('',#9274,#9276,#12779,.T.);
#10898=EDGE_CURVE('',#9277,#9278,#12780,.T.);
#10899=EDGE_CURVE('',#9279,#9277,#12781,.T.);
#10900=EDGE_CURVE('',#9280,#9279,#12782,.T.);
#10901=EDGE_CURVE('',#9278,#9280,#12783,.T.);
#10902=EDGE_CURVE('',#9281,#9282,#12784,.T.);
#10903=EDGE_CURVE('',#9283,#9281,#12785,.T.);
#10904=EDGE_CURVE('',#9284,#9283,#12786,.T.);
#10905=EDGE_CURVE('',#9285,#9284,#12787,.T.);
#10906=EDGE_CURVE('',#9286,#9285,#12788,.T.);
#10907=EDGE_CURVE('',#9286,#9287,#12789,.T.);
#10908=EDGE_CURVE('',#9288,#9287,#12790,.T.);
#10909=EDGE_CURVE('',#9282,#9288,#12791,.T.);
#10910=EDGE_CURVE('',#9289,#9290,#12792,.T.);
#10911=EDGE_CURVE('',#9290,#9291,#12793,.T.);
#10912=EDGE_CURVE('',#9291,#9292,#12794,.T.);
#10913=EDGE_CURVE('',#9292,#9289,#12795,.T.);
#10914=EDGE_CURVE('',#9293,#9294,#12796,.T.);
#10915=EDGE_CURVE('',#9294,#9295,#12797,.T.);
#10916=EDGE_CURVE('',#9295,#9296,#12798,.T.);
#10917=EDGE_CURVE('',#9296,#9293,#12799,.T.);
#10918=EDGE_CURVE('',#9297,#9298,#12800,.T.);
#10919=EDGE_CURVE('',#9298,#9299,#12801,.T.);
#10920=EDGE_CURVE('',#9299,#9300,#12802,.T.);
#10921=EDGE_CURVE('',#9300,#9297,#12803,.T.);
#10922=EDGE_CURVE('',#9301,#9302,#12804,.T.);
#10923=EDGE_CURVE('',#9302,#9303,#12805,.T.);
#10924=EDGE_CURVE('',#9303,#9304,#12806,.T.);
#10925=EDGE_CURVE('',#9304,#9301,#12807,.T.);
#10926=EDGE_CURVE('',#9305,#9306,#12808,.T.);
#10927=EDGE_CURVE('',#9306,#9307,#12809,.T.);
#10928=EDGE_CURVE('',#9307,#9308,#12810,.T.);
#10929=EDGE_CURVE('',#9308,#9305,#12811,.T.);
#10930=EDGE_CURVE('',#9309,#9310,#12812,.T.);
#10931=EDGE_CURVE('',#9310,#9311,#12813,.T.);
#10932=EDGE_CURVE('',#9311,#9312,#12814,.T.);
#10933=EDGE_CURVE('',#9312,#9309,#12815,.T.);
#10934=EDGE_CURVE('',#9313,#9314,#12816,.T.);
#10935=EDGE_CURVE('',#9314,#9315,#12817,.T.);
#10936=EDGE_CURVE('',#9315,#9316,#12818,.T.);
#10937=EDGE_CURVE('',#9316,#9313,#12819,.T.);
#10938=EDGE_CURVE('',#9317,#9318,#12820,.T.);
#10939=EDGE_CURVE('',#9318,#9319,#12821,.T.);
#10940=EDGE_CURVE('',#9319,#9320,#12822,.T.);
#10941=EDGE_CURVE('',#9320,#9317,#12823,.T.);
#10942=EDGE_CURVE('',#9321,#9322,#12824,.T.);
#10943=EDGE_CURVE('',#9322,#9323,#12825,.T.);
#10944=EDGE_CURVE('',#9323,#9324,#12826,.T.);
#10945=EDGE_CURVE('',#9324,#9321,#12827,.T.);
#10946=EDGE_CURVE('',#9325,#9326,#12828,.T.);
#10947=EDGE_CURVE('',#9326,#9327,#12829,.T.);
#10948=EDGE_CURVE('',#9327,#9328,#12830,.T.);
#10949=EDGE_CURVE('',#9328,#9325,#12831,.T.);
#10950=EDGE_CURVE('',#9329,#9330,#12832,.T.);
#10951=EDGE_CURVE('',#9330,#9331,#12833,.T.);
#10952=EDGE_CURVE('',#9331,#9332,#12834,.T.);
#10953=EDGE_CURVE('',#9332,#9329,#12835,.T.);
#10954=EDGE_CURVE('',#9333,#9334,#12836,.T.);
#10955=EDGE_CURVE('',#9334,#9335,#12837,.T.);
#10956=EDGE_CURVE('',#9335,#9336,#12838,.T.);
#10957=EDGE_CURVE('',#9336,#9333,#12839,.T.);
#10958=EDGE_CURVE('',#9337,#9338,#12840,.T.);
#10959=EDGE_CURVE('',#9338,#9339,#12841,.T.);
#10960=EDGE_CURVE('',#9339,#9340,#12842,.T.);
#10961=EDGE_CURVE('',#9340,#9337,#12843,.T.);
#10962=EDGE_CURVE('',#9341,#9342,#12844,.T.);
#10963=EDGE_CURVE('',#9342,#9343,#12845,.T.);
#10964=EDGE_CURVE('',#9343,#9344,#12846,.T.);
#10965=EDGE_CURVE('',#9344,#9341,#12847,.T.);
#10966=EDGE_CURVE('',#9345,#9346,#12848,.T.);
#10967=EDGE_CURVE('',#9346,#9347,#12849,.T.);
#10968=EDGE_CURVE('',#9347,#9348,#12850,.T.);
#10969=EDGE_CURVE('',#9348,#9345,#12851,.T.);
#10970=EDGE_CURVE('',#9349,#9350,#12852,.T.);
#10971=EDGE_CURVE('',#9351,#9349,#12853,.T.);
#10972=EDGE_CURVE('',#9352,#9351,#12854,.T.);
#10973=EDGE_CURVE('',#9217,#9352,#12855,.T.);
#10974=EDGE_CURVE('',#9216,#9353,#12856,.T.);
#10975=EDGE_CURVE('',#9354,#9353,#12857,.T.);
#10976=EDGE_CURVE('',#9350,#9354,#12858,.T.);
#10977=EDGE_CURVE('',#9204,#9283,#12859,.T.);
#10978=EDGE_CURVE('',#9203,#9349,#12860,.T.);
#10979=EDGE_CURVE('',#9355,#9350,#12861,.T.);
#10980=EDGE_CURVE('',#9356,#9355,#12862,.T.);
#10981=EDGE_CURVE('',#9356,#9284,#12863,.T.);
#10982=EDGE_CURVE('',#9198,#9353,#12864,.T.);
#10983=EDGE_CURVE('',#9197,#9286,#12865,.T.);
#10984=EDGE_CURVE('',#9357,#9285,#12866,.T.);
#10985=EDGE_CURVE('',#9358,#9357,#12867,.T.);
#10986=EDGE_CURVE('',#9358,#9354,#12868,.T.);
#10987=EDGE_CURVE('',#9184,#9189,#12869,.T.);
#10988=EDGE_CURVE('',#9190,#9186,#12870,.T.);
#10989=EDGE_CURVE('',#9219,#9213,#12871,.T.);
#10990=EDGE_CURVE('',#9214,#9220,#12872,.T.);
#10991=EDGE_CURVE('',#9359,#9360,#12873,.T.);
#10992=EDGE_CURVE('',#9360,#9361,#12874,.T.);
#10993=EDGE_CURVE('',#9361,#9362,#12875,.T.);
#10994=EDGE_CURVE('',#9362,#9359,#12876,.T.);
#10995=EDGE_CURVE('',#9363,#9364,#12877,.T.);
#10996=EDGE_CURVE('',#9364,#9365,#12878,.T.);
#10997=EDGE_CURVE('',#9365,#9366,#12879,.T.);
#10998=EDGE_CURVE('',#9366,#9363,#12880,.T.);
#10999=EDGE_CURVE('',#9367,#9368,#12881,.T.);
#11000=EDGE_CURVE('',#9368,#9369,#12882,.T.);
#11001=EDGE_CURVE('',#9369,#9370,#12883,.T.);
#11002=EDGE_CURVE('',#9370,#9367,#12884,.T.);
#11003=EDGE_CURVE('',#9371,#9372,#12885,.T.);
#11004=EDGE_CURVE('',#9372,#9373,#12886,.T.);
#11005=EDGE_CURVE('',#9373,#9374,#12887,.T.);
#11006=EDGE_CURVE('',#9374,#9371,#12888,.T.);
#11007=EDGE_CURVE('',#9375,#9376,#12889,.T.);
#11008=EDGE_CURVE('',#9376,#9377,#12890,.T.);
#11009=EDGE_CURVE('',#9377,#9378,#12891,.T.);
#11010=EDGE_CURVE('',#9378,#9375,#12892,.T.);
#11011=EDGE_CURVE('',#9379,#9380,#12893,.T.);
#11012=EDGE_CURVE('',#9381,#9379,#12894,.T.);
#11013=EDGE_CURVE('',#9382,#9381,#12895,.T.);
#11014=EDGE_CURVE('',#9380,#9382,#12896,.T.);
#11015=EDGE_CURVE('',#9383,#9384,#12897,.T.);
#11016=EDGE_CURVE('',#9384,#9385,#12898,.T.);
#11017=EDGE_CURVE('',#9385,#9386,#12899,.T.);
#11018=EDGE_CURVE('',#9386,#9383,#12900,.T.);
#11019=EDGE_CURVE('',#9387,#9388,#12901,.T.);
#11020=EDGE_CURVE('',#9388,#9389,#12902,.T.);
#11021=EDGE_CURVE('',#9389,#9390,#12903,.T.);
#11022=EDGE_CURVE('',#9390,#9387,#12904,.T.);
#11023=EDGE_CURVE('',#9391,#9392,#12905,.T.);
#11024=EDGE_CURVE('',#9392,#9393,#12906,.T.);
#11025=EDGE_CURVE('',#9393,#9394,#12907,.T.);
#11026=EDGE_CURVE('',#9394,#9391,#12908,.T.);
#11027=EDGE_CURVE('',#9395,#9396,#12909,.T.);
#11028=EDGE_CURVE('',#9396,#9397,#12910,.T.);
#11029=EDGE_CURVE('',#9397,#9398,#12911,.T.);
#11030=EDGE_CURVE('',#9398,#9395,#12912,.T.);
#11031=EDGE_CURVE('',#9399,#9400,#12913,.T.);
#11032=EDGE_CURVE('',#9400,#9401,#12914,.T.);
#11033=EDGE_CURVE('',#9401,#9402,#12915,.T.);
#11034=EDGE_CURVE('',#9402,#9399,#12916,.T.);
#11035=EDGE_CURVE('',#9403,#9380,#12917,.T.);
#11036=EDGE_CURVE('',#9404,#9403,#12918,.T.);
#11037=EDGE_CURVE('',#9404,#9379,#12919,.T.);
#11038=EDGE_CURVE('',#9405,#9382,#12920,.T.);
#11039=EDGE_CURVE('',#9403,#9405,#12921,.T.);
#11040=EDGE_CURVE('',#9406,#9381,#12922,.T.);
#11041=EDGE_CURVE('',#9405,#9406,#12923,.T.);
#11042=EDGE_CURVE('',#9406,#9404,#12924,.T.);
#11043=EDGE_CURVE('',#9375,#9407,#12925,.T.);
#11044=EDGE_CURVE('',#9408,#9407,#12926,.T.);
#11045=EDGE_CURVE('',#9376,#9408,#12927,.T.);
#11046=EDGE_CURVE('',#9409,#9408,#12928,.T.);
#11047=EDGE_CURVE('',#9377,#9409,#12929,.T.);
#11048=EDGE_CURVE('',#9410,#9409,#12930,.T.);
#11049=EDGE_CURVE('',#9378,#9410,#12931,.T.);
#11050=EDGE_CURVE('',#9407,#9410,#12932,.T.);
#11051=EDGE_CURVE('',#9383,#9411,#12933,.T.);
#11052=EDGE_CURVE('',#9412,#9411,#12934,.T.);
#11053=EDGE_CURVE('',#9384,#9412,#12935,.T.);
#11054=EDGE_CURVE('',#9413,#9412,#12936,.T.);
#11055=EDGE_CURVE('',#9385,#9413,#12937,.T.);
#11056=EDGE_CURVE('',#9414,#9413,#12938,.T.);
#11057=EDGE_CURVE('',#9386,#9414,#12939,.T.);
#11058=EDGE_CURVE('',#9411,#9414,#12940,.T.);
#11059=EDGE_CURVE('',#9371,#9415,#12941,.T.);
#11060=EDGE_CURVE('',#9416,#9415,#12942,.T.);
#11061=EDGE_CURVE('',#9372,#9416,#12943,.T.);
#11062=EDGE_CURVE('',#9417,#9416,#12944,.T.);
#11063=EDGE_CURVE('',#9373,#9417,#12945,.T.);
#11064=EDGE_CURVE('',#9418,#9417,#12946,.T.);
#11065=EDGE_CURVE('',#9374,#9418,#12947,.T.);
#11066=EDGE_CURVE('',#9415,#9418,#12948,.T.);
#11067=EDGE_CURVE('',#9387,#9419,#12949,.T.);
#11068=EDGE_CURVE('',#9420,#9419,#12950,.T.);
#11069=EDGE_CURVE('',#9388,#9420,#12951,.T.);
#11070=EDGE_CURVE('',#9421,#9420,#12952,.T.);
#11071=EDGE_CURVE('',#9389,#9421,#12953,.T.);
#11072=EDGE_CURVE('',#9422,#9421,#12954,.T.);
#11073=EDGE_CURVE('',#9390,#9422,#12955,.T.);
#11074=EDGE_CURVE('',#9419,#9422,#12956,.T.);
#11075=EDGE_CURVE('',#9367,#9423,#12957,.T.);
#11076=EDGE_CURVE('',#9424,#9423,#12958,.T.);
#11077=EDGE_CURVE('',#9368,#9424,#12959,.T.);
#11078=EDGE_CURVE('',#9425,#9424,#12960,.T.);
#11079=EDGE_CURVE('',#9369,#9425,#12961,.T.);
#11080=EDGE_CURVE('',#9426,#9425,#12962,.T.);
#11081=EDGE_CURVE('',#9370,#9426,#12963,.T.);
#11082=EDGE_CURVE('',#9423,#9426,#12964,.T.);
#11083=EDGE_CURVE('',#9391,#9427,#12965,.T.);
#11084=EDGE_CURVE('',#9428,#9427,#12966,.T.);
#11085=EDGE_CURVE('',#9392,#9428,#12967,.T.);
#11086=EDGE_CURVE('',#9429,#9428,#12968,.T.);
#11087=EDGE_CURVE('',#9393,#9429,#12969,.T.);
#11088=EDGE_CURVE('',#9430,#9429,#12970,.T.);
#11089=EDGE_CURVE('',#9394,#9430,#12971,.T.);
#11090=EDGE_CURVE('',#9427,#9430,#12972,.T.);
#11091=EDGE_CURVE('',#9363,#9431,#12973,.T.);
#11092=EDGE_CURVE('',#9432,#9431,#12974,.T.);
#11093=EDGE_CURVE('',#9364,#9432,#12975,.T.);
#11094=EDGE_CURVE('',#9433,#9432,#12976,.T.);
#11095=EDGE_CURVE('',#9365,#9433,#12977,.T.);
#11096=EDGE_CURVE('',#9434,#9433,#12978,.T.);
#11097=EDGE_CURVE('',#9366,#9434,#12979,.T.);
#11098=EDGE_CURVE('',#9431,#9434,#12980,.T.);
#11099=EDGE_CURVE('',#9395,#9435,#12981,.T.);
#11100=EDGE_CURVE('',#9436,#9435,#12982,.T.);
#11101=EDGE_CURVE('',#9396,#9436,#12983,.T.);
#11102=EDGE_CURVE('',#9437,#9436,#12984,.T.);
#11103=EDGE_CURVE('',#9397,#9437,#12985,.T.);
#11104=EDGE_CURVE('',#9438,#9437,#12986,.T.);
#11105=EDGE_CURVE('',#9398,#9438,#12987,.T.);
#11106=EDGE_CURVE('',#9435,#9438,#12988,.T.);
#11107=EDGE_CURVE('',#9359,#9439,#12989,.T.);
#11108=EDGE_CURVE('',#9440,#9439,#12990,.T.);
#11109=EDGE_CURVE('',#9360,#9440,#12991,.T.);
#11110=EDGE_CURVE('',#9441,#9440,#12992,.T.);
#11111=EDGE_CURVE('',#9361,#9441,#12993,.T.);
#11112=EDGE_CURVE('',#9442,#9441,#12994,.T.);
#11113=EDGE_CURVE('',#9362,#9442,#12995,.T.);
#11114=EDGE_CURVE('',#9439,#9442,#12996,.T.);
#11115=EDGE_CURVE('',#9399,#9443,#12997,.T.);
#11116=EDGE_CURVE('',#9444,#9443,#12998,.T.);
#11117=EDGE_CURVE('',#9400,#9444,#12999,.T.);
#11118=EDGE_CURVE('',#9445,#9444,#13000,.T.);
#11119=EDGE_CURVE('',#9401,#9445,#13001,.T.);
#11120=EDGE_CURVE('',#9446,#9445,#13002,.T.);
#11121=EDGE_CURVE('',#9402,#9446,#13003,.T.);
#11122=EDGE_CURVE('',#9443,#9446,#13004,.T.);
#11123=EDGE_CURVE('',#9355,#9358,#13005,.T.);
#11124=EDGE_CURVE('',#9357,#9356,#13006,.T.);
#11125=EDGE_CURVE('',#9447,#9289,#13007,.T.);
#11126=EDGE_CURVE('',#9447,#9448,#13008,.T.);
#11127=EDGE_CURVE('',#9448,#9290,#13009,.T.);
#11128=EDGE_CURVE('',#9448,#9449,#13010,.T.);
#11129=EDGE_CURVE('',#9449,#9291,#13011,.T.);
#11130=EDGE_CURVE('',#9449,#9450,#13012,.T.);
#11131=EDGE_CURVE('',#9450,#9292,#13013,.T.);
#11132=EDGE_CURVE('',#9450,#9447,#13014,.T.);
#11133=EDGE_CURVE('',#9451,#9293,#13015,.T.);
#11134=EDGE_CURVE('',#9451,#9452,#13016,.T.);
#11135=EDGE_CURVE('',#9452,#9294,#13017,.T.);
#11136=EDGE_CURVE('',#9452,#9453,#13018,.T.);
#11137=EDGE_CURVE('',#9453,#9295,#13019,.T.);
#11138=EDGE_CURVE('',#9453,#9454,#13020,.T.);
#11139=EDGE_CURVE('',#9454,#9296,#13021,.T.);
#11140=EDGE_CURVE('',#9454,#9451,#13022,.T.);
#11141=EDGE_CURVE('',#9455,#9297,#13023,.T.);
#11142=EDGE_CURVE('',#9455,#9456,#13024,.T.);
#11143=EDGE_CURVE('',#9456,#9298,#13025,.T.);
#11144=EDGE_CURVE('',#9456,#9457,#13026,.T.);
#11145=EDGE_CURVE('',#9457,#9299,#13027,.T.);
#11146=EDGE_CURVE('',#9457,#9458,#13028,.T.);
#11147=EDGE_CURVE('',#9458,#9300,#13029,.T.);
#11148=EDGE_CURVE('',#9458,#9455,#13030,.T.);
#11149=EDGE_CURVE('',#9459,#9301,#13031,.T.);
#11150=EDGE_CURVE('',#9459,#9460,#13032,.T.);
#11151=EDGE_CURVE('',#9460,#9302,#13033,.T.);
#11152=EDGE_CURVE('',#9460,#9461,#13034,.T.);
#11153=EDGE_CURVE('',#9461,#9303,#13035,.T.);
#11154=EDGE_CURVE('',#9461,#9462,#13036,.T.);
#11155=EDGE_CURVE('',#9462,#9304,#13037,.T.);
#11156=EDGE_CURVE('',#9462,#9459,#13038,.T.);
#11157=EDGE_CURVE('',#9463,#9305,#13039,.T.);
#11158=EDGE_CURVE('',#9463,#9464,#13040,.T.);
#11159=EDGE_CURVE('',#9464,#9306,#13041,.T.);
#11160=EDGE_CURVE('',#9464,#9465,#13042,.T.);
#11161=EDGE_CURVE('',#9465,#9307,#13043,.T.);
#11162=EDGE_CURVE('',#9465,#9466,#13044,.T.);
#11163=EDGE_CURVE('',#9466,#9308,#13045,.T.);
#11164=EDGE_CURVE('',#9466,#9463,#13046,.T.);
#11165=EDGE_CURVE('',#9467,#9309,#13047,.T.);
#11166=EDGE_CURVE('',#9467,#9468,#13048,.T.);
#11167=EDGE_CURVE('',#9468,#9310,#13049,.T.);
#11168=EDGE_CURVE('',#9468,#9469,#13050,.T.);
#11169=EDGE_CURVE('',#9469,#9311,#13051,.T.);
#11170=EDGE_CURVE('',#9469,#9470,#13052,.T.);
#11171=EDGE_CURVE('',#9470,#9312,#13053,.T.);
#11172=EDGE_CURVE('',#9470,#9467,#13054,.T.);
#11173=EDGE_CURVE('',#9471,#9313,#13055,.T.);
#11174=EDGE_CURVE('',#9471,#9472,#13056,.T.);
#11175=EDGE_CURVE('',#9472,#9314,#13057,.T.);
#11176=EDGE_CURVE('',#9472,#9473,#13058,.T.);
#11177=EDGE_CURVE('',#9473,#9315,#13059,.T.);
#11178=EDGE_CURVE('',#9473,#9474,#13060,.T.);
#11179=EDGE_CURVE('',#9474,#9316,#13061,.T.);
#11180=EDGE_CURVE('',#9474,#9471,#13062,.T.);
#11181=EDGE_CURVE('',#9475,#9317,#13063,.T.);
#11182=EDGE_CURVE('',#9475,#9476,#13064,.T.);
#11183=EDGE_CURVE('',#9476,#9318,#13065,.T.);
#11184=EDGE_CURVE('',#9476,#9477,#13066,.T.);
#11185=EDGE_CURVE('',#9477,#9319,#13067,.T.);
#11186=EDGE_CURVE('',#9477,#9478,#13068,.T.);
#11187=EDGE_CURVE('',#9478,#9320,#13069,.T.);
#11188=EDGE_CURVE('',#9478,#9475,#13070,.T.);
#11189=EDGE_CURVE('',#9479,#9321,#13071,.T.);
#11190=EDGE_CURVE('',#9479,#9480,#13072,.T.);
#11191=EDGE_CURVE('',#9480,#9322,#13073,.T.);
#11192=EDGE_CURVE('',#9480,#9481,#13074,.T.);
#11193=EDGE_CURVE('',#9481,#9323,#13075,.T.);
#11194=EDGE_CURVE('',#9481,#9482,#13076,.T.);
#11195=EDGE_CURVE('',#9482,#9324,#13077,.T.);
#11196=EDGE_CURVE('',#9482,#9479,#13078,.T.);
#11197=EDGE_CURVE('',#9483,#9325,#13079,.T.);
#11198=EDGE_CURVE('',#9483,#9484,#13080,.T.);
#11199=EDGE_CURVE('',#9484,#9326,#13081,.T.);
#11200=EDGE_CURVE('',#9484,#9485,#13082,.T.);
#11201=EDGE_CURVE('',#9485,#9327,#13083,.T.);
#11202=EDGE_CURVE('',#9485,#9486,#13084,.T.);
#11203=EDGE_CURVE('',#9486,#9328,#13085,.T.);
#11204=EDGE_CURVE('',#9486,#9483,#13086,.T.);
#11205=EDGE_CURVE('',#9487,#9329,#13087,.T.);
#11206=EDGE_CURVE('',#9487,#9488,#13088,.T.);
#11207=EDGE_CURVE('',#9488,#9330,#13089,.T.);
#11208=EDGE_CURVE('',#9488,#9489,#13090,.T.);
#11209=EDGE_CURVE('',#9489,#9331,#13091,.T.);
#11210=EDGE_CURVE('',#9489,#9490,#13092,.T.);
#11211=EDGE_CURVE('',#9490,#9332,#13093,.T.);
#11212=EDGE_CURVE('',#9490,#9487,#13094,.T.);
#11213=EDGE_CURVE('',#9491,#9261,#13095,.T.);
#11214=EDGE_CURVE('',#9491,#9492,#13096,.T.);
#11215=EDGE_CURVE('',#9492,#9262,#13097,.T.);
#11216=EDGE_CURVE('',#9492,#9493,#13098,.T.);
#11217=EDGE_CURVE('',#9493,#9263,#13099,.T.);
#11218=EDGE_CURVE('',#9493,#9494,#13100,.T.);
#11219=EDGE_CURVE('',#9494,#9264,#13101,.T.);
#11220=EDGE_CURVE('',#9494,#9491,#13102,.T.);
#11221=EDGE_CURVE('',#9495,#9257,#13103,.T.);
#11222=EDGE_CURVE('',#9495,#9496,#13104,.T.);
#11223=EDGE_CURVE('',#9496,#9258,#13105,.T.);
#11224=EDGE_CURVE('',#9496,#9497,#13106,.T.);
#11225=EDGE_CURVE('',#9497,#9259,#13107,.T.);
#11226=EDGE_CURVE('',#9497,#9498,#13108,.T.);
#11227=EDGE_CURVE('',#9498,#9260,#13109,.T.);
#11228=EDGE_CURVE('',#9498,#9495,#13110,.T.);
#11229=EDGE_CURVE('',#9499,#9253,#13111,.T.);
#11230=EDGE_CURVE('',#9499,#9500,#13112,.T.);
#11231=EDGE_CURVE('',#9500,#9254,#13113,.T.);
#11232=EDGE_CURVE('',#9500,#9501,#13114,.T.);
#11233=EDGE_CURVE('',#9501,#9255,#13115,.T.);
#11234=EDGE_CURVE('',#9501,#9502,#13116,.T.);
#11235=EDGE_CURVE('',#9502,#9256,#13117,.T.);
#11236=EDGE_CURVE('',#9502,#9499,#13118,.T.);
#11237=EDGE_CURVE('',#9503,#9249,#13119,.T.);
#11238=EDGE_CURVE('',#9503,#9504,#13120,.T.);
#11239=EDGE_CURVE('',#9504,#9250,#13121,.T.);
#11240=EDGE_CURVE('',#9504,#9505,#13122,.T.);
#11241=EDGE_CURVE('',#9505,#9251,#13123,.T.);
#11242=EDGE_CURVE('',#9505,#9506,#13124,.T.);
#11243=EDGE_CURVE('',#9506,#9252,#13125,.T.);
#11244=EDGE_CURVE('',#9506,#9503,#13126,.T.);
#11245=EDGE_CURVE('',#9507,#9245,#13127,.T.);
#11246=EDGE_CURVE('',#9507,#9508,#13128,.T.);
#11247=EDGE_CURVE('',#9508,#9246,#13129,.T.);
#11248=EDGE_CURVE('',#9508,#9509,#13130,.T.);
#11249=EDGE_CURVE('',#9509,#9247,#13131,.T.);
#11250=EDGE_CURVE('',#9509,#9510,#13132,.T.);
#11251=EDGE_CURVE('',#9510,#9248,#13133,.T.);
#11252=EDGE_CURVE('',#9510,#9507,#13134,.T.);
#11253=EDGE_CURVE('',#9511,#9241,#13135,.T.);
#11254=EDGE_CURVE('',#9511,#9512,#13136,.T.);
#11255=EDGE_CURVE('',#9512,#9242,#13137,.T.);
#11256=EDGE_CURVE('',#9512,#9513,#13138,.T.);
#11257=EDGE_CURVE('',#9513,#9243,#13139,.T.);
#11258=EDGE_CURVE('',#9513,#9514,#13140,.T.);
#11259=EDGE_CURVE('',#9514,#9244,#13141,.T.);
#11260=EDGE_CURVE('',#9514,#9511,#13142,.T.);
#11261=EDGE_CURVE('',#9515,#9237,#13143,.T.);
#11262=EDGE_CURVE('',#9515,#9516,#13144,.T.);
#11263=EDGE_CURVE('',#9516,#9238,#13145,.T.);
#11264=EDGE_CURVE('',#9516,#9517,#13146,.T.);
#11265=EDGE_CURVE('',#9517,#9239,#13147,.T.);
#11266=EDGE_CURVE('',#9517,#9518,#13148,.T.);
#11267=EDGE_CURVE('',#9518,#9240,#13149,.T.);
#11268=EDGE_CURVE('',#9518,#9515,#13150,.T.);
#11269=EDGE_CURVE('',#9519,#9233,#13151,.T.);
#11270=EDGE_CURVE('',#9519,#9520,#13152,.T.);
#11271=EDGE_CURVE('',#9520,#9234,#13153,.T.);
#11272=EDGE_CURVE('',#9520,#9521,#13154,.T.);
#11273=EDGE_CURVE('',#9521,#9235,#13155,.T.);
#11274=EDGE_CURVE('',#9521,#9522,#13156,.T.);
#11275=EDGE_CURVE('',#9522,#9236,#13157,.T.);
#11276=EDGE_CURVE('',#9522,#9519,#13158,.T.);
#11277=EDGE_CURVE('',#9523,#9229,#13159,.T.);
#11278=EDGE_CURVE('',#9523,#9524,#13160,.T.);
#11279=EDGE_CURVE('',#9524,#9230,#13161,.T.);
#11280=EDGE_CURVE('',#9524,#9525,#13162,.T.);
#11281=EDGE_CURVE('',#9525,#9231,#13163,.T.);
#11282=EDGE_CURVE('',#9525,#9526,#13164,.T.);
#11283=EDGE_CURVE('',#9526,#9232,#13165,.T.);
#11284=EDGE_CURVE('',#9526,#9523,#13166,.T.);
#11285=EDGE_CURVE('',#9527,#9225,#13167,.T.);
#11286=EDGE_CURVE('',#9527,#9528,#13168,.T.);
#11287=EDGE_CURVE('',#9528,#9226,#13169,.T.);
#11288=EDGE_CURVE('',#9528,#9529,#13170,.T.);
#11289=EDGE_CURVE('',#9529,#9227,#13171,.T.);
#11290=EDGE_CURVE('',#9529,#9530,#13172,.T.);
#11291=EDGE_CURVE('',#9530,#9228,#13173,.T.);
#11292=EDGE_CURVE('',#9530,#9527,#13174,.T.);
#11293=EDGE_CURVE('',#9531,#9221,#13175,.T.);
#11294=EDGE_CURVE('',#9531,#9532,#13176,.T.);
#11295=EDGE_CURVE('',#9532,#9222,#13177,.T.);
#11296=EDGE_CURVE('',#9532,#9533,#13178,.T.);
#11297=EDGE_CURVE('',#9533,#9223,#13179,.T.);
#11298=EDGE_CURVE('',#9533,#9534,#13180,.T.);
#11299=EDGE_CURVE('',#9534,#9224,#13181,.T.);
#11300=EDGE_CURVE('',#9534,#9531,#13182,.T.);
#11301=EDGE_CURVE('',#9535,#9265,#13183,.T.);
#11302=EDGE_CURVE('',#9536,#9535,#13184,.T.);
#11303=EDGE_CURVE('',#9536,#9267,#13185,.T.);
#11304=EDGE_CURVE('',#9537,#9266,#13186,.T.);
#11305=EDGE_CURVE('',#9535,#9537,#13187,.T.);
#11306=EDGE_CURVE('',#9538,#9268,#13188,.T.);
#11307=EDGE_CURVE('',#9537,#9538,#13189,.T.);
#11308=EDGE_CURVE('',#9538,#9536,#13190,.T.);
#11309=EDGE_CURVE('',#9539,#9269,#13191,.T.);
#11310=EDGE_CURVE('',#9540,#9539,#13192,.T.);
#11311=EDGE_CURVE('',#9540,#9271,#13193,.T.);
#11312=EDGE_CURVE('',#9541,#9270,#13194,.T.);
#11313=EDGE_CURVE('',#9539,#9541,#13195,.T.);
#11314=EDGE_CURVE('',#9542,#9272,#13196,.T.);
#11315=EDGE_CURVE('',#9541,#9542,#13197,.T.);
#11316=EDGE_CURVE('',#9542,#9540,#13198,.T.);
#11317=EDGE_CURVE('',#9543,#9273,#13199,.T.);
#11318=EDGE_CURVE('',#9544,#9543,#13200,.T.);
#11319=EDGE_CURVE('',#9544,#9275,#13201,.T.);
#11320=EDGE_CURVE('',#9545,#9274,#13202,.T.);
#11321=EDGE_CURVE('',#9543,#9545,#13203,.T.);
#11322=EDGE_CURVE('',#9546,#9276,#13204,.T.);
#11323=EDGE_CURVE('',#9545,#9546,#13205,.T.);
#11324=EDGE_CURVE('',#9546,#9544,#13206,.T.);
#11325=EDGE_CURVE('',#9547,#9277,#13207,.T.);
#11326=EDGE_CURVE('',#9548,#9547,#13208,.T.);
#11327=EDGE_CURVE('',#9548,#9279,#13209,.T.);
#11328=EDGE_CURVE('',#9549,#9278,#13210,.T.);
#11329=EDGE_CURVE('',#9547,#9549,#13211,.T.);
#11330=EDGE_CURVE('',#9550,#9280,#13212,.T.);
#11331=EDGE_CURVE('',#9549,#9550,#13213,.T.);
#11332=EDGE_CURVE('',#9550,#9548,#13214,.T.);
#11333=EDGE_CURVE('',#9194,#9211,#13215,.T.);
#11334=EDGE_CURVE('',#9193,#9281,#13216,.T.);
#11335=EDGE_CURVE('',#9212,#9282,#13217,.T.);
#11336=EDGE_CURVE('',#9209,#9288,#13218,.T.);
#11337=EDGE_CURVE('',#9195,#9210,#13219,.T.);
#11338=EDGE_CURVE('',#9196,#9287,#13220,.T.);
#11339=EDGE_CURVE('',#9201,#9551,#13221,.T.);
#11340=EDGE_CURVE('',#9552,#9551,#13222,.T.);
#11341=EDGE_CURVE('',#9552,#9352,#13223,.T.);
#11342=EDGE_CURVE('',#9202,#9351,#13224,.T.);
#11343=EDGE_CURVE('',#9218,#9552,#13225,.T.);
#11344=EDGE_CURVE('',#9215,#9551,#13226,.T.);
#11345=EDGE_CURVE('',#9553,#9333,#13227,.T.);
#11346=EDGE_CURVE('',#9553,#9554,#13228,.T.);
#11347=EDGE_CURVE('',#9554,#9334,#13229,.T.);
#11348=EDGE_CURVE('',#9554,#9555,#13230,.T.);
#11349=EDGE_CURVE('',#9555,#9335,#13231,.T.);
#11350=EDGE_CURVE('',#9555,#9556,#13232,.T.);
#11351=EDGE_CURVE('',#9556,#9336,#13233,.T.);
#11352=EDGE_CURVE('',#9556,#9553,#13234,.T.);
#11353=EDGE_CURVE('',#9557,#9337,#13235,.T.);
#11354=EDGE_CURVE('',#9557,#9558,#13236,.T.);
#11355=EDGE_CURVE('',#9558,#9338,#13237,.T.);
#11356=EDGE_CURVE('',#9558,#9559,#13238,.T.);
#11357=EDGE_CURVE('',#9559,#9339,#13239,.T.);
#11358=EDGE_CURVE('',#9559,#9560,#13240,.T.);
#11359=EDGE_CURVE('',#9560,#9340,#13241,.T.);
#11360=EDGE_CURVE('',#9560,#9557,#13242,.T.);
#11361=EDGE_CURVE('',#9561,#9341,#13243,.T.);
#11362=EDGE_CURVE('',#9561,#9562,#13244,.T.);
#11363=EDGE_CURVE('',#9562,#9342,#13245,.T.);
#11364=EDGE_CURVE('',#9562,#9563,#13246,.T.);
#11365=EDGE_CURVE('',#9563,#9343,#13247,.T.);
#11366=EDGE_CURVE('',#9563,#9564,#13248,.T.);
#11367=EDGE_CURVE('',#9564,#9344,#13249,.T.);
#11368=EDGE_CURVE('',#9564,#9561,#13250,.T.);
#11369=EDGE_CURVE('',#9565,#9345,#13251,.T.);
#11370=EDGE_CURVE('',#9565,#9566,#13252,.T.);
#11371=EDGE_CURVE('',#9566,#9346,#13253,.T.);
#11372=EDGE_CURVE('',#9566,#9567,#13254,.T.);
#11373=EDGE_CURVE('',#9567,#9347,#13255,.T.);
#11374=EDGE_CURVE('',#9567,#9568,#13256,.T.);
#11375=EDGE_CURVE('',#9568,#9348,#13257,.T.);
#11376=EDGE_CURVE('',#9568,#9565,#13258,.T.);
#11377=EDGE_CURVE('',#8630,#9191,#13259,.T.);
#11378=EDGE_CURVE('',#9192,#8629,#13260,.T.);
#11379=EDGE_CURVE('',#9569,#9570,#13261,.T.);
#11380=EDGE_CURVE('',#9571,#9570,#13262,.T.);
#11381=EDGE_CURVE('',#9572,#9571,#13263,.T.);
#11382=EDGE_CURVE('',#9572,#9569,#13264,.T.);
#11383=EDGE_CURVE('',#9573,#9570,#13265,.T.);
#11384=EDGE_CURVE('',#9574,#9569,#13266,.T.);
#11385=EDGE_CURVE('',#9574,#9575,#13267,.T.);
#11386=EDGE_CURVE('',#9576,#9575,#13268,.T.);
#11387=EDGE_CURVE('',#9577,#9576,#13269,.T.);
#11388=EDGE_CURVE('',#9577,#9578,#13270,.T.);
#11389=EDGE_CURVE('',#9578,#9579,#13271,.T.);
#11390=EDGE_CURVE('',#9580,#9579,#13272,.T.);
#11391=EDGE_CURVE('',#9580,#9581,#13273,.T.);
#11392=EDGE_CURVE('',#9582,#9581,#13274,.T.);
#11393=EDGE_CURVE('',#9583,#9582,#13275,.T.);
#11394=EDGE_CURVE('',#9583,#9584,#13276,.T.);
#11395=EDGE_CURVE('',#9584,#9585,#13277,.T.);
#11396=EDGE_CURVE('',#9585,#9586,#13278,.T.);
#11397=EDGE_CURVE('',#9587,#9586,#13279,.T.);
#11398=EDGE_CURVE('',#9588,#9587,#13280,.T.);
#11399=EDGE_CURVE('',#9588,#9589,#13281,.T.);
#11400=EDGE_CURVE('',#9589,#9590,#13282,.T.);
#11401=EDGE_CURVE('',#9591,#9590,#13283,.T.);
#11402=EDGE_CURVE('',#9592,#9591,#13284,.T.);
#11403=EDGE_CURVE('',#9592,#9593,#13285,.T.);
#11404=EDGE_CURVE('',#9593,#9594,#13286,.T.);
#11405=EDGE_CURVE('',#9595,#9594,#13287,.T.);
#11406=EDGE_CURVE('',#9596,#9595,#13288,.T.);
#11407=EDGE_CURVE('',#9596,#9597,#13289,.T.);
#11408=EDGE_CURVE('',#9597,#9598,#13290,.T.);
#11409=EDGE_CURVE('',#9599,#9598,#13291,.T.);
#11410=EDGE_CURVE('',#9600,#9599,#13292,.T.);
#11411=EDGE_CURVE('',#9600,#9573,#13293,.T.);
#11412=EDGE_CURVE('',#9598,#9601,#13294,.T.);
#11413=EDGE_CURVE('',#9602,#9601,#13295,.T.);
#11414=EDGE_CURVE('',#9599,#9602,#13296,.T.);
#11415=EDGE_CURVE('',#9603,#9573,#13297,.T.);
#11416=EDGE_CURVE('',#9604,#9600,#13298,.T.);
#11417=EDGE_CURVE('',#9604,#9603,#13299,.T.);
#11418=EDGE_CURVE('',#9594,#9605,#13300,.T.);
#11419=EDGE_CURVE('',#9606,#9605,#13301,.T.);
#11420=EDGE_CURVE('',#9595,#9606,#13302,.T.);
#11421=EDGE_CURVE('',#9607,#9597,#13303,.T.);
#11422=EDGE_CURVE('',#9608,#9596,#13304,.T.);
#11423=EDGE_CURVE('',#9608,#9607,#13305,.T.);
#11424=EDGE_CURVE('',#9590,#9609,#13306,.T.);
#11425=EDGE_CURVE('',#9610,#9609,#13307,.T.);
#11426=EDGE_CURVE('',#9591,#9610,#13308,.T.);
#11427=EDGE_CURVE('',#9611,#9593,#13309,.T.);
#11428=EDGE_CURVE('',#9612,#9592,#13310,.T.);
#11429=EDGE_CURVE('',#9612,#9611,#13311,.T.);
#11430=EDGE_CURVE('',#9586,#9613,#13312,.T.);
#11431=EDGE_CURVE('',#9614,#9613,#13313,.T.);
#11432=EDGE_CURVE('',#9587,#9614,#13314,.T.);
#11433=EDGE_CURVE('',#9615,#9589,#13315,.T.);
#11434=EDGE_CURVE('',#9616,#9588,#13316,.T.);
#11435=EDGE_CURVE('',#9616,#9615,#13317,.T.);
#11436=EDGE_CURVE('',#9617,#9618,#13318,.T.);
#11437=EDGE_CURVE('',#9619,#9618,#13319,.T.);
#11438=EDGE_CURVE('',#9619,#9620,#13320,.T.);
#11439=EDGE_CURVE('',#9617,#9620,#13321,.T.);
#11440=EDGE_CURVE('',#9621,#9621,#546,.T.);
#11441=EDGE_CURVE('',#9622,#9622,#547,.T.);
#11442=EDGE_CURVE('',#9623,#9623,#548,.T.);
#11443=EDGE_CURVE('',#9624,#9624,#549,.T.);
#11444=EDGE_CURVE('',#9625,#9625,#550,.T.);
#11445=EDGE_CURVE('',#9626,#9626,#551,.T.);
#11446=EDGE_CURVE('',#9627,#9627,#552,.T.);
#11447=EDGE_CURVE('',#9628,#9628,#553,.T.);
#11448=EDGE_CURVE('',#9629,#9629,#554,.T.);
#11449=EDGE_CURVE('',#9630,#9630,#555,.T.);
#11450=EDGE_CURVE('',#9631,#9631,#556,.T.);
#11451=EDGE_CURVE('',#9632,#9632,#557,.T.);
#11452=EDGE_CURVE('',#9633,#9633,#558,.T.);
#11453=EDGE_CURVE('',#9634,#9634,#559,.T.);
#11454=EDGE_CURVE('',#9635,#9635,#560,.T.);
#11455=EDGE_CURVE('',#9636,#9636,#561,.T.);
#11456=EDGE_CURVE('',#9637,#9637,#562,.T.);
#11457=EDGE_CURVE('',#9638,#9638,#563,.T.);
#11458=EDGE_CURVE('',#9639,#9639,#564,.T.);
#11459=EDGE_CURVE('',#9640,#9640,#565,.T.);
#11460=EDGE_CURVE('',#9641,#9641,#566,.T.);
#11461=EDGE_CURVE('',#9642,#9642,#567,.T.);
#11462=EDGE_CURVE('',#9643,#9643,#568,.T.);
#11463=EDGE_CURVE('',#9644,#9644,#569,.T.);
#11464=EDGE_CURVE('',#9645,#9645,#570,.T.);
#11465=EDGE_CURVE('',#9646,#9646,#571,.T.);
#11466=EDGE_CURVE('',#9647,#9647,#572,.T.);
#11467=EDGE_CURVE('',#9648,#9648,#573,.T.);
#11468=EDGE_CURVE('',#9649,#9649,#574,.T.);
#11469=EDGE_CURVE('',#9650,#9650,#575,.T.);
#11470=EDGE_CURVE('',#9651,#9651,#576,.T.);
#11471=EDGE_CURVE('',#9652,#9652,#577,.T.);
#11472=EDGE_CURVE('',#9653,#9653,#578,.T.);
#11473=EDGE_CURVE('',#9654,#9654,#579,.T.);
#11474=EDGE_CURVE('',#9655,#9655,#580,.T.);
#11475=EDGE_CURVE('',#9656,#9656,#581,.T.);
#11476=EDGE_CURVE('',#9657,#9657,#582,.T.);
#11477=EDGE_CURVE('',#9658,#9658,#583,.T.);
#11478=EDGE_CURVE('',#9659,#9659,#584,.T.);
#11479=EDGE_CURVE('',#9660,#9660,#585,.T.);
#11480=EDGE_CURVE('',#9661,#9661,#586,.T.);
#11481=EDGE_CURVE('',#9662,#9662,#587,.T.);
#11482=EDGE_CURVE('',#9663,#9663,#588,.T.);
#11483=EDGE_CURVE('',#9664,#9664,#589,.T.);
#11484=EDGE_CURVE('',#9665,#9665,#590,.T.);
#11485=EDGE_CURVE('',#9666,#9666,#591,.T.);
#11486=EDGE_CURVE('',#9667,#9667,#592,.T.);
#11487=EDGE_CURVE('',#9668,#9668,#593,.T.);
#11488=EDGE_CURVE('',#9669,#9669,#594,.T.);
#11489=EDGE_CURVE('',#9670,#9670,#595,.T.);
#11490=EDGE_CURVE('',#9671,#9671,#596,.T.);
#11491=EDGE_CURVE('',#9672,#9672,#597,.T.);
#11492=EDGE_CURVE('',#9673,#9673,#598,.T.);
#11493=EDGE_CURVE('',#9674,#9674,#599,.T.);
#11494=EDGE_CURVE('',#9675,#9675,#600,.T.);
#11495=EDGE_CURVE('',#9676,#9676,#601,.T.);
#11496=EDGE_CURVE('',#9677,#9677,#602,.T.);
#11497=EDGE_CURVE('',#9678,#9678,#603,.T.);
#11498=EDGE_CURVE('',#9679,#9679,#604,.T.);
#11499=EDGE_CURVE('',#9680,#9680,#605,.T.);
#11500=EDGE_CURVE('',#9681,#9681,#606,.T.);
#11501=EDGE_CURVE('',#9682,#9682,#607,.T.);
#11502=EDGE_CURVE('',#9683,#9683,#608,.T.);
#11503=EDGE_CURVE('',#9684,#9684,#609,.T.);
#11504=EDGE_CURVE('',#9685,#9685,#610,.T.);
#11505=EDGE_CURVE('',#9686,#9686,#611,.T.);
#11506=EDGE_CURVE('',#9687,#9687,#612,.T.);
#11507=EDGE_CURVE('',#9688,#9688,#613,.T.);
#11508=EDGE_CURVE('',#9689,#9689,#614,.T.);
#11509=EDGE_CURVE('',#9690,#9690,#615,.T.);
#11510=EDGE_CURVE('',#9691,#9691,#616,.T.);
#11511=EDGE_CURVE('',#9692,#9692,#617,.T.);
#11512=EDGE_CURVE('',#9693,#9693,#618,.T.);
#11513=EDGE_CURVE('',#9694,#9694,#619,.T.);
#11514=EDGE_CURVE('',#9695,#9695,#620,.T.);
#11515=EDGE_CURVE('',#9696,#9696,#621,.T.);
#11516=EDGE_CURVE('',#9697,#9697,#622,.T.);
#11517=EDGE_CURVE('',#9698,#9698,#623,.T.);
#11518=EDGE_CURVE('',#9699,#9699,#624,.T.);
#11519=EDGE_CURVE('',#9700,#9700,#625,.T.);
#11520=EDGE_CURVE('',#9701,#9701,#626,.T.);
#11521=EDGE_CURVE('',#9702,#9702,#627,.T.);
#11522=EDGE_CURVE('',#9703,#9703,#628,.T.);
#11523=EDGE_CURVE('',#9704,#9704,#629,.T.);
#11524=EDGE_CURVE('',#9705,#9705,#630,.T.);
#11525=EDGE_CURVE('',#9706,#9706,#631,.T.);
#11526=EDGE_CURVE('',#9707,#9707,#632,.T.);
#11527=EDGE_CURVE('',#9708,#9708,#633,.T.);
#11528=EDGE_CURVE('',#9709,#9709,#634,.T.);
#11529=EDGE_CURVE('',#9710,#9710,#635,.T.);
#11530=EDGE_CURVE('',#9711,#9711,#636,.T.);
#11531=EDGE_CURVE('',#9712,#9712,#637,.T.);
#11532=EDGE_CURVE('',#9713,#9713,#638,.T.);
#11533=EDGE_CURVE('',#9714,#9714,#639,.T.);
#11534=EDGE_CURVE('',#9715,#9715,#640,.T.);
#11535=EDGE_CURVE('',#9716,#9716,#641,.T.);
#11536=EDGE_CURVE('',#9717,#9717,#642,.T.);
#11537=EDGE_CURVE('',#9718,#9718,#643,.T.);
#11538=EDGE_CURVE('',#9719,#9719,#644,.T.);
#11539=EDGE_CURVE('',#9720,#9720,#645,.T.);
#11540=EDGE_CURVE('',#9721,#9721,#646,.T.);
#11541=EDGE_CURVE('',#9722,#9722,#647,.T.);
#11542=EDGE_CURVE('',#9723,#9723,#648,.T.);
#11543=EDGE_CURVE('',#9724,#9724,#649,.T.);
#11544=EDGE_CURVE('',#9725,#9725,#650,.T.);
#11545=EDGE_CURVE('',#9726,#9726,#651,.T.);
#11546=EDGE_CURVE('',#9727,#9727,#652,.T.);
#11547=EDGE_CURVE('',#9728,#9728,#653,.T.);
#11548=EDGE_CURVE('',#9729,#9729,#654,.T.);
#11549=EDGE_CURVE('',#9730,#9730,#655,.T.);
#11550=EDGE_CURVE('',#9731,#9731,#656,.T.);
#11551=EDGE_CURVE('',#9732,#9732,#657,.T.);
#11552=EDGE_CURVE('',#9733,#9733,#658,.T.);
#11553=EDGE_CURVE('',#9734,#9734,#659,.T.);
#11554=EDGE_CURVE('',#9735,#9735,#660,.T.);
#11555=EDGE_CURVE('',#9736,#9736,#661,.T.);
#11556=EDGE_CURVE('',#9737,#9737,#662,.T.);
#11557=EDGE_CURVE('',#9738,#9738,#663,.T.);
#11558=EDGE_CURVE('',#9739,#9739,#664,.T.);
#11559=EDGE_CURVE('',#9740,#9740,#665,.T.);
#11560=EDGE_CURVE('',#9741,#9741,#666,.T.);
#11561=EDGE_CURVE('',#9742,#9742,#667,.T.);
#11562=EDGE_CURVE('',#9743,#9743,#668,.T.);
#11563=EDGE_CURVE('',#9744,#9744,#669,.T.);
#11564=EDGE_CURVE('',#9745,#9745,#670,.T.);
#11565=EDGE_CURVE('',#9746,#9746,#671,.T.);
#11566=EDGE_CURVE('',#9747,#9747,#672,.T.);
#11567=EDGE_CURVE('',#9748,#9748,#673,.T.);
#11568=EDGE_CURVE('',#9749,#9750,#13322,.T.);
#11569=EDGE_CURVE('',#9750,#9751,#13323,.T.);
#11570=EDGE_CURVE('',#9751,#9752,#13324,.T.);
#11571=EDGE_CURVE('',#9752,#9749,#13325,.T.);
#11572=EDGE_CURVE('',#9753,#9754,#13326,.T.);
#11573=EDGE_CURVE('',#9755,#9753,#13327,.T.);
#11574=EDGE_CURVE('',#9756,#9755,#13328,.T.);
#11575=EDGE_CURVE('',#9754,#9756,#13329,.T.);
#11576=EDGE_CURVE('',#9579,#9757,#13330,.T.);
#11577=EDGE_CURVE('',#9578,#9758,#13331,.T.);
#11578=EDGE_CURVE('',#9757,#9758,#13332,.T.);
#11579=EDGE_CURVE('',#9759,#9760,#13333,.T.);
#11580=EDGE_CURVE('',#9761,#9759,#13334,.T.);
#11581=EDGE_CURVE('',#9762,#9761,#13335,.T.);
#11582=EDGE_CURVE('',#9760,#9762,#13336,.T.);
#11583=EDGE_CURVE('',#9763,#9580,#13337,.T.);
#11584=EDGE_CURVE('',#9763,#9764,#13338,.T.);
#11585=EDGE_CURVE('',#9764,#9577,#13339,.T.);
#11586=EDGE_CURVE('',#9577,#9765,#13340,.T.);
#11587=EDGE_CURVE('',#9765,#9766,#13341,.T.);
#11588=EDGE_CURVE('',#9766,#9767,#13342,.T.);
#11589=EDGE_CURVE('',#9767,#9768,#13343,.T.);
#11590=EDGE_CURVE('',#9768,#9769,#13344,.T.);
#11591=EDGE_CURVE('',#9770,#9769,#13345,.T.);
#11592=EDGE_CURVE('',#9580,#9770,#13346,.T.);
#11593=EDGE_CURVE('',#9771,#9620,#13347,.T.);
#11594=EDGE_CURVE('',#9772,#9771,#13348,.T.);
#11595=EDGE_CURVE('',#9770,#9772,#13349,.T.);
#11596=EDGE_CURVE('',#9770,#9617,#13350,.T.);
#11597=EDGE_CURVE('',#9773,#9575,#13351,.T.);
#11598=EDGE_CURVE('',#9773,#9774,#13352,.T.);
#11599=EDGE_CURVE('',#9774,#9775,#13353,.T.);
#11600=EDGE_CURVE('',#9775,#9776,#13354,.T.);
#11601=EDGE_CURVE('',#9776,#9777,#13355,.T.);
#11602=EDGE_CURVE('',#9777,#9778,#13356,.T.);
#11603=EDGE_CURVE('',#9778,#9582,#13357,.T.);
#11604=EDGE_CURVE('',#9772,#9581,#13358,.T.);
#11605=EDGE_CURVE('',#9779,#9771,#13359,.T.);
#11606=EDGE_CURVE('',#9779,#9780,#13360,.T.);
#11607=EDGE_CURVE('',#9780,#9781,#13361,.T.);
#11608=EDGE_CURVE('',#9781,#9782,#13362,.T.);
#11609=EDGE_CURVE('',#9782,#9576,#13363,.T.);
#11610=EDGE_CURVE('',#9783,#9784,#13364,.T.);
#11611=EDGE_CURVE('',#9783,#9778,#13365,.T.);
#11612=EDGE_CURVE('',#9777,#9784,#13366,.T.);
#11613=EDGE_CURVE('',#9785,#9773,#13367,.T.);
#11614=EDGE_CURVE('',#9786,#9785,#13368,.T.);
#11615=EDGE_CURVE('',#9774,#9786,#13369,.T.);
#11616=EDGE_CURVE('',#9787,#9787,#674,.T.);
#11617=EDGE_CURVE('',#9788,#9788,#675,.T.);
#11618=EDGE_CURVE('',#9789,#9789,#676,.T.);
#11619=EDGE_CURVE('',#9790,#9790,#677,.T.);
#11620=EDGE_CURVE('',#9791,#9791,#678,.T.);
#11621=EDGE_CURVE('',#9792,#9792,#679,.T.);
#11622=EDGE_CURVE('',#9793,#9793,#680,.T.);
#11623=EDGE_CURVE('',#9794,#9794,#681,.T.);
#11624=EDGE_CURVE('',#9795,#9795,#682,.T.);
#11625=EDGE_CURVE('',#9796,#9796,#683,.T.);
#11626=EDGE_CURVE('',#9797,#9797,#684,.T.);
#11627=EDGE_CURVE('',#9798,#9798,#685,.T.);
#11628=EDGE_CURVE('',#9799,#9799,#686,.T.);
#11629=EDGE_CURVE('',#9800,#9800,#687,.T.);
#11630=EDGE_CURVE('',#9801,#9801,#688,.T.);
#11631=EDGE_CURVE('',#9802,#9802,#689,.T.);
#11632=EDGE_CURVE('',#9803,#9803,#690,.T.);
#11633=EDGE_CURVE('',#9804,#9804,#691,.T.);
#11634=EDGE_CURVE('',#9805,#9805,#692,.T.);
#11635=EDGE_CURVE('',#9806,#9806,#693,.T.);
#11636=EDGE_CURVE('',#9807,#9807,#694,.T.);
#11637=EDGE_CURVE('',#9808,#9808,#695,.T.);
#11638=EDGE_CURVE('',#9809,#9809,#696,.T.);
#11639=EDGE_CURVE('',#9810,#9810,#697,.T.);
#11640=EDGE_CURVE('',#9811,#9811,#698,.T.);
#11641=EDGE_CURVE('',#9812,#9812,#699,.T.);
#11642=EDGE_CURVE('',#9813,#9813,#700,.T.);
#11643=EDGE_CURVE('',#9814,#9814,#701,.T.);
#11644=EDGE_CURVE('',#9815,#9815,#702,.T.);
#11645=EDGE_CURVE('',#9816,#9816,#703,.T.);
#11646=EDGE_CURVE('',#9817,#9817,#704,.T.);
#11647=EDGE_CURVE('',#9818,#9818,#705,.T.);
#11648=EDGE_CURVE('',#9603,#9571,#13370,.T.);
#11649=EDGE_CURVE('',#9783,#9819,#13371,.T.);
#11650=EDGE_CURVE('',#9784,#9820,#13372,.T.);
#11651=EDGE_CURVE('',#9820,#9819,#13373,.T.);
#11652=EDGE_CURVE('',#9821,#9821,#706,.T.);
#11653=EDGE_CURVE('',#9822,#9822,#707,.T.);
#11654=EDGE_CURVE('',#9823,#9823,#708,.T.);
#11655=EDGE_CURVE('',#9824,#9824,#709,.T.);
#11656=EDGE_CURVE('',#9825,#9825,#710,.T.);
#11657=EDGE_CURVE('',#9826,#9826,#711,.T.);
#11658=EDGE_CURVE('',#9827,#9827,#712,.T.);
#11659=EDGE_CURVE('',#9828,#9828,#713,.T.);
#11660=EDGE_CURVE('',#9829,#9829,#714,.T.);
#11661=EDGE_CURVE('',#9830,#9830,#715,.T.);
#11662=EDGE_CURVE('',#9831,#9831,#716,.T.);
#11663=EDGE_CURVE('',#9832,#9832,#717,.T.);
#11664=EDGE_CURVE('',#9833,#9833,#718,.T.);
#11665=EDGE_CURVE('',#9834,#9834,#719,.T.);
#11666=EDGE_CURVE('',#9835,#9835,#720,.T.);
#11667=EDGE_CURVE('',#9836,#9836,#721,.T.);
#11668=EDGE_CURVE('',#9837,#9837,#722,.T.);
#11669=EDGE_CURVE('',#9838,#9838,#723,.T.);
#11670=EDGE_CURVE('',#9839,#9839,#724,.T.);
#11671=EDGE_CURVE('',#9840,#9840,#725,.T.);
#11672=EDGE_CURVE('',#9841,#9841,#726,.T.);
#11673=EDGE_CURVE('',#9842,#9842,#727,.T.);
#11674=EDGE_CURVE('',#9843,#9843,#728,.T.);
#11675=EDGE_CURVE('',#9844,#9844,#729,.T.);
#11676=EDGE_CURVE('',#9845,#9845,#730,.T.);
#11677=EDGE_CURVE('',#9846,#9846,#731,.T.);
#11678=EDGE_CURVE('',#9847,#9847,#732,.T.);
#11679=EDGE_CURVE('',#9848,#9848,#733,.T.);
#11680=EDGE_CURVE('',#9849,#9849,#734,.T.);
#11681=EDGE_CURVE('',#9850,#9850,#735,.T.);
#11682=EDGE_CURVE('',#9851,#9851,#736,.T.);
#11683=EDGE_CURVE('',#9852,#9852,#737,.T.);
#11684=EDGE_CURVE('',#9853,#9585,#13374,.T.);
#11685=EDGE_CURVE('',#9853,#9613,#13375,.T.);
#11686=EDGE_CURVE('',#9854,#9854,#738,.T.);
#11687=EDGE_CURVE('',#9855,#9855,#739,.T.);
#11688=EDGE_CURVE('',#9856,#9856,#740,.T.);
#11689=EDGE_CURVE('',#9857,#9857,#741,.T.);
#11690=EDGE_CURVE('',#9858,#9858,#742,.T.);
#11691=EDGE_CURVE('',#9859,#9859,#743,.T.);
#11692=EDGE_CURVE('',#9860,#9860,#744,.T.);
#11693=EDGE_CURVE('',#9861,#9861,#745,.T.);
#11694=EDGE_CURVE('',#9862,#9862,#746,.T.);
#11695=EDGE_CURVE('',#9863,#9863,#747,.T.);
#11696=EDGE_CURVE('',#9864,#9864,#748,.T.);
#11697=EDGE_CURVE('',#9865,#9865,#749,.T.);
#11698=EDGE_CURVE('',#9866,#9866,#750,.T.);
#11699=EDGE_CURVE('',#9867,#9867,#751,.T.);
#11700=EDGE_CURVE('',#9868,#9868,#752,.T.);
#11701=EDGE_CURVE('',#9869,#9869,#753,.T.);
#11702=EDGE_CURVE('',#9870,#9870,#754,.T.);
#11703=EDGE_CURVE('',#9871,#9871,#755,.T.);
#11704=EDGE_CURVE('',#9872,#9872,#756,.T.);
#11705=EDGE_CURVE('',#9873,#9873,#757,.T.);
#11706=EDGE_CURVE('',#9874,#9874,#758,.T.);
#11707=EDGE_CURVE('',#9875,#9875,#759,.T.);
#11708=EDGE_CURVE('',#9876,#9876,#760,.T.);
#11709=EDGE_CURVE('',#9877,#9877,#761,.T.);
#11710=EDGE_CURVE('',#9878,#9878,#762,.T.);
#11711=EDGE_CURVE('',#9879,#9879,#763,.T.);
#11712=EDGE_CURVE('',#9880,#9880,#764,.T.);
#11713=EDGE_CURVE('',#9881,#9881,#765,.T.);
#11714=EDGE_CURVE('',#9882,#9882,#766,.T.);
#11715=EDGE_CURVE('',#9883,#9883,#767,.T.);
#11716=EDGE_CURVE('',#9884,#9884,#768,.T.);
#11717=EDGE_CURVE('',#9885,#9885,#769,.T.);
#11718=EDGE_CURVE('',#9615,#9609,#13376,.T.);
#11719=EDGE_CURVE('',#9611,#9605,#13377,.T.);
#11720=EDGE_CURVE('',#9886,#9886,#770,.T.);
#11721=EDGE_CURVE('',#9887,#9887,#771,.T.);
#11722=EDGE_CURVE('',#9888,#9888,#772,.T.);
#11723=EDGE_CURVE('',#9889,#9889,#773,.T.);
#11724=EDGE_CURVE('',#9890,#9890,#774,.T.);
#11725=EDGE_CURVE('',#9891,#9891,#775,.T.);
#11726=EDGE_CURVE('',#9892,#9892,#776,.T.);
#11727=EDGE_CURVE('',#9893,#9893,#777,.T.);
#11728=EDGE_CURVE('',#9894,#9894,#778,.T.);
#11729=EDGE_CURVE('',#9895,#9895,#779,.T.);
#11730=EDGE_CURVE('',#9896,#9896,#780,.T.);
#11731=EDGE_CURVE('',#9897,#9897,#781,.T.);
#11732=EDGE_CURVE('',#9898,#9898,#782,.T.);
#11733=EDGE_CURVE('',#9899,#9899,#783,.T.);
#11734=EDGE_CURVE('',#9900,#9900,#784,.T.);
#11735=EDGE_CURVE('',#9901,#9901,#785,.T.);
#11736=EDGE_CURVE('',#9902,#9902,#786,.T.);
#11737=EDGE_CURVE('',#9903,#9903,#787,.T.);
#11738=EDGE_CURVE('',#9904,#9904,#788,.T.);
#11739=EDGE_CURVE('',#9905,#9905,#789,.T.);
#11740=EDGE_CURVE('',#9906,#9906,#790,.T.);
#11741=EDGE_CURVE('',#9907,#9907,#791,.T.);
#11742=EDGE_CURVE('',#9908,#9908,#792,.T.);
#11743=EDGE_CURVE('',#9909,#9909,#793,.T.);
#11744=EDGE_CURVE('',#9910,#9910,#794,.T.);
#11745=EDGE_CURVE('',#9911,#9911,#795,.T.);
#11746=EDGE_CURVE('',#9912,#9912,#796,.T.);
#11747=EDGE_CURVE('',#9913,#9913,#797,.T.);
#11748=EDGE_CURVE('',#9914,#9914,#798,.T.);
#11749=EDGE_CURVE('',#9915,#9915,#799,.T.);
#11750=EDGE_CURVE('',#9916,#9916,#800,.T.);
#11751=EDGE_CURVE('',#9917,#9917,#801,.T.);
#11752=EDGE_CURVE('',#9607,#9601,#13378,.T.);
#11753=EDGE_CURVE('',#9785,#9918,#13379,.T.);
#11754=EDGE_CURVE('',#9918,#9919,#13380,.T.);
#11755=EDGE_CURVE('',#9919,#9786,#13381,.T.);
#11756=EDGE_CURVE('',#9767,#9755,#13382,.T.);
#11757=EDGE_CURVE('',#9766,#9756,#13383,.T.);
#11758=EDGE_CURVE('',#9768,#9619,#13384,.T.);
#11759=EDGE_CURVE('',#9779,#9768,#13385,.T.);
#11760=EDGE_CURVE('',#9765,#9782,#13386,.T.);
#11761=EDGE_CURVE('',#9750,#9762,#13387,.T.);
#11762=EDGE_CURVE('',#9749,#9760,#13388,.T.);
#11763=EDGE_CURVE('',#9752,#9759,#13389,.T.);
#11764=EDGE_CURVE('',#9751,#9761,#13390,.T.);
#11765=EDGE_CURVE('',#9776,#9820,#13391,.T.);
#11766=EDGE_CURVE('',#9775,#9919,#13392,.T.);
#11767=EDGE_CURVE('',#9920,#9918,#13393,.T.);
#11768=EDGE_CURVE('',#9572,#9920,#13394,.T.);
#11769=EDGE_CURVE('',#9604,#9602,#13395,.T.);
#11770=EDGE_CURVE('',#9608,#9606,#13396,.T.);
#11771=EDGE_CURVE('',#9612,#9610,#13397,.T.);
#11772=EDGE_CURVE('',#9616,#9614,#13398,.T.);
#11773=EDGE_CURVE('',#9921,#9853,#13399,.T.);
#11774=EDGE_CURVE('',#9921,#9922,#13400,.T.);
#11775=EDGE_CURVE('',#9922,#9819,#13401,.T.);
#11776=EDGE_CURVE('',#9781,#9753,#13402,.T.);
#11777=EDGE_CURVE('',#9780,#9767,#13403,.T.);
#11778=EDGE_CURVE('',#9765,#9754,#13404,.T.);
#11779=EDGE_CURVE('',#9763,#9757,#13405,.T.);
#11780=EDGE_CURVE('',#9769,#9618,#13406,.T.);
#11781=EDGE_CURVE('',#9764,#9758,#13407,.T.);
#11782=EDGE_CURVE('',#9583,#9922,#13408,.T.);
#11783=EDGE_CURVE('',#9921,#9584,#13409,.T.);
#11784=EDGE_CURVE('',#9574,#9920,#13410,.T.);
#11785=EDGE_CURVE('',#9923,#9924,#13411,.T.);
#11786=EDGE_CURVE('',#9923,#9925,#13412,.T.);
#11787=EDGE_CURVE('',#9926,#9925,#13413,.T.);
#11788=EDGE_CURVE('',#9926,#9924,#13414,.T.);
#11789=EDGE_CURVE('',#9927,#9928,#13415,.T.);
#11790=EDGE_CURVE('',#9927,#9929,#13416,.T.);
#11791=EDGE_CURVE('',#9930,#9929,#13417,.T.);
#11792=EDGE_CURVE('',#9930,#9928,#13418,.T.);
#11793=EDGE_CURVE('',#9931,#9932,#13419,.T.);
#11794=EDGE_CURVE('',#9931,#9933,#13420,.T.);
#11795=EDGE_CURVE('',#9934,#9933,#13421,.T.);
#11796=EDGE_CURVE('',#9935,#9934,#13422,.T.);
#11797=EDGE_CURVE('',#9935,#9936,#13423,.T.);
#11798=EDGE_CURVE('',#9936,#9937,#13424,.T.);
#11799=EDGE_CURVE('',#9938,#9937,#13425,.T.);
#11800=EDGE_CURVE('',#9932,#9938,#13426,.T.);
#11801=EDGE_CURVE('',#9939,#9940,#13427,.T.);
#11802=EDGE_CURVE('',#9939,#9941,#13428,.T.);
#11803=EDGE_CURVE('',#9942,#9941,#13429,.T.);
#11804=EDGE_CURVE('',#9943,#9942,#13430,.T.);
#11805=EDGE_CURVE('',#9943,#9944,#13431,.T.);
#11806=EDGE_CURVE('',#9944,#9945,#13432,.T.);
#11807=EDGE_CURVE('',#9946,#9945,#13433,.T.);
#11808=EDGE_CURVE('',#9940,#9946,#13434,.T.);
#11809=EDGE_CURVE('',#9947,#9926,#13435,.T.);
#11810=EDGE_CURVE('',#9947,#9948,#13436,.T.);
#11811=EDGE_CURVE('',#9924,#9948,#13437,.T.);
#11812=EDGE_CURVE('',#9949,#9930,#13438,.T.);
#11813=EDGE_CURVE('',#9949,#9950,#13439,.T.);
#11814=EDGE_CURVE('',#9928,#9950,#13440,.T.);
#11815=EDGE_CURVE('',#9951,#9948,#13441,.T.);
#11816=EDGE_CURVE('',#9951,#9952,#13442,.T.);
#11817=EDGE_CURVE('',#9952,#9953,#13443,.T.);
#11818=EDGE_CURVE('',#9953,#9931,#13444,.T.);
#11819=EDGE_CURVE('',#9932,#9923,#13445,.T.);
#11820=EDGE_CURVE('',#9954,#9950,#13446,.T.);
#11821=EDGE_CURVE('',#9954,#9955,#13447,.T.);
#11822=EDGE_CURVE('',#9955,#9956,#13448,.T.);
#11823=EDGE_CURVE('',#9956,#9939,#13449,.T.);
#11824=EDGE_CURVE('',#9940,#9927,#13450,.T.);
#11825=EDGE_CURVE('',#9938,#9925,#13451,.T.);
#11826=EDGE_CURVE('',#9937,#9942,#13452,.T.);
#11827=EDGE_CURVE('',#9957,#9941,#13453,.T.);
#11828=EDGE_CURVE('',#9957,#9958,#13454,.T.);
#11829=EDGE_CURVE('',#9958,#9959,#13455,.T.);
#11830=EDGE_CURVE('',#9959,#9949,#13456,.T.);
#11831=EDGE_CURVE('',#9946,#9929,#13457,.T.);
#11832=EDGE_CURVE('',#9945,#9934,#13458,.T.);
#11833=EDGE_CURVE('',#9960,#9933,#13459,.T.);
#11834=EDGE_CURVE('',#9960,#9961,#13460,.T.);
#11835=EDGE_CURVE('',#9961,#9962,#13461,.T.);
#11836=EDGE_CURVE('',#9962,#9947,#13462,.T.);
#11837=EDGE_CURVE('',#9936,#9943,#13463,.T.);
#11838=EDGE_CURVE('',#9944,#9935,#13464,.T.);
#11839=EDGE_CURVE('',#9959,#9954,#13465,.T.);
#11840=EDGE_CURVE('',#9958,#9955,#13466,.T.);
#11841=EDGE_CURVE('',#9953,#9960,#13467,.T.);
#11842=EDGE_CURVE('',#9961,#9952,#13468,.T.);
#11843=EDGE_CURVE('',#9962,#9951,#13469,.T.);
#11844=EDGE_CURVE('',#9956,#9957,#13470,.T.);
#11845=LINE('',#19871,#13471);
#11846=LINE('',#19874,#13472);
#11847=LINE('',#19876,#13473);
#11848=LINE('',#19878,#13474);
#11849=LINE('',#19880,#13475);
#11850=LINE('',#19883,#13476);
#11851=LINE('',#19885,#13477);
#11852=LINE('',#19887,#13478);
#11853=LINE('',#19889,#13479);
#11854=LINE('',#19891,#13480);
#11855=LINE('',#19893,#13481);
#11856=LINE('',#19895,#13482);
#11857=LINE('',#19898,#13483);
#11858=LINE('',#19899,#13484);
#11859=LINE('',#19901,#13485);
#11860=LINE('',#19903,#13486);
#11861=LINE('',#19905,#13487);
#11862=LINE('',#19907,#13488);
#11863=LINE('',#19910,#13489);
#11864=LINE('',#19912,#13490);
#11865=LINE('',#19914,#13491);
#11866=LINE('',#19916,#13492);
#11867=LINE('',#19919,#13493);
#11868=LINE('',#19921,#13494);
#11869=LINE('',#19923,#13495);
#11870=LINE('',#19925,#13496);
#11871=LINE('',#19926,#13497);
#11872=LINE('',#19928,#13498);
#11873=LINE('',#19931,#13499);
#11874=LINE('',#19933,#13500);
#11875=LINE('',#19935,#13501);
#11876=LINE('',#19937,#13502);
#11877=LINE('',#19940,#13503);
#11878=LINE('',#19942,#13504);
#11879=LINE('',#19944,#13505);
#11880=LINE('',#19946,#13506);
#11881=LINE('',#19947,#13507);
#11882=LINE('',#19949,#13508);
#11883=LINE('',#19952,#13509);
#11884=LINE('',#19954,#13510);
#11885=LINE('',#19956,#13511);
#11886=LINE('',#19958,#13512);
#11887=LINE('',#19961,#13513);
#11888=LINE('',#19963,#13514);
#11889=LINE('',#19965,#13515);
#11890=LINE('',#19967,#13516);
#11891=LINE('',#19968,#13517);
#11892=LINE('',#19970,#13518);
#11893=LINE('',#19973,#13519);
#11894=LINE('',#19975,#13520);
#11895=LINE('',#19977,#13521);
#11896=LINE('',#19979,#13522);
#11897=LINE('',#19982,#13523);
#11898=LINE('',#19984,#13524);
#11899=LINE('',#19986,#13525);
#11900=LINE('',#19988,#13526);
#11901=LINE('',#19989,#13527);
#11902=LINE('',#19991,#13528);
#11903=LINE('',#19994,#13529);
#11904=LINE('',#19996,#13530);
#11905=LINE('',#19998,#13531);
#11906=LINE('',#20000,#13532);
#11907=LINE('',#20003,#13533);
#11908=LINE('',#20005,#13534);
#11909=LINE('',#20007,#13535);
#11910=LINE('',#20009,#13536);
#11911=LINE('',#20010,#13537);
#11912=LINE('',#20012,#13538);
#11913=LINE('',#20015,#13539);
#11914=LINE('',#20017,#13540);
#11915=LINE('',#20019,#13541);
#11916=LINE('',#20021,#13542);
#11917=LINE('',#20024,#13543);
#11918=LINE('',#20026,#13544);
#11919=LINE('',#20028,#13545);
#11920=LINE('',#20030,#13546);
#11921=LINE('',#20031,#13547);
#11922=LINE('',#20033,#13548);
#11923=LINE('',#20036,#13549);
#11924=LINE('',#20038,#13550);
#11925=LINE('',#20040,#13551);
#11926=LINE('',#20042,#13552);
#11927=LINE('',#20045,#13553);
#11928=LINE('',#20047,#13554);
#11929=LINE('',#20049,#13555);
#11930=LINE('',#20051,#13556);
#11931=LINE('',#20052,#13557);
#11932=LINE('',#20054,#13558);
#11933=LINE('',#20057,#13559);
#11934=LINE('',#20059,#13560);
#11935=LINE('',#20061,#13561);
#11936=LINE('',#20063,#13562);
#11937=LINE('',#20066,#13563);
#11938=LINE('',#20068,#13564);
#11939=LINE('',#20070,#13565);
#11940=LINE('',#20072,#13566);
#11941=LINE('',#20073,#13567);
#11942=LINE('',#20075,#13568);
#11943=LINE('',#20078,#13569);
#11944=LINE('',#20080,#13570);
#11945=LINE('',#20082,#13571);
#11946=LINE('',#20084,#13572);
#11947=LINE('',#20087,#13573);
#11948=LINE('',#20089,#13574);
#11949=LINE('',#20091,#13575);
#11950=LINE('',#20093,#13576);
#11951=LINE('',#20094,#13577);
#11952=LINE('',#20096,#13578);
#11953=LINE('',#20099,#13579);
#11954=LINE('',#20101,#13580);
#11955=LINE('',#20103,#13581);
#11956=LINE('',#20105,#13582);
#11957=LINE('',#20108,#13583);
#11958=LINE('',#20110,#13584);
#11959=LINE('',#20112,#13585);
#11960=LINE('',#20114,#13586);
#11961=LINE('',#20115,#13587);
#11962=LINE('',#20117,#13588);
#11963=LINE('',#20120,#13589);
#11964=LINE('',#20122,#13590);
#11965=LINE('',#20124,#13591);
#11966=LINE('',#20126,#13592);
#11967=LINE('',#20129,#13593);
#11968=LINE('',#20131,#13594);
#11969=LINE('',#20133,#13595);
#11970=LINE('',#20135,#13596);
#11971=LINE('',#20136,#13597);
#11972=LINE('',#20138,#13598);
#11973=LINE('',#20141,#13599);
#11974=LINE('',#20143,#13600);
#11975=LINE('',#20145,#13601);
#11976=LINE('',#20147,#13602);
#11977=LINE('',#20150,#13603);
#11978=LINE('',#20152,#13604);
#11979=LINE('',#20154,#13605);
#11980=LINE('',#20156,#13606);
#11981=LINE('',#20157,#13607);
#11982=LINE('',#20159,#13608);
#11983=LINE('',#20162,#13609);
#11984=LINE('',#20164,#13610);
#11985=LINE('',#20166,#13611);
#11986=LINE('',#20168,#13612);
#11987=LINE('',#20171,#13613);
#11988=LINE('',#20173,#13614);
#11989=LINE('',#20175,#13615);
#11990=LINE('',#20177,#13616);
#11991=LINE('',#20178,#13617);
#11992=LINE('',#20180,#13618);
#11993=LINE('',#20183,#13619);
#11994=LINE('',#20185,#13620);
#11995=LINE('',#20187,#13621);
#11996=LINE('',#20189,#13622);
#11997=LINE('',#20192,#13623);
#11998=LINE('',#20194,#13624);
#11999=LINE('',#20196,#13625);
#12000=LINE('',#20198,#13626);
#12001=LINE('',#20199,#13627);
#12002=LINE('',#20201,#13628);
#12003=LINE('',#20204,#13629);
#12004=LINE('',#20206,#13630);
#12005=LINE('',#20208,#13631);
#12006=LINE('',#20210,#13632);
#12007=LINE('',#20213,#13633);
#12008=LINE('',#20215,#13634);
#12009=LINE('',#20217,#13635);
#12010=LINE('',#20219,#13636);
#12011=LINE('',#20220,#13637);
#12012=LINE('',#20222,#13638);
#12013=LINE('',#20225,#13639);
#12014=LINE('',#20227,#13640);
#12015=LINE('',#20229,#13641);
#12016=LINE('',#20231,#13642);
#12017=LINE('',#20234,#13643);
#12018=LINE('',#20236,#13644);
#12019=LINE('',#20238,#13645);
#12020=LINE('',#20240,#13646);
#12021=LINE('',#20241,#13647);
#12022=LINE('',#20243,#13648);
#12023=LINE('',#20246,#13649);
#12024=LINE('',#20248,#13650);
#12025=LINE('',#20250,#13651);
#12026=LINE('',#20252,#13652);
#12027=LINE('',#20255,#13653);
#12028=LINE('',#20257,#13654);
#12029=LINE('',#20259,#13655);
#12030=LINE('',#20261,#13656);
#12031=LINE('',#20262,#13657);
#12032=LINE('',#20264,#13658);
#12033=LINE('',#20267,#13659);
#12034=LINE('',#20269,#13660);
#12035=LINE('',#20271,#13661);
#12036=LINE('',#20273,#13662);
#12037=LINE('',#20276,#13663);
#12038=LINE('',#20278,#13664);
#12039=LINE('',#20280,#13665);
#12040=LINE('',#20282,#13666);
#12041=LINE('',#20283,#13667);
#12042=LINE('',#20285,#13668);
#12043=LINE('',#20288,#13669);
#12044=LINE('',#20290,#13670);
#12045=LINE('',#20292,#13671);
#12046=LINE('',#20294,#13672);
#12047=LINE('',#20297,#13673);
#12048=LINE('',#20299,#13674);
#12049=LINE('',#20301,#13675);
#12050=LINE('',#20303,#13676);
#12051=LINE('',#20304,#13677);
#12052=LINE('',#20306,#13678);
#12053=LINE('',#20309,#13679);
#12054=LINE('',#20311,#13680);
#12055=LINE('',#20313,#13681);
#12056=LINE('',#20315,#13682);
#12057=LINE('',#20318,#13683);
#12058=LINE('',#20320,#13684);
#12059=LINE('',#20322,#13685);
#12060=LINE('',#20324,#13686);
#12061=LINE('',#20325,#13687);
#12062=LINE('',#20327,#13688);
#12063=LINE('',#20330,#13689);
#12064=LINE('',#20332,#13690);
#12065=LINE('',#20334,#13691);
#12066=LINE('',#20336,#13692);
#12067=LINE('',#20339,#13693);
#12068=LINE('',#20341,#13694);
#12069=LINE('',#20343,#13695);
#12070=LINE('',#20345,#13696);
#12071=LINE('',#20346,#13697);
#12072=LINE('',#20348,#13698);
#12073=LINE('',#20351,#13699);
#12074=LINE('',#20353,#13700);
#12075=LINE('',#20355,#13701);
#12076=LINE('',#20357,#13702);
#12077=LINE('',#20360,#13703);
#12078=LINE('',#20362,#13704);
#12079=LINE('',#20364,#13705);
#12080=LINE('',#20366,#13706);
#12081=LINE('',#20367,#13707);
#12082=LINE('',#20369,#13708);
#12083=LINE('',#20372,#13709);
#12084=LINE('',#20374,#13710);
#12085=LINE('',#20376,#13711);
#12086=LINE('',#20378,#13712);
#12087=LINE('',#20381,#13713);
#12088=LINE('',#20383,#13714);
#12089=LINE('',#20385,#13715);
#12090=LINE('',#20387,#13716);
#12091=LINE('',#20388,#13717);
#12092=LINE('',#20390,#13718);
#12093=LINE('',#20393,#13719);
#12094=LINE('',#20395,#13720);
#12095=LINE('',#20397,#13721);
#12096=LINE('',#20399,#13722);
#12097=LINE('',#20402,#13723);
#12098=LINE('',#20404,#13724);
#12099=LINE('',#20406,#13725);
#12100=LINE('',#20408,#13726);
#12101=LINE('',#20409,#13727);
#12102=LINE('',#20411,#13728);
#12103=LINE('',#20414,#13729);
#12104=LINE('',#20416,#13730);
#12105=LINE('',#20418,#13731);
#12106=LINE('',#20420,#13732);
#12107=LINE('',#20423,#13733);
#12108=LINE('',#20425,#13734);
#12109=LINE('',#20427,#13735);
#12110=LINE('',#20429,#13736);
#12111=LINE('',#20430,#13737);
#12112=LINE('',#20432,#13738);
#12113=LINE('',#20435,#13739);
#12114=LINE('',#20437,#13740);
#12115=LINE('',#20439,#13741);
#12116=LINE('',#20441,#13742);
#12117=LINE('',#20444,#13743);
#12118=LINE('',#20446,#13744);
#12119=LINE('',#20448,#13745);
#12120=LINE('',#20450,#13746);
#12121=LINE('',#20451,#13747);
#12122=LINE('',#20453,#13748);
#12123=LINE('',#20456,#13749);
#12124=LINE('',#20458,#13750);
#12125=LINE('',#20460,#13751);
#12126=LINE('',#20462,#13752);
#12127=LINE('',#20465,#13753);
#12128=LINE('',#20467,#13754);
#12129=LINE('',#20469,#13755);
#12130=LINE('',#20471,#13756);
#12131=LINE('',#20472,#13757);
#12132=LINE('',#20474,#13758);
#12133=LINE('',#20477,#13759);
#12134=LINE('',#20479,#13760);
#12135=LINE('',#20481,#13761);
#12136=LINE('',#20483,#13762);
#12137=LINE('',#20486,#13763);
#12138=LINE('',#20488,#13764);
#12139=LINE('',#20490,#13765);
#12140=LINE('',#20492,#13766);
#12141=LINE('',#20493,#13767);
#12142=LINE('',#20495,#13768);
#12143=LINE('',#20498,#13769);
#12144=LINE('',#20500,#13770);
#12145=LINE('',#20502,#13771);
#12146=LINE('',#20504,#13772);
#12147=LINE('',#20507,#13773);
#12148=LINE('',#20509,#13774);
#12149=LINE('',#20511,#13775);
#12150=LINE('',#20513,#13776);
#12151=LINE('',#20514,#13777);
#12152=LINE('',#20516,#13778);
#12153=LINE('',#20519,#13779);
#12154=LINE('',#20521,#13780);
#12155=LINE('',#20523,#13781);
#12156=LINE('',#20525,#13782);
#12157=LINE('',#20528,#13783);
#12158=LINE('',#20530,#13784);
#12159=LINE('',#20532,#13785);
#12160=LINE('',#20534,#13786);
#12161=LINE('',#20535,#13787);
#12162=LINE('',#20537,#13788);
#12163=LINE('',#20540,#13789);
#12164=LINE('',#20542,#13790);
#12165=LINE('',#20544,#13791);
#12166=LINE('',#20546,#13792);
#12167=LINE('',#20549,#13793);
#12168=LINE('',#20551,#13794);
#12169=LINE('',#20553,#13795);
#12170=LINE('',#20555,#13796);
#12171=LINE('',#20556,#13797);
#12172=LINE('',#20558,#13798);
#12173=LINE('',#20561,#13799);
#12174=LINE('',#20563,#13800);
#12175=LINE('',#20565,#13801);
#12176=LINE('',#20567,#13802);
#12177=LINE('',#20570,#13803);
#12178=LINE('',#20572,#13804);
#12179=LINE('',#20574,#13805);
#12180=LINE('',#20576,#13806);
#12181=LINE('',#20577,#13807);
#12182=LINE('',#20579,#13808);
#12183=LINE('',#20582,#13809);
#12184=LINE('',#20584,#13810);
#12185=LINE('',#20586,#13811);
#12186=LINE('',#20588,#13812);
#12187=LINE('',#20591,#13813);
#12188=LINE('',#20593,#13814);
#12189=LINE('',#20595,#13815);
#12190=LINE('',#20597,#13816);
#12191=LINE('',#20600,#13817);
#12192=LINE('',#20602,#13818);
#12193=LINE('',#20604,#13819);
#12194=LINE('',#20606,#13820);
#12195=LINE('',#20609,#13821);
#12196=LINE('',#20610,#13822);
#12197=LINE('',#20612,#13823);
#12198=LINE('',#20614,#13824);
#12199=LINE('',#20616,#13825);
#12200=LINE('',#20618,#13826);
#12201=LINE('',#20619,#13827);
#12202=LINE('',#20621,#13828);
#12203=LINE('',#20624,#13829);
#12204=LINE('',#20626,#13830);
#12205=LINE('',#20628,#13831);
#12206=LINE('',#20630,#13832);
#12207=LINE('',#20633,#13833);
#12208=LINE('',#20635,#13834);
#12209=LINE('',#20637,#13835);
#12210=LINE('',#20639,#13836);
#12211=LINE('',#20640,#13837);
#12212=LINE('',#20642,#13838);
#12213=LINE('',#20645,#13839);
#12214=LINE('',#20647,#13840);
#12215=LINE('',#20649,#13841);
#12216=LINE('',#20651,#13842);
#12217=LINE('',#20654,#13843);
#12218=LINE('',#20656,#13844);
#12219=LINE('',#20658,#13845);
#12220=LINE('',#20660,#13846);
#12221=LINE('',#20661,#13847);
#12222=LINE('',#20663,#13848);
#12223=LINE('',#20666,#13849);
#12224=LINE('',#20668,#13850);
#12225=LINE('',#20670,#13851);
#12226=LINE('',#20672,#13852);
#12227=LINE('',#20675,#13853);
#12228=LINE('',#20677,#13854);
#12229=LINE('',#20679,#13855);
#12230=LINE('',#20681,#13856);
#12231=LINE('',#20682,#13857);
#12232=LINE('',#20684,#13858);
#12233=LINE('',#20687,#13859);
#12234=LINE('',#20689,#13860);
#12235=LINE('',#20691,#13861);
#12236=LINE('',#20693,#13862);
#12237=LINE('',#20696,#13863);
#12238=LINE('',#20698,#13864);
#12239=LINE('',#20700,#13865);
#12240=LINE('',#20702,#13866);
#12241=LINE('',#20703,#13867);
#12242=LINE('',#20705,#13868);
#12243=LINE('',#20708,#13869);
#12244=LINE('',#20710,#13870);
#12245=LINE('',#20712,#13871);
#12246=LINE('',#20714,#13872);
#12247=LINE('',#20717,#13873);
#12248=LINE('',#20719,#13874);
#12249=LINE('',#20721,#13875);
#12250=LINE('',#20723,#13876);
#12251=LINE('',#20724,#13877);
#12252=LINE('',#20726,#13878);
#12253=LINE('',#20729,#13879);
#12254=LINE('',#20731,#13880);
#12255=LINE('',#20733,#13881);
#12256=LINE('',#20735,#13882);
#12257=LINE('',#20738,#13883);
#12258=LINE('',#20740,#13884);
#12259=LINE('',#20742,#13885);
#12260=LINE('',#20744,#13886);
#12261=LINE('',#20745,#13887);
#12262=LINE('',#20747,#13888);
#12263=LINE('',#20750,#13889);
#12264=LINE('',#20752,#13890);
#12265=LINE('',#20754,#13891);
#12266=LINE('',#20756,#13892);
#12267=LINE('',#20759,#13893);
#12268=LINE('',#20761,#13894);
#12269=LINE('',#20763,#13895);
#12270=LINE('',#20765,#13896);
#12271=LINE('',#20766,#13897);
#12272=LINE('',#20768,#13898);
#12273=LINE('',#20771,#13899);
#12274=LINE('',#20773,#13900);
#12275=LINE('',#20775,#13901);
#12276=LINE('',#20777,#13902);
#12277=LINE('',#20780,#13903);
#12278=LINE('',#20782,#13904);
#12279=LINE('',#20784,#13905);
#12280=LINE('',#20786,#13906);
#12281=LINE('',#20787,#13907);
#12282=LINE('',#20789,#13908);
#12283=LINE('',#20792,#13909);
#12284=LINE('',#20794,#13910);
#12285=LINE('',#20796,#13911);
#12286=LINE('',#20798,#13912);
#12287=LINE('',#20801,#13913);
#12288=LINE('',#20803,#13914);
#12289=LINE('',#20805,#13915);
#12290=LINE('',#20807,#13916);
#12291=LINE('',#20808,#13917);
#12292=LINE('',#20810,#13918);
#12293=LINE('',#20813,#13919);
#12294=LINE('',#20815,#13920);
#12295=LINE('',#20817,#13921);
#12296=LINE('',#20819,#13922);
#12297=LINE('',#20822,#13923);
#12298=LINE('',#20824,#13924);
#12299=LINE('',#20826,#13925);
#12300=LINE('',#20828,#13926);
#12301=LINE('',#20829,#13927);
#12302=LINE('',#20831,#13928);
#12303=LINE('',#20834,#13929);
#12304=LINE('',#20836,#13930);
#12305=LINE('',#20838,#13931);
#12306=LINE('',#20840,#13932);
#12307=LINE('',#20843,#13933);
#12308=LINE('',#20845,#13934);
#12309=LINE('',#20847,#13935);
#12310=LINE('',#20849,#13936);
#12311=LINE('',#20850,#13937);
#12312=LINE('',#20852,#13938);
#12313=LINE('',#20855,#13939);
#12314=LINE('',#20857,#13940);
#12315=LINE('',#20859,#13941);
#12316=LINE('',#20861,#13942);
#12317=LINE('',#20864,#13943);
#12318=LINE('',#20866,#13944);
#12319=LINE('',#20868,#13945);
#12320=LINE('',#20870,#13946);
#12321=LINE('',#20871,#13947);
#12322=LINE('',#20873,#13948);
#12323=LINE('',#20876,#13949);
#12324=LINE('',#20878,#13950);
#12325=LINE('',#20880,#13951);
#12326=LINE('',#20882,#13952);
#12327=LINE('',#20885,#13953);
#12328=LINE('',#20887,#13954);
#12329=LINE('',#20889,#13955);
#12330=LINE('',#20891,#13956);
#12331=LINE('',#20892,#13957);
#12332=LINE('',#20894,#13958);
#12333=LINE('',#20897,#13959);
#12334=LINE('',#20899,#13960);
#12335=LINE('',#20901,#13961);
#12336=LINE('',#20903,#13962);
#12337=LINE('',#20906,#13963);
#12338=LINE('',#20908,#13964);
#12339=LINE('',#20910,#13965);
#12340=LINE('',#20912,#13966);
#12341=LINE('',#20913,#13967);
#12342=LINE('',#20915,#13968);
#12343=LINE('',#20918,#13969);
#12344=LINE('',#20920,#13970);
#12345=LINE('',#20922,#13971);
#12346=LINE('',#20924,#13972);
#12347=LINE('',#20927,#13973);
#12348=LINE('',#20929,#13974);
#12349=LINE('',#20931,#13975);
#12350=LINE('',#20933,#13976);
#12351=LINE('',#20934,#13977);
#12352=LINE('',#20936,#13978);
#12353=LINE('',#20939,#13979);
#12354=LINE('',#20941,#13980);
#12355=LINE('',#20943,#13981);
#12356=LINE('',#20945,#13982);
#12357=LINE('',#20948,#13983);
#12358=LINE('',#20950,#13984);
#12359=LINE('',#20952,#13985);
#12360=LINE('',#20954,#13986);
#12361=LINE('',#20955,#13987);
#12362=LINE('',#20957,#13988);
#12363=LINE('',#20960,#13989);
#12364=LINE('',#20962,#13990);
#12365=LINE('',#20964,#13991);
#12366=LINE('',#20966,#13992);
#12367=LINE('',#20969,#13993);
#12368=LINE('',#20971,#13994);
#12369=LINE('',#20973,#13995);
#12370=LINE('',#20975,#13996);
#12371=LINE('',#20976,#13997);
#12372=LINE('',#20978,#13998);
#12373=LINE('',#20981,#13999);
#12374=LINE('',#20983,#14000);
#12375=LINE('',#20985,#14001);
#12376=LINE('',#20987,#14002);
#12377=LINE('',#20990,#14003);
#12378=LINE('',#20992,#14004);
#12379=LINE('',#20994,#14005);
#12380=LINE('',#20996,#14006);
#12381=LINE('',#20997,#14007);
#12382=LINE('',#20999,#14008);
#12383=LINE('',#21002,#14009);
#12384=LINE('',#21004,#14010);
#12385=LINE('',#21006,#14011);
#12386=LINE('',#21008,#14012);
#12387=LINE('',#21011,#14013);
#12388=LINE('',#21013,#14014);
#12389=LINE('',#21015,#14015);
#12390=LINE('',#21017,#14016);
#12391=LINE('',#21018,#14017);
#12392=LINE('',#21020,#14018);
#12393=LINE('',#21023,#14019);
#12394=LINE('',#21025,#14020);
#12395=LINE('',#21027,#14021);
#12396=LINE('',#21029,#14022);
#12397=LINE('',#21032,#14023);
#12398=LINE('',#21034,#14024);
#12399=LINE('',#21036,#14025);
#12400=LINE('',#21038,#14026);
#12401=LINE('',#21039,#14027);
#12402=LINE('',#21041,#14028);
#12403=LINE('',#21044,#14029);
#12404=LINE('',#21046,#14030);
#12405=LINE('',#21048,#14031);
#12406=LINE('',#21050,#14032);
#12407=LINE('',#21053,#14033);
#12408=LINE('',#21055,#14034);
#12409=LINE('',#21057,#14035);
#12410=LINE('',#21059,#14036);
#12411=LINE('',#21060,#14037);
#12412=LINE('',#21062,#14038);
#12413=LINE('',#21065,#14039);
#12414=LINE('',#21067,#14040);
#12415=LINE('',#21069,#14041);
#12416=LINE('',#21071,#14042);
#12417=LINE('',#21074,#14043);
#12418=LINE('',#21076,#14044);
#12419=LINE('',#21078,#14045);
#12420=LINE('',#21080,#14046);
#12421=LINE('',#21081,#14047);
#12422=LINE('',#21083,#14048);
#12423=LINE('',#21086,#14049);
#12424=LINE('',#21088,#14050);
#12425=LINE('',#21090,#14051);
#12426=LINE('',#21092,#14052);
#12427=LINE('',#21095,#14053);
#12428=LINE('',#21097,#14054);
#12429=LINE('',#21099,#14055);
#12430=LINE('',#21101,#14056);
#12431=LINE('',#21102,#14057);
#12432=LINE('',#21104,#14058);
#12433=LINE('',#21107,#14059);
#12434=LINE('',#21109,#14060);
#12435=LINE('',#21111,#14061);
#12436=LINE('',#21113,#14062);
#12437=LINE('',#21116,#14063);
#12438=LINE('',#21118,#14064);
#12439=LINE('',#21120,#14065);
#12440=LINE('',#21122,#14066);
#12441=LINE('',#21123,#14067);
#12442=LINE('',#21125,#14068);
#12443=LINE('',#21128,#14069);
#12444=LINE('',#21130,#14070);
#12445=LINE('',#21132,#14071);
#12446=LINE('',#21134,#14072);
#12447=LINE('',#21137,#14073);
#12448=LINE('',#21139,#14074);
#12449=LINE('',#21141,#14075);
#12450=LINE('',#21143,#14076);
#12451=LINE('',#21144,#14077);
#12452=LINE('',#21146,#14078);
#12453=LINE('',#21149,#14079);
#12454=LINE('',#21151,#14080);
#12455=LINE('',#21153,#14081);
#12456=LINE('',#21155,#14082);
#12457=LINE('',#21158,#14083);
#12458=LINE('',#21160,#14084);
#12459=LINE('',#21162,#14085);
#12460=LINE('',#21164,#14086);
#12461=LINE('',#21165,#14087);
#12462=LINE('',#21167,#14088);
#12463=LINE('',#21170,#14089);
#12464=LINE('',#21172,#14090);
#12465=LINE('',#21174,#14091);
#12466=LINE('',#21176,#14092);
#12467=LINE('',#21179,#14093);
#12468=LINE('',#21181,#14094);
#12469=LINE('',#21183,#14095);
#12470=LINE('',#21185,#14096);
#12471=LINE('',#21186,#14097);
#12472=LINE('',#21188,#14098);
#12473=LINE('',#21191,#14099);
#12474=LINE('',#21193,#14100);
#12475=LINE('',#21195,#14101);
#12476=LINE('',#21197,#14102);
#12477=LINE('',#21200,#14103);
#12478=LINE('',#21202,#14104);
#12479=LINE('',#21204,#14105);
#12480=LINE('',#21206,#14106);
#12481=LINE('',#21207,#14107);
#12482=LINE('',#21209,#14108);
#12483=LINE('',#21212,#14109);
#12484=LINE('',#21214,#14110);
#12485=LINE('',#21216,#14111);
#12486=LINE('',#21218,#14112);
#12487=LINE('',#21221,#14113);
#12488=LINE('',#21223,#14114);
#12489=LINE('',#21225,#14115);
#12490=LINE('',#21227,#14116);
#12491=LINE('',#21228,#14117);
#12492=LINE('',#21230,#14118);
#12493=LINE('',#21233,#14119);
#12494=LINE('',#21235,#14120);
#12495=LINE('',#21237,#14121);
#12496=LINE('',#21239,#14122);
#12497=LINE('',#21242,#14123);
#12498=LINE('',#21244,#14124);
#12499=LINE('',#21246,#14125);
#12500=LINE('',#21248,#14126);
#12501=LINE('',#21249,#14127);
#12502=LINE('',#21251,#14128);
#12503=LINE('',#21254,#14129);
#12504=LINE('',#21256,#14130);
#12505=LINE('',#21258,#14131);
#12506=LINE('',#21260,#14132);
#12507=LINE('',#21263,#14133);
#12508=LINE('',#21265,#14134);
#12509=LINE('',#21267,#14135);
#12510=LINE('',#21269,#14136);
#12511=LINE('',#21270,#14137);
#12512=LINE('',#21272,#14138);
#12513=LINE('',#21275,#14139);
#12514=LINE('',#21277,#14140);
#12515=LINE('',#21279,#14141);
#12516=LINE('',#21281,#14142);
#12517=LINE('',#21284,#14143);
#12518=LINE('',#21286,#14144);
#12519=LINE('',#21288,#14145);
#12520=LINE('',#21290,#14146);
#12521=LINE('',#21291,#14147);
#12522=LINE('',#21293,#14148);
#12523=LINE('',#21296,#14149);
#12524=LINE('',#21298,#14150);
#12525=LINE('',#21300,#14151);
#12526=LINE('',#21302,#14152);
#12527=LINE('',#21305,#14153);
#12528=LINE('',#21307,#14154);
#12529=LINE('',#21309,#14155);
#12530=LINE('',#21311,#14156);
#12531=LINE('',#21312,#14157);
#12532=LINE('',#21314,#14158);
#12533=LINE('',#21317,#14159);
#12534=LINE('',#21319,#14160);
#12535=LINE('',#21321,#14161);
#12536=LINE('',#21323,#14162);
#12537=LINE('',#21326,#14163);
#12538=LINE('',#21328,#14164);
#12539=LINE('',#21330,#14165);
#12540=LINE('',#21332,#14166);
#12541=LINE('',#21335,#14167);
#12542=LINE('',#21337,#14168);
#12543=LINE('',#21339,#14169);
#12544=LINE('',#21341,#14170);
#12545=LINE('',#21342,#14171);
#12546=LINE('',#21344,#14172);
#12547=LINE('',#21347,#14173);
#12548=LINE('',#21349,#14174);
#12549=LINE('',#21351,#14175);
#12550=LINE('',#21353,#14176);
#12551=LINE('',#21354,#14177);
#12552=LINE('',#21355,#14178);
#12553=LINE('',#21357,#14179);
#12554=LINE('',#21359,#14180);
#12555=LINE('',#21360,#14181);
#12556=LINE('',#21361,#14182);
#12557=LINE('',#21362,#14183);
#12558=LINE('',#21363,#14184);
#12559=LINE('',#21364,#14185);
#12560=LINE('',#21365,#14186);
#12561=LINE('',#21366,#14187);
#12562=LINE('',#21367,#14188);
#12563=LINE('',#21368,#14189);
#12564=LINE('',#21369,#14190);
#12565=LINE('',#21370,#14191);
#12566=LINE('',#21371,#14192);
#12567=LINE('',#21372,#14193);
#12568=LINE('',#21373,#14194);
#12569=LINE('',#21374,#14195);
#12570=LINE('',#21375,#14196);
#12571=LINE('',#21376,#14197);
#12572=LINE('',#21377,#14198);
#12573=LINE('',#21378,#14199);
#12574=LINE('',#21379,#14200);
#12575=LINE('',#21380,#14201);
#12576=LINE('',#21381,#14202);
#12577=LINE('',#21382,#14203);
#12578=LINE('',#21383,#14204);
#12579=LINE('',#21384,#14205);
#12580=LINE('',#21385,#14206);
#12581=LINE('',#21386,#14207);
#12582=LINE('',#21387,#14208);
#12583=LINE('',#21388,#14209);
#12584=LINE('',#21389,#14210);
#12585=LINE('',#21390,#14211);
#12586=LINE('',#21391,#14212);
#12587=LINE('',#21392,#14213);
#12588=LINE('',#21393,#14214);
#12589=LINE('',#21394,#14215);
#12590=LINE('',#21395,#14216);
#12591=LINE('',#21396,#14217);
#12592=LINE('',#21397,#14218);
#12593=LINE('',#21398,#14219);
#12594=LINE('',#21399,#14220);
#12595=LINE('',#21400,#14221);
#12596=LINE('',#21401,#14222);
#12597=LINE('',#21402,#14223);
#12598=LINE('',#21403,#14224);
#12599=LINE('',#21404,#14225);
#12600=LINE('',#21405,#14226);
#12601=LINE('',#21406,#14227);
#12602=LINE('',#21407,#14228);
#12603=LINE('',#21408,#14229);
#12604=LINE('',#21409,#14230);
#12605=LINE('',#21410,#14231);
#12606=LINE('',#21411,#14232);
#12607=LINE('',#21412,#14233);
#12608=LINE('',#21413,#14234);
#12609=LINE('',#21414,#14235);
#12610=LINE('',#21415,#14236);
#12611=LINE('',#21416,#14237);
#12612=LINE('',#21417,#14238);
#12613=LINE('',#21418,#14239);
#12614=LINE('',#21419,#14240);
#12615=LINE('',#21420,#14241);
#12616=LINE('',#21421,#14242);
#12617=LINE('',#21422,#14243);
#12618=LINE('',#21423,#14244);
#12619=LINE('',#21424,#14245);
#12620=LINE('',#21425,#14246);
#12621=LINE('',#21426,#14247);
#12622=LINE('',#21427,#14248);
#12623=LINE('',#21428,#14249);
#12624=LINE('',#21429,#14250);
#12625=LINE('',#21430,#14251);
#12626=LINE('',#21431,#14252);
#12627=LINE('',#21432,#14253);
#12628=LINE('',#21433,#14254);
#12629=LINE('',#21434,#14255);
#12630=LINE('',#21435,#14256);
#12631=LINE('',#21436,#14257);
#12632=LINE('',#21437,#14258);
#12633=LINE('',#21438,#14259);
#12634=LINE('',#21439,#14260);
#12635=LINE('',#21440,#14261);
#12636=LINE('',#21441,#14262);
#12637=LINE('',#21442,#14263);
#12638=LINE('',#21443,#14264);
#12639=LINE('',#21444,#14265);
#12640=LINE('',#21445,#14266);
#12641=LINE('',#21446,#14267);
#12642=LINE('',#21447,#14268);
#12643=LINE('',#21448,#14269);
#12644=LINE('',#21449,#14270);
#12645=LINE('',#21450,#14271);
#12646=LINE('',#21451,#14272);
#12647=LINE('',#21452,#14273);
#12648=LINE('',#21453,#14274);
#12649=LINE('',#21454,#14275);
#12650=LINE('',#21455,#14276);
#12651=LINE('',#21456,#14277);
#12652=LINE('',#21457,#14278);
#12653=LINE('',#21458,#14279);
#12654=LINE('',#21459,#14280);
#12655=LINE('',#21460,#14281);
#12656=LINE('',#21461,#14282);
#12657=LINE('',#21462,#14283);
#12658=LINE('',#21463,#14284);
#12659=LINE('',#21464,#14285);
#12660=LINE('',#21465,#14286);
#12661=LINE('',#21466,#14287);
#12662=LINE('',#21467,#14288);
#12663=LINE('',#21468,#14289);
#12664=LINE('',#21469,#14290);
#12665=LINE('',#21470,#14291);
#12666=LINE('',#21471,#14292);
#12667=LINE('',#21472,#14293);
#12668=LINE('',#21473,#14294);
#12669=LINE('',#21474,#14295);
#12670=LINE('',#21475,#14296);
#12671=LINE('',#21476,#14297);
#12672=LINE('',#21477,#14298);
#12673=LINE('',#21478,#14299);
#12674=LINE('',#21479,#14300);
#12675=LINE('',#21480,#14301);
#12676=LINE('',#21481,#14302);
#12677=LINE('',#21482,#14303);
#12678=LINE('',#21483,#14304);
#12679=LINE('',#21484,#14305);
#12680=LINE('',#21485,#14306);
#12681=LINE('',#21486,#14307);
#12682=LINE('',#21487,#14308);
#12683=LINE('',#21488,#14309);
#12684=LINE('',#21489,#14310);
#12685=LINE('',#21490,#14311);
#12686=LINE('',#21491,#14312);
#12687=LINE('',#21492,#14313);
#12688=LINE('',#21493,#14314);
#12689=LINE('',#21494,#14315);
#12690=LINE('',#21495,#14316);
#12691=LINE('',#21496,#14317);
#12692=LINE('',#21499,#14318);
#12693=LINE('',#21501,#14319);
#12694=LINE('',#21503,#14320);
#12695=LINE('',#21505,#14321);
#12696=LINE('',#21507,#14322);
#12697=LINE('',#21509,#14323);
#12698=LINE('',#21511,#14324);
#12699=LINE('',#21513,#14325);
#12700=LINE('',#21515,#14326);
#12701=LINE('',#21517,#14327);
#12702=LINE('',#21519,#14328);
#12703=LINE('',#21520,#14329);
#12704=LINE('',#21521,#14330);
#12705=LINE('',#21522,#14331);
#12706=LINE('',#21525,#14332);
#12707=LINE('',#21527,#14333);
#12708=LINE('',#21529,#14334);
#12709=LINE('',#21531,#14335);
#12710=LINE('',#21534,#14336);
#12711=LINE('',#21536,#14337);
#12712=LINE('',#21538,#14338);
#12713=LINE('',#21540,#14339);
#12714=LINE('',#21542,#14340);
#12715=LINE('',#21544,#14341);
#12716=LINE('',#21546,#14342);
#12717=LINE('',#21548,#14343);
#12718=LINE('',#21550,#14344);
#12719=LINE('',#21552,#14345);
#12720=LINE('',#21554,#14346);
#12721=LINE('',#21556,#14347);
#12722=LINE('',#21558,#14348);
#12723=LINE('',#21560,#14349);
#12724=LINE('',#21562,#14350);
#12725=LINE('',#21565,#14351);
#12726=LINE('',#21567,#14352);
#12727=LINE('',#21569,#14353);
#12728=LINE('',#21570,#14354);
#12729=LINE('',#21573,#14355);
#12730=LINE('',#21575,#14356);
#12731=LINE('',#21577,#14357);
#12732=LINE('',#21578,#14358);
#12733=LINE('',#21581,#14359);
#12734=LINE('',#21583,#14360);
#12735=LINE('',#21585,#14361);
#12736=LINE('',#21586,#14362);
#12737=LINE('',#21589,#14363);
#12738=LINE('',#21591,#14364);
#12739=LINE('',#21593,#14365);
#12740=LINE('',#21594,#14366);
#12741=LINE('',#21597,#14367);
#12742=LINE('',#21599,#14368);
#12743=LINE('',#21601,#14369);
#12744=LINE('',#21602,#14370);
#12745=LINE('',#21605,#14371);
#12746=LINE('',#21607,#14372);
#12747=LINE('',#21609,#14373);
#12748=LINE('',#21610,#14374);
#12749=LINE('',#21613,#14375);
#12750=LINE('',#21615,#14376);
#12751=LINE('',#21617,#14377);
#12752=LINE('',#21618,#14378);
#12753=LINE('',#21621,#14379);
#12754=LINE('',#21623,#14380);
#12755=LINE('',#21625,#14381);
#12756=LINE('',#21626,#14382);
#12757=LINE('',#21629,#14383);
#12758=LINE('',#21631,#14384);
#12759=LINE('',#21633,#14385);
#12760=LINE('',#21634,#14386);
#12761=LINE('',#21637,#14387);
#12762=LINE('',#21639,#14388);
#12763=LINE('',#21641,#14389);
#12764=LINE('',#21642,#14390);
#12765=LINE('',#21645,#14391);
#12766=LINE('',#21647,#14392);
#12767=LINE('',#21649,#14393);
#12768=LINE('',#21650,#14394);
#12769=LINE('',#21653,#14395);
#12770=LINE('',#21655,#14396);
#12771=LINE('',#21657,#14397);
#12772=LINE('',#21658,#14398);
#12773=LINE('',#21661,#14399);
#12774=LINE('',#21663,#14400);
#12775=LINE('',#21665,#14401);
#12776=LINE('',#21666,#14402);
#12777=LINE('',#21669,#14403);
#12778=LINE('',#21671,#14404);
#12779=LINE('',#21673,#14405);
#12780=LINE('',#21674,#14406);
#12781=LINE('',#21677,#14407);
#12782=LINE('',#21679,#14408);
#12783=LINE('',#21681,#14409);
#12784=LINE('',#21682,#14410);
#12785=LINE('',#21685,#14411);
#12786=LINE('',#21687,#14412);
#12787=LINE('',#21689,#14413);
#12788=LINE('',#21691,#14414);
#12789=LINE('',#21693,#14415);
#12790=LINE('',#21695,#14416);
#12791=LINE('',#21697,#14417);
#12792=LINE('',#21699,#14418);
#12793=LINE('',#21702,#14419);
#12794=LINE('',#21704,#14420);
#12795=LINE('',#21706,#14421);
#12796=LINE('',#21707,#14422);
#12797=LINE('',#21710,#14423);
#12798=LINE('',#21712,#14424);
#12799=LINE('',#21714,#14425);
#12800=LINE('',#21715,#14426);
#12801=LINE('',#21718,#14427);
#12802=LINE('',#21720,#14428);
#12803=LINE('',#21722,#14429);
#12804=LINE('',#21723,#14430);
#12805=LINE('',#21726,#14431);
#12806=LINE('',#21728,#14432);
#12807=LINE('',#21730,#14433);
#12808=LINE('',#21731,#14434);
#12809=LINE('',#21734,#14435);
#12810=LINE('',#21736,#14436);
#12811=LINE('',#21738,#14437);
#12812=LINE('',#21739,#14438);
#12813=LINE('',#21742,#14439);
#12814=LINE('',#21744,#14440);
#12815=LINE('',#21746,#14441);
#12816=LINE('',#21747,#14442);
#12817=LINE('',#21750,#14443);
#12818=LINE('',#21752,#14444);
#12819=LINE('',#21754,#14445);
#12820=LINE('',#21755,#14446);
#12821=LINE('',#21758,#14447);
#12822=LINE('',#21760,#14448);
#12823=LINE('',#21762,#14449);
#12824=LINE('',#21763,#14450);
#12825=LINE('',#21766,#14451);
#12826=LINE('',#21768,#14452);
#12827=LINE('',#21770,#14453);
#12828=LINE('',#21771,#14454);
#12829=LINE('',#21774,#14455);
#12830=LINE('',#21776,#14456);
#12831=LINE('',#21778,#14457);
#12832=LINE('',#21779,#14458);
#12833=LINE('',#21782,#14459);
#12834=LINE('',#21784,#14460);
#12835=LINE('',#21786,#14461);
#12836=LINE('',#21787,#14462);
#12837=LINE('',#21790,#14463);
#12838=LINE('',#21792,#14464);
#12839=LINE('',#21794,#14465);
#12840=LINE('',#21795,#14466);
#12841=LINE('',#21798,#14467);
#12842=LINE('',#21800,#14468);
#12843=LINE('',#21802,#14469);
#12844=LINE('',#21803,#14470);
#12845=LINE('',#21806,#14471);
#12846=LINE('',#21808,#14472);
#12847=LINE('',#21810,#14473);
#12848=LINE('',#21811,#14474);
#12849=LINE('',#21814,#14475);
#12850=LINE('',#21816,#14476);
#12851=LINE('',#21818,#14477);
#12852=LINE('',#21819,#14478);
#12853=LINE('',#21822,#14479);
#12854=LINE('',#21824,#14480);
#12855=LINE('',#21826,#14481);
#12856=LINE('',#21827,#14482);
#12857=LINE('',#21829,#14483);
#12858=LINE('',#21831,#14484);
#12859=LINE('',#21833,#14485);
#12860=LINE('',#21834,#14486);
#12861=LINE('',#21835,#14487);
#12862=LINE('',#21837,#14488);
#12863=LINE('',#21839,#14489);
#12864=LINE('',#21841,#14490);
#12865=LINE('',#21842,#14491);
#12866=LINE('',#21843,#14492);
#12867=LINE('',#21845,#14493);
#12868=LINE('',#21847,#14494);
#12869=LINE('',#21849,#14495);
#12870=LINE('',#21850,#14496);
#12871=LINE('',#21852,#14497);
#12872=LINE('',#21853,#14498);
#12873=LINE('',#21855,#14499);
#12874=LINE('',#21858,#14500);
#12875=LINE('',#21860,#14501);
#12876=LINE('',#21862,#14502);
#12877=LINE('',#21863,#14503);
#12878=LINE('',#21866,#14504);
#12879=LINE('',#21868,#14505);
#12880=LINE('',#21870,#14506);
#12881=LINE('',#21871,#14507);
#12882=LINE('',#21874,#14508);
#12883=LINE('',#21876,#14509);
#12884=LINE('',#21878,#14510);
#12885=LINE('',#21879,#14511);
#12886=LINE('',#21882,#14512);
#12887=LINE('',#21884,#14513);
#12888=LINE('',#21886,#14514);
#12889=LINE('',#21887,#14515);
#12890=LINE('',#21890,#14516);
#12891=LINE('',#21892,#14517);
#12892=LINE('',#21894,#14518);
#12893=LINE('',#21895,#14519);
#12894=LINE('',#21898,#14520);
#12895=LINE('',#21900,#14521);
#12896=LINE('',#21902,#14522);
#12897=LINE('',#21903,#14523);
#12898=LINE('',#21906,#14524);
#12899=LINE('',#21908,#14525);
#12900=LINE('',#21910,#14526);
#12901=LINE('',#21911,#14527);
#12902=LINE('',#21914,#14528);
#12903=LINE('',#21916,#14529);
#12904=LINE('',#21918,#14530);
#12905=LINE('',#21919,#14531);
#12906=LINE('',#21922,#14532);
#12907=LINE('',#21924,#14533);
#12908=LINE('',#21926,#14534);
#12909=LINE('',#21927,#14535);
#12910=LINE('',#21930,#14536);
#12911=LINE('',#21932,#14537);
#12912=LINE('',#21934,#14538);
#12913=LINE('',#21935,#14539);
#12914=LINE('',#21938,#14540);
#12915=LINE('',#21940,#14541);
#12916=LINE('',#21942,#14542);
#12917=LINE('',#21944,#14543);
#12918=LINE('',#21946,#14544);
#12919=LINE('',#21948,#14545);
#12920=LINE('',#21950,#14546);
#12921=LINE('',#21952,#14547);
#12922=LINE('',#21954,#14548);
#12923=LINE('',#21956,#14549);
#12924=LINE('',#21958,#14550);
#12925=LINE('',#21960,#14551);
#12926=LINE('',#21962,#14552);
#12927=LINE('',#21964,#14553);
#12928=LINE('',#21966,#14554);
#12929=LINE('',#21968,#14555);
#12930=LINE('',#21970,#14556);
#12931=LINE('',#21972,#14557);
#12932=LINE('',#21974,#14558);
#12933=LINE('',#21977,#14559);
#12934=LINE('',#21979,#14560);
#12935=LINE('',#21981,#14561);
#12936=LINE('',#21983,#14562);
#12937=LINE('',#21985,#14563);
#12938=LINE('',#21987,#14564);
#12939=LINE('',#21989,#14565);
#12940=LINE('',#21991,#14566);
#12941=LINE('',#21994,#14567);
#12942=LINE('',#21996,#14568);
#12943=LINE('',#21998,#14569);
#12944=LINE('',#22000,#14570);
#12945=LINE('',#22002,#14571);
#12946=LINE('',#22004,#14572);
#12947=LINE('',#22006,#14573);
#12948=LINE('',#22008,#14574);
#12949=LINE('',#22011,#14575);
#12950=LINE('',#22013,#14576);
#12951=LINE('',#22015,#14577);
#12952=LINE('',#22017,#14578);
#12953=LINE('',#22019,#14579);
#12954=LINE('',#22021,#14580);
#12955=LINE('',#22023,#14581);
#12956=LINE('',#22025,#14582);
#12957=LINE('',#22028,#14583);
#12958=LINE('',#22030,#14584);
#12959=LINE('',#22032,#14585);
#12960=LINE('',#22034,#14586);
#12961=LINE('',#22036,#14587);
#12962=LINE('',#22038,#14588);
#12963=LINE('',#22040,#14589);
#12964=LINE('',#22042,#14590);
#12965=LINE('',#22045,#14591);
#12966=LINE('',#22047,#14592);
#12967=LINE('',#22049,#14593);
#12968=LINE('',#22051,#14594);
#12969=LINE('',#22053,#14595);
#12970=LINE('',#22055,#14596);
#12971=LINE('',#22057,#14597);
#12972=LINE('',#22059,#14598);
#12973=LINE('',#22062,#14599);
#12974=LINE('',#22064,#14600);
#12975=LINE('',#22066,#14601);
#12976=LINE('',#22068,#14602);
#12977=LINE('',#22070,#14603);
#12978=LINE('',#22072,#14604);
#12979=LINE('',#22074,#14605);
#12980=LINE('',#22076,#14606);
#12981=LINE('',#22079,#14607);
#12982=LINE('',#22081,#14608);
#12983=LINE('',#22083,#14609);
#12984=LINE('',#22085,#14610);
#12985=LINE('',#22087,#14611);
#12986=LINE('',#22089,#14612);
#12987=LINE('',#22091,#14613);
#12988=LINE('',#22093,#14614);
#12989=LINE('',#22096,#14615);
#12990=LINE('',#22098,#14616);
#12991=LINE('',#22100,#14617);
#12992=LINE('',#22102,#14618);
#12993=LINE('',#22104,#14619);
#12994=LINE('',#22106,#14620);
#12995=LINE('',#22108,#14621);
#12996=LINE('',#22110,#14622);
#12997=LINE('',#22113,#14623);
#12998=LINE('',#22115,#14624);
#12999=LINE('',#22117,#14625);
#13000=LINE('',#22119,#14626);
#13001=LINE('',#22121,#14627);
#13002=LINE('',#22123,#14628);
#13003=LINE('',#22125,#14629);
#13004=LINE('',#22127,#14630);
#13005=LINE('',#22130,#14631);
#13006=LINE('',#22132,#14632);
#13007=LINE('',#22135,#14633);
#13008=LINE('',#22137,#14634);
#13009=LINE('',#22139,#14635);
#13010=LINE('',#22141,#14636);
#13011=LINE('',#22143,#14637);
#13012=LINE('',#22145,#14638);
#13013=LINE('',#22147,#14639);
#13014=LINE('',#22149,#14640);
#13015=LINE('',#22152,#14641);
#13016=LINE('',#22154,#14642);
#13017=LINE('',#22156,#14643);
#13018=LINE('',#22158,#14644);
#13019=LINE('',#22160,#14645);
#13020=LINE('',#22162,#14646);
#13021=LINE('',#22164,#14647);
#13022=LINE('',#22166,#14648);
#13023=LINE('',#22169,#14649);
#13024=LINE('',#22171,#14650);
#13025=LINE('',#22173,#14651);
#13026=LINE('',#22175,#14652);
#13027=LINE('',#22177,#14653);
#13028=LINE('',#22179,#14654);
#13029=LINE('',#22181,#14655);
#13030=LINE('',#22183,#14656);
#13031=LINE('',#22186,#14657);
#13032=LINE('',#22188,#14658);
#13033=LINE('',#22190,#14659);
#13034=LINE('',#22192,#14660);
#13035=LINE('',#22194,#14661);
#13036=LINE('',#22196,#14662);
#13037=LINE('',#22198,#14663);
#13038=LINE('',#22200,#14664);
#13039=LINE('',#22203,#14665);
#13040=LINE('',#22205,#14666);
#13041=LINE('',#22207,#14667);
#13042=LINE('',#22209,#14668);
#13043=LINE('',#22211,#14669);
#13044=LINE('',#22213,#14670);
#13045=LINE('',#22215,#14671);
#13046=LINE('',#22217,#14672);
#13047=LINE('',#22220,#14673);
#13048=LINE('',#22222,#14674);
#13049=LINE('',#22224,#14675);
#13050=LINE('',#22226,#14676);
#13051=LINE('',#22228,#14677);
#13052=LINE('',#22230,#14678);
#13053=LINE('',#22232,#14679);
#13054=LINE('',#22234,#14680);
#13055=LINE('',#22237,#14681);
#13056=LINE('',#22239,#14682);
#13057=LINE('',#22241,#14683);
#13058=LINE('',#22243,#14684);
#13059=LINE('',#22245,#14685);
#13060=LINE('',#22247,#14686);
#13061=LINE('',#22249,#14687);
#13062=LINE('',#22251,#14688);
#13063=LINE('',#22254,#14689);
#13064=LINE('',#22256,#14690);
#13065=LINE('',#22258,#14691);
#13066=LINE('',#22260,#14692);
#13067=LINE('',#22262,#14693);
#13068=LINE('',#22264,#14694);
#13069=LINE('',#22266,#14695);
#13070=LINE('',#22268,#14696);
#13071=LINE('',#22271,#14697);
#13072=LINE('',#22273,#14698);
#13073=LINE('',#22275,#14699);
#13074=LINE('',#22277,#14700);
#13075=LINE('',#22279,#14701);
#13076=LINE('',#22281,#14702);
#13077=LINE('',#22283,#14703);
#13078=LINE('',#22285,#14704);
#13079=LINE('',#22288,#14705);
#13080=LINE('',#22290,#14706);
#13081=LINE('',#22292,#14707);
#13082=LINE('',#22294,#14708);
#13083=LINE('',#22296,#14709);
#13084=LINE('',#22298,#14710);
#13085=LINE('',#22300,#14711);
#13086=LINE('',#22302,#14712);
#13087=LINE('',#22305,#14713);
#13088=LINE('',#22307,#14714);
#13089=LINE('',#22309,#14715);
#13090=LINE('',#22311,#14716);
#13091=LINE('',#22313,#14717);
#13092=LINE('',#22315,#14718);
#13093=LINE('',#22317,#14719);
#13094=LINE('',#22319,#14720);
#13095=LINE('',#22322,#14721);
#13096=LINE('',#22324,#14722);
#13097=LINE('',#22326,#14723);
#13098=LINE('',#22328,#14724);
#13099=LINE('',#22330,#14725);
#13100=LINE('',#22332,#14726);
#13101=LINE('',#22334,#14727);
#13102=LINE('',#22336,#14728);
#13103=LINE('',#22339,#14729);
#13104=LINE('',#22341,#14730);
#13105=LINE('',#22343,#14731);
#13106=LINE('',#22345,#14732);
#13107=LINE('',#22347,#14733);
#13108=LINE('',#22349,#14734);
#13109=LINE('',#22351,#14735);
#13110=LINE('',#22353,#14736);
#13111=LINE('',#22356,#14737);
#13112=LINE('',#22358,#14738);
#13113=LINE('',#22360,#14739);
#13114=LINE('',#22362,#14740);
#13115=LINE('',#22364,#14741);
#13116=LINE('',#22366,#14742);
#13117=LINE('',#22368,#14743);
#13118=LINE('',#22370,#14744);
#13119=LINE('',#22373,#14745);
#13120=LINE('',#22375,#14746);
#13121=LINE('',#22377,#14747);
#13122=LINE('',#22379,#14748);
#13123=LINE('',#22381,#14749);
#13124=LINE('',#22383,#14750);
#13125=LINE('',#22385,#14751);
#13126=LINE('',#22387,#14752);
#13127=LINE('',#22390,#14753);
#13128=LINE('',#22392,#14754);
#13129=LINE('',#22394,#14755);
#13130=LINE('',#22396,#14756);
#13131=LINE('',#22398,#14757);
#13132=LINE('',#22400,#14758);
#13133=LINE('',#22402,#14759);
#13134=LINE('',#22404,#14760);
#13135=LINE('',#22407,#14761);
#13136=LINE('',#22409,#14762);
#13137=LINE('',#22411,#14763);
#13138=LINE('',#22413,#14764);
#13139=LINE('',#22415,#14765);
#13140=LINE('',#22417,#14766);
#13141=LINE('',#22419,#14767);
#13142=LINE('',#22421,#14768);
#13143=LINE('',#22424,#14769);
#13144=LINE('',#22426,#14770);
#13145=LINE('',#22428,#14771);
#13146=LINE('',#22430,#14772);
#13147=LINE('',#22432,#14773);
#13148=LINE('',#22434,#14774);
#13149=LINE('',#22436,#14775);
#13150=LINE('',#22438,#14776);
#13151=LINE('',#22441,#14777);
#13152=LINE('',#22443,#14778);
#13153=LINE('',#22445,#14779);
#13154=LINE('',#22447,#14780);
#13155=LINE('',#22449,#14781);
#13156=LINE('',#22451,#14782);
#13157=LINE('',#22453,#14783);
#13158=LINE('',#22455,#14784);
#13159=LINE('',#22458,#14785);
#13160=LINE('',#22460,#14786);
#13161=LINE('',#22462,#14787);
#13162=LINE('',#22464,#14788);
#13163=LINE('',#22466,#14789);
#13164=LINE('',#22468,#14790);
#13165=LINE('',#22470,#14791);
#13166=LINE('',#22472,#14792);
#13167=LINE('',#22475,#14793);
#13168=LINE('',#22477,#14794);
#13169=LINE('',#22479,#14795);
#13170=LINE('',#22481,#14796);
#13171=LINE('',#22483,#14797);
#13172=LINE('',#22485,#14798);
#13173=LINE('',#22487,#14799);
#13174=LINE('',#22489,#14800);
#13175=LINE('',#22492,#14801);
#13176=LINE('',#22494,#14802);
#13177=LINE('',#22496,#14803);
#13178=LINE('',#22498,#14804);
#13179=LINE('',#22500,#14805);
#13180=LINE('',#22502,#14806);
#13181=LINE('',#22504,#14807);
#13182=LINE('',#22506,#14808);
#13183=LINE('',#22509,#14809);
#13184=LINE('',#22511,#14810);
#13185=LINE('',#22513,#14811);
#13186=LINE('',#22515,#14812);
#13187=LINE('',#22517,#14813);
#13188=LINE('',#22519,#14814);
#13189=LINE('',#22521,#14815);
#13190=LINE('',#22523,#14816);
#13191=LINE('',#22526,#14817);
#13192=LINE('',#22528,#14818);
#13193=LINE('',#22530,#14819);
#13194=LINE('',#22532,#14820);
#13195=LINE('',#22534,#14821);
#13196=LINE('',#22536,#14822);
#13197=LINE('',#22538,#14823);
#13198=LINE('',#22540,#14824);
#13199=LINE('',#22543,#14825);
#13200=LINE('',#22545,#14826);
#13201=LINE('',#22547,#14827);
#13202=LINE('',#22549,#14828);
#13203=LINE('',#22551,#14829);
#13204=LINE('',#22553,#14830);
#13205=LINE('',#22555,#14831);
#13206=LINE('',#22557,#14832);
#13207=LINE('',#22560,#14833);
#13208=LINE('',#22562,#14834);
#13209=LINE('',#22564,#14835);
#13210=LINE('',#22566,#14836);
#13211=LINE('',#22568,#14837);
#13212=LINE('',#22570,#14838);
#13213=LINE('',#22572,#14839);
#13214=LINE('',#22574,#14840);
#13215=LINE('',#22577,#14841);
#13216=LINE('',#22578,#14842);
#13217=LINE('',#22579,#14843);
#13218=LINE('',#22581,#14844);
#13219=LINE('',#22583,#14845);
#13220=LINE('',#22584,#14846);
#13221=LINE('',#22586,#14847);
#13222=LINE('',#22588,#14848);
#13223=LINE('',#22590,#14849);
#13224=LINE('',#22591,#14850);
#13225=LINE('',#22593,#14851);
#13226=LINE('',#22595,#14852);
#13227=LINE('',#22597,#14853);
#13228=LINE('',#22599,#14854);
#13229=LINE('',#22601,#14855);
#13230=LINE('',#22603,#14856);
#13231=LINE('',#22605,#14857);
#13232=LINE('',#22607,#14858);
#13233=LINE('',#22609,#14859);
#13234=LINE('',#22611,#14860);
#13235=LINE('',#22614,#14861);
#13236=LINE('',#22616,#14862);
#13237=LINE('',#22618,#14863);
#13238=LINE('',#22620,#14864);
#13239=LINE('',#22622,#14865);
#13240=LINE('',#22624,#14866);
#13241=LINE('',#22626,#14867);
#13242=LINE('',#22628,#14868);
#13243=LINE('',#22631,#14869);
#13244=LINE('',#22633,#14870);
#13245=LINE('',#22635,#14871);
#13246=LINE('',#22637,#14872);
#13247=LINE('',#22639,#14873);
#13248=LINE('',#22641,#14874);
#13249=LINE('',#22643,#14875);
#13250=LINE('',#22645,#14876);
#13251=LINE('',#22648,#14877);
#13252=LINE('',#22650,#14878);
#13253=LINE('',#22652,#14879);
#13254=LINE('',#22654,#14880);
#13255=LINE('',#22656,#14881);
#13256=LINE('',#22658,#14882);
#13257=LINE('',#22660,#14883);
#13258=LINE('',#22662,#14884);
#13259=LINE('',#22665,#14885);
#13260=LINE('',#22666,#14886);
#13261=LINE('',#22818,#14887);
#13262=LINE('',#22821,#14888);
#13263=LINE('',#22823,#14889);
#13264=LINE('',#22825,#14890);
#13265=LINE('',#22827,#14891);
#13266=LINE('',#22829,#14892);
#13267=LINE('',#22831,#14893);
#13268=LINE('',#22833,#14894);
#13269=LINE('',#22835,#14895);
#13270=LINE('',#22837,#14896);
#13271=LINE('',#22839,#14897);
#13272=LINE('',#22841,#14898);
#13273=LINE('',#22843,#14899);
#13274=LINE('',#22845,#14900);
#13275=LINE('',#22847,#14901);
#13276=LINE('',#22849,#14902);
#13277=LINE('',#22851,#14903);
#13278=LINE('',#22853,#14904);
#13279=LINE('',#22855,#14905);
#13280=LINE('',#22857,#14906);
#13281=LINE('',#22859,#14907);
#13282=LINE('',#22861,#14908);
#13283=LINE('',#22863,#14909);
#13284=LINE('',#22865,#14910);
#13285=LINE('',#22867,#14911);
#13286=LINE('',#22869,#14912);
#13287=LINE('',#22871,#14913);
#13288=LINE('',#22873,#14914);
#13289=LINE('',#22875,#14915);
#13290=LINE('',#22877,#14916);
#13291=LINE('',#22879,#14917);
#13292=LINE('',#22881,#14918);
#13293=LINE('',#22883,#14919);
#13294=LINE('',#22885,#14920);
#13295=LINE('',#22887,#14921);
#13296=LINE('',#22889,#14922);
#13297=LINE('',#22891,#14923);
#13298=LINE('',#22893,#14924);
#13299=LINE('',#22895,#14925);
#13300=LINE('',#22897,#14926);
#13301=LINE('',#22899,#14927);
#13302=LINE('',#22901,#14928);
#13303=LINE('',#22903,#14929);
#13304=LINE('',#22905,#14930);
#13305=LINE('',#22907,#14931);
#13306=LINE('',#22909,#14932);
#13307=LINE('',#22911,#14933);
#13308=LINE('',#22913,#14934);
#13309=LINE('',#22915,#14935);
#13310=LINE('',#22917,#14936);
#13311=LINE('',#22919,#14937);
#13312=LINE('',#22921,#14938);
#13313=LINE('',#22923,#14939);
#13314=LINE('',#22925,#14940);
#13315=LINE('',#22927,#14941);
#13316=LINE('',#22929,#14942);
#13317=LINE('',#22931,#14943);
#13318=LINE('',#22933,#14944);
#13319=LINE('',#22936,#14945);
#13320=LINE('',#22938,#14946);
#13321=LINE('',#22940,#14947);
#13322=LINE('',#23197,#14948);
#13323=LINE('',#23200,#14949);
#13324=LINE('',#23202,#14950);
#13325=LINE('',#23204,#14951);
#13326=LINE('',#23205,#14952);
#13327=LINE('',#23208,#14953);
#13328=LINE('',#23210,#14954);
#13329=LINE('',#23212,#14955);
#13330=LINE('',#23213,#14956);
#13331=LINE('',#23215,#14957);
#13332=LINE('',#23217,#14958);
#13333=LINE('',#23219,#14959);
#13334=LINE('',#23222,#14960);
#13335=LINE('',#23224,#14961);
#13336=LINE('',#23226,#14962);
#13337=LINE('',#23227,#14963);
#13338=LINE('',#23229,#14964);
#13339=LINE('',#23231,#14965);
#13340=LINE('',#23232,#14966);
#13341=LINE('',#23234,#14967);
#13342=LINE('',#23236,#14968);
#13343=LINE('',#23238,#14969);
#13344=LINE('',#23240,#14970);
#13345=LINE('',#23242,#14971);
#13346=LINE('',#23244,#14972);
#13347=LINE('',#23246,#14973);
#13348=LINE('',#23248,#14974);
#13349=LINE('',#23250,#14975);
#13350=LINE('',#23251,#14976);
#13351=LINE('',#23253,#14977);
#13352=LINE('',#23255,#14978);
#13353=LINE('',#23257,#14979);
#13354=LINE('',#23259,#14980);
#13355=LINE('',#23261,#14981);
#13356=LINE('',#23263,#14982);
#13357=LINE('',#23265,#14983);
#13358=LINE('',#23266,#14984);
#13359=LINE('',#23267,#14985);
#13360=LINE('',#23269,#14986);
#13361=LINE('',#23271,#14987);
#13362=LINE('',#23273,#14988);
#13363=LINE('',#23275,#14989);
#13364=LINE('',#23277,#14990);
#13365=LINE('',#23280,#14991);
#13366=LINE('',#23281,#14992);
#13367=LINE('',#23283,#14993);
#13368=LINE('',#23285,#14994);
#13369=LINE('',#23287,#14995);
#13370=LINE('',#23353,#14996);
#13371=LINE('',#23355,#14997);
#13372=LINE('',#23357,#14998);
#13373=LINE('',#23359,#14999);
#13374=LINE('',#23425,#15000);
#13375=LINE('',#23427,#15001);
#13376=LINE('',#23493,#15002);
#13377=LINE('',#23495,#15003);
#13378=LINE('',#23561,#15004);
#13379=LINE('',#23563,#15005);
#13380=LINE('',#23565,#15006);
#13381=LINE('',#23567,#15007);
#13382=LINE('',#23569,#15008);
#13383=LINE('',#23570,#15009);
#13384=LINE('',#23572,#15010);
#13385=LINE('',#23573,#15011);
#13386=LINE('',#23576,#15012);
#13387=LINE('',#23578,#15013);
#13388=LINE('',#23579,#15014);
#13389=LINE('',#23581,#15015);
#13390=LINE('',#23583,#15016);
#13391=LINE('',#23714,#15017);
#13392=LINE('',#23715,#15018);
#13393=LINE('',#23716,#15019);
#13394=LINE('',#23718,#15020);
#13395=LINE('',#23719,#15021);
#13396=LINE('',#23720,#15022);
#13397=LINE('',#23721,#15023);
#13398=LINE('',#23722,#15024);
#13399=LINE('',#23723,#15025);
#13400=LINE('',#23725,#15026);
#13401=LINE('',#23727,#15027);
#13402=LINE('',#23731,#15028);
#13403=LINE('',#23732,#15029);
#13404=LINE('',#23734,#15030);
#13405=LINE('',#23736,#15031);
#13406=LINE('',#23738,#15032);
#13407=LINE('',#23742,#15033);
#13408=LINE('',#23745,#15034);
#13409=LINE('',#23747,#15035);
#13410=LINE('',#23750,#15036);
#13411=LINE('',#23758,#15037);
#13412=LINE('',#23761,#15038);
#13413=LINE('',#23763,#15039);
#13414=LINE('',#23765,#15040);
#13415=LINE('',#23767,#15041);
#13416=LINE('',#23770,#15042);
#13417=LINE('',#23772,#15043);
#13418=LINE('',#23774,#15044);
#13419=LINE('',#23776,#15045);
#13420=LINE('',#23779,#15046);
#13421=LINE('',#23781,#15047);
#13422=LINE('',#23783,#15048);
#13423=LINE('',#23785,#15049);
#13424=LINE('',#23787,#15050);
#13425=LINE('',#23789,#15051);
#13426=LINE('',#23791,#15052);
#13427=LINE('',#23793,#15053);
#13428=LINE('',#23796,#15054);
#13429=LINE('',#23798,#15055);
#13430=LINE('',#23800,#15056);
#13431=LINE('',#23802,#15057);
#13432=LINE('',#23804,#15058);
#13433=LINE('',#23806,#15059);
#13434=LINE('',#23808,#15060);
#13435=LINE('',#23810,#15061);
#13436=LINE('',#23812,#15062);
#13437=LINE('',#23814,#15063);
#13438=LINE('',#23816,#15064);
#13439=LINE('',#23818,#15065);
#13440=LINE('',#23820,#15066);
#13441=LINE('',#23822,#15067);
#13442=LINE('',#23824,#15068);
#13443=LINE('',#23826,#15069);
#13444=LINE('',#23828,#15070);
#13445=LINE('',#23829,#15071);
#13446=LINE('',#23831,#15072);
#13447=LINE('',#23833,#15073);
#13448=LINE('',#23835,#15074);
#13449=LINE('',#23837,#15075);
#13450=LINE('',#23838,#15076);
#13451=LINE('',#23840,#15077);
#13452=LINE('',#23841,#15078);
#13453=LINE('',#23842,#15079);
#13454=LINE('',#23844,#15080);
#13455=LINE('',#23846,#15081);
#13456=LINE('',#23848,#15082);
#13457=LINE('',#23849,#15083);
#13458=LINE('',#23850,#15084);
#13459=LINE('',#23851,#15085);
#13460=LINE('',#23853,#15086);
#13461=LINE('',#23855,#15087);
#13462=LINE('',#23857,#15088);
#13463=LINE('',#23859,#15089);
#13464=LINE('',#23861,#15090);
#13465=LINE('',#23864,#15091);
#13466=LINE('',#23865,#15092);
#13467=LINE('',#23867,#15093);
#13468=LINE('',#23868,#15094);
#13469=LINE('',#23870,#15095);
#13470=LINE('',#23872,#15096);
#13471=VECTOR('',#16148,1.);
#13472=VECTOR('',#16149,1.);
#13473=VECTOR('',#16150,1.);
#13474=VECTOR('',#16151,1.);
#13475=VECTOR('',#16154,1.);
#13476=VECTOR('',#16155,1.);
#13477=VECTOR('',#16156,1.);
#13478=VECTOR('',#16157,1.);
#13479=VECTOR('',#16160,1.);
#13480=VECTOR('',#16161,1.);
#13481=VECTOR('',#16162,1.);
#13482=VECTOR('',#16165,1.);
#13483=VECTOR('',#16166,1.);
#13484=VECTOR('',#16167,1.);
#13485=VECTOR('',#16170,1.);
#13486=VECTOR('',#16171,1.);
#13487=VECTOR('',#16172,1.);
#13488=VECTOR('',#16175,1.);
#13489=VECTOR('',#16176,1.);
#13490=VECTOR('',#16177,1.);
#13491=VECTOR('',#16178,1.);
#13492=VECTOR('',#16181,1.);
#13493=VECTOR('',#16182,1.);
#13494=VECTOR('',#16183,1.);
#13495=VECTOR('',#16184,1.);
#13496=VECTOR('',#16187,1.);
#13497=VECTOR('',#16188,1.);
#13498=VECTOR('',#16191,1.);
#13499=VECTOR('',#16192,1.);
#13500=VECTOR('',#16193,1.);
#13501=VECTOR('',#16194,1.);
#13502=VECTOR('',#16197,1.);
#13503=VECTOR('',#16198,1.);
#13504=VECTOR('',#16199,1.);
#13505=VECTOR('',#16200,1.);
#13506=VECTOR('',#16203,1.);
#13507=VECTOR('',#16204,1.);
#13508=VECTOR('',#16207,1.);
#13509=VECTOR('',#16208,1.);
#13510=VECTOR('',#16209,1.);
#13511=VECTOR('',#16210,1.);
#13512=VECTOR('',#16213,1.);
#13513=VECTOR('',#16214,1.);
#13514=VECTOR('',#16215,1.);
#13515=VECTOR('',#16216,1.);
#13516=VECTOR('',#16219,1.);
#13517=VECTOR('',#16220,1.);
#13518=VECTOR('',#16223,1.);
#13519=VECTOR('',#16224,1.);
#13520=VECTOR('',#16225,1.);
#13521=VECTOR('',#16226,1.);
#13522=VECTOR('',#16229,1.);
#13523=VECTOR('',#16230,1.);
#13524=VECTOR('',#16231,1.);
#13525=VECTOR('',#16232,1.);
#13526=VECTOR('',#16235,1.);
#13527=VECTOR('',#16236,1.);
#13528=VECTOR('',#16239,1.);
#13529=VECTOR('',#16240,1.);
#13530=VECTOR('',#16241,1.);
#13531=VECTOR('',#16242,1.);
#13532=VECTOR('',#16245,1.);
#13533=VECTOR('',#16246,1.);
#13534=VECTOR('',#16247,1.);
#13535=VECTOR('',#16248,1.);
#13536=VECTOR('',#16251,1.);
#13537=VECTOR('',#16252,1.);
#13538=VECTOR('',#16255,1.);
#13539=VECTOR('',#16256,1.);
#13540=VECTOR('',#16257,1.);
#13541=VECTOR('',#16258,1.);
#13542=VECTOR('',#16261,1.);
#13543=VECTOR('',#16262,1.);
#13544=VECTOR('',#16263,1.);
#13545=VECTOR('',#16264,1.);
#13546=VECTOR('',#16267,1.);
#13547=VECTOR('',#16268,1.);
#13548=VECTOR('',#16271,1.);
#13549=VECTOR('',#16272,1.);
#13550=VECTOR('',#16273,1.);
#13551=VECTOR('',#16274,1.);
#13552=VECTOR('',#16277,1.);
#13553=VECTOR('',#16278,1.);
#13554=VECTOR('',#16279,1.);
#13555=VECTOR('',#16280,1.);
#13556=VECTOR('',#16283,1.);
#13557=VECTOR('',#16284,1.);
#13558=VECTOR('',#16287,1.);
#13559=VECTOR('',#16288,1.);
#13560=VECTOR('',#16289,1.);
#13561=VECTOR('',#16290,1.);
#13562=VECTOR('',#16293,1.);
#13563=VECTOR('',#16294,1.);
#13564=VECTOR('',#16295,1.);
#13565=VECTOR('',#16296,1.);
#13566=VECTOR('',#16299,1.);
#13567=VECTOR('',#16300,1.);
#13568=VECTOR('',#16303,1.);
#13569=VECTOR('',#16304,1.);
#13570=VECTOR('',#16305,1.);
#13571=VECTOR('',#16306,1.);
#13572=VECTOR('',#16309,1.);
#13573=VECTOR('',#16310,1.);
#13574=VECTOR('',#16311,1.);
#13575=VECTOR('',#16312,1.);
#13576=VECTOR('',#16315,1.);
#13577=VECTOR('',#16316,1.);
#13578=VECTOR('',#16319,1.);
#13579=VECTOR('',#16320,1.);
#13580=VECTOR('',#16321,1.);
#13581=VECTOR('',#16322,1.);
#13582=VECTOR('',#16325,1.);
#13583=VECTOR('',#16326,1.);
#13584=VECTOR('',#16327,1.);
#13585=VECTOR('',#16328,1.);
#13586=VECTOR('',#16331,1.);
#13587=VECTOR('',#16332,1.);
#13588=VECTOR('',#16335,1.);
#13589=VECTOR('',#16336,1.);
#13590=VECTOR('',#16337,1.);
#13591=VECTOR('',#16338,1.);
#13592=VECTOR('',#16341,1.);
#13593=VECTOR('',#16342,1.);
#13594=VECTOR('',#16343,1.);
#13595=VECTOR('',#16344,1.);
#13596=VECTOR('',#16347,1.);
#13597=VECTOR('',#16348,1.);
#13598=VECTOR('',#16351,1.);
#13599=VECTOR('',#16352,1.);
#13600=VECTOR('',#16353,1.);
#13601=VECTOR('',#16354,1.);
#13602=VECTOR('',#16357,1.);
#13603=VECTOR('',#16358,1.);
#13604=VECTOR('',#16359,1.);
#13605=VECTOR('',#16360,1.);
#13606=VECTOR('',#16363,1.);
#13607=VECTOR('',#16364,1.);
#13608=VECTOR('',#16367,1.);
#13609=VECTOR('',#16368,1.);
#13610=VECTOR('',#16369,1.);
#13611=VECTOR('',#16370,1.);
#13612=VECTOR('',#16373,1.);
#13613=VECTOR('',#16374,1.);
#13614=VECTOR('',#16375,1.);
#13615=VECTOR('',#16376,1.);
#13616=VECTOR('',#16379,1.);
#13617=VECTOR('',#16380,1.);
#13618=VECTOR('',#16383,1.);
#13619=VECTOR('',#16384,1.);
#13620=VECTOR('',#16385,1.);
#13621=VECTOR('',#16386,1.);
#13622=VECTOR('',#16389,1.);
#13623=VECTOR('',#16390,1.);
#13624=VECTOR('',#16391,1.);
#13625=VECTOR('',#16392,1.);
#13626=VECTOR('',#16395,1.);
#13627=VECTOR('',#16396,1.);
#13628=VECTOR('',#16399,1.);
#13629=VECTOR('',#16400,1.);
#13630=VECTOR('',#16401,1.);
#13631=VECTOR('',#16402,1.);
#13632=VECTOR('',#16405,1.);
#13633=VECTOR('',#16406,1.);
#13634=VECTOR('',#16407,1.);
#13635=VECTOR('',#16408,1.);
#13636=VECTOR('',#16411,1.);
#13637=VECTOR('',#16412,1.);
#13638=VECTOR('',#16415,1.);
#13639=VECTOR('',#16416,1.);
#13640=VECTOR('',#16417,1.);
#13641=VECTOR('',#16418,1.);
#13642=VECTOR('',#16421,1.);
#13643=VECTOR('',#16422,1.);
#13644=VECTOR('',#16423,1.);
#13645=VECTOR('',#16424,1.);
#13646=VECTOR('',#16427,1.);
#13647=VECTOR('',#16428,1.);
#13648=VECTOR('',#16431,1.);
#13649=VECTOR('',#16432,1.);
#13650=VECTOR('',#16433,1.);
#13651=VECTOR('',#16434,1.);
#13652=VECTOR('',#16437,1.);
#13653=VECTOR('',#16438,1.);
#13654=VECTOR('',#16439,1.);
#13655=VECTOR('',#16440,1.);
#13656=VECTOR('',#16443,1.);
#13657=VECTOR('',#16444,1.);
#13658=VECTOR('',#16447,1.);
#13659=VECTOR('',#16448,1.);
#13660=VECTOR('',#16449,1.);
#13661=VECTOR('',#16450,1.);
#13662=VECTOR('',#16453,1.);
#13663=VECTOR('',#16454,1.);
#13664=VECTOR('',#16455,1.);
#13665=VECTOR('',#16456,1.);
#13666=VECTOR('',#16459,1.);
#13667=VECTOR('',#16460,1.);
#13668=VECTOR('',#16463,1.);
#13669=VECTOR('',#16464,1.);
#13670=VECTOR('',#16465,1.);
#13671=VECTOR('',#16466,1.);
#13672=VECTOR('',#16469,1.);
#13673=VECTOR('',#16470,1.);
#13674=VECTOR('',#16471,1.);
#13675=VECTOR('',#16472,1.);
#13676=VECTOR('',#16475,1.);
#13677=VECTOR('',#16476,1.);
#13678=VECTOR('',#16479,1.);
#13679=VECTOR('',#16480,1.);
#13680=VECTOR('',#16481,1.);
#13681=VECTOR('',#16482,1.);
#13682=VECTOR('',#16485,1.);
#13683=VECTOR('',#16486,1.);
#13684=VECTOR('',#16487,1.);
#13685=VECTOR('',#16488,1.);
#13686=VECTOR('',#16491,1.);
#13687=VECTOR('',#16492,1.);
#13688=VECTOR('',#16495,1.);
#13689=VECTOR('',#16496,1.);
#13690=VECTOR('',#16497,1.);
#13691=VECTOR('',#16498,1.);
#13692=VECTOR('',#16501,1.);
#13693=VECTOR('',#16502,1.);
#13694=VECTOR('',#16503,1.);
#13695=VECTOR('',#16504,1.);
#13696=VECTOR('',#16507,1.);
#13697=VECTOR('',#16508,1.);
#13698=VECTOR('',#16511,1.);
#13699=VECTOR('',#16512,1.);
#13700=VECTOR('',#16513,1.);
#13701=VECTOR('',#16514,1.);
#13702=VECTOR('',#16517,1.);
#13703=VECTOR('',#16518,1.);
#13704=VECTOR('',#16519,1.);
#13705=VECTOR('',#16520,1.);
#13706=VECTOR('',#16523,1.);
#13707=VECTOR('',#16524,1.);
#13708=VECTOR('',#16527,1.);
#13709=VECTOR('',#16528,1.);
#13710=VECTOR('',#16529,1.);
#13711=VECTOR('',#16530,1.);
#13712=VECTOR('',#16533,1.);
#13713=VECTOR('',#16534,1.);
#13714=VECTOR('',#16535,1.);
#13715=VECTOR('',#16536,1.);
#13716=VECTOR('',#16539,1.);
#13717=VECTOR('',#16540,1.);
#13718=VECTOR('',#16543,1.);
#13719=VECTOR('',#16544,1.);
#13720=VECTOR('',#16545,1.);
#13721=VECTOR('',#16546,1.);
#13722=VECTOR('',#16549,1.);
#13723=VECTOR('',#16550,1.);
#13724=VECTOR('',#16551,1.);
#13725=VECTOR('',#16552,1.);
#13726=VECTOR('',#16555,1.);
#13727=VECTOR('',#16556,1.);
#13728=VECTOR('',#16559,1.);
#13729=VECTOR('',#16560,1.);
#13730=VECTOR('',#16561,1.);
#13731=VECTOR('',#16562,1.);
#13732=VECTOR('',#16565,1.);
#13733=VECTOR('',#16566,1.);
#13734=VECTOR('',#16567,1.);
#13735=VECTOR('',#16568,1.);
#13736=VECTOR('',#16571,1.);
#13737=VECTOR('',#16572,1.);
#13738=VECTOR('',#16575,1.);
#13739=VECTOR('',#16576,1.);
#13740=VECTOR('',#16577,1.);
#13741=VECTOR('',#16578,1.);
#13742=VECTOR('',#16581,1.);
#13743=VECTOR('',#16582,1.);
#13744=VECTOR('',#16583,1.);
#13745=VECTOR('',#16584,1.);
#13746=VECTOR('',#16587,1.);
#13747=VECTOR('',#16588,1.);
#13748=VECTOR('',#16591,1.);
#13749=VECTOR('',#16592,1.);
#13750=VECTOR('',#16593,1.);
#13751=VECTOR('',#16594,1.);
#13752=VECTOR('',#16597,1.);
#13753=VECTOR('',#16598,1.);
#13754=VECTOR('',#16599,1.);
#13755=VECTOR('',#16600,1.);
#13756=VECTOR('',#16603,1.);
#13757=VECTOR('',#16604,1.);
#13758=VECTOR('',#16607,1.);
#13759=VECTOR('',#16608,1.);
#13760=VECTOR('',#16609,1.);
#13761=VECTOR('',#16610,1.);
#13762=VECTOR('',#16613,1.);
#13763=VECTOR('',#16614,1.);
#13764=VECTOR('',#16615,1.);
#13765=VECTOR('',#16616,1.);
#13766=VECTOR('',#16619,1.);
#13767=VECTOR('',#16620,1.);
#13768=VECTOR('',#16623,1.);
#13769=VECTOR('',#16624,1.);
#13770=VECTOR('',#16625,1.);
#13771=VECTOR('',#16626,1.);
#13772=VECTOR('',#16629,1.);
#13773=VECTOR('',#16630,1.);
#13774=VECTOR('',#16631,1.);
#13775=VECTOR('',#16632,1.);
#13776=VECTOR('',#16635,1.);
#13777=VECTOR('',#16636,1.);
#13778=VECTOR('',#16639,1.);
#13779=VECTOR('',#16640,1.);
#13780=VECTOR('',#16641,1.);
#13781=VECTOR('',#16642,1.);
#13782=VECTOR('',#16645,1.);
#13783=VECTOR('',#16646,1.);
#13784=VECTOR('',#16647,1.);
#13785=VECTOR('',#16648,1.);
#13786=VECTOR('',#16651,1.);
#13787=VECTOR('',#16652,1.);
#13788=VECTOR('',#16655,1.);
#13789=VECTOR('',#16656,1.);
#13790=VECTOR('',#16657,1.);
#13791=VECTOR('',#16658,1.);
#13792=VECTOR('',#16661,1.);
#13793=VECTOR('',#16662,1.);
#13794=VECTOR('',#16663,1.);
#13795=VECTOR('',#16664,1.);
#13796=VECTOR('',#16667,1.);
#13797=VECTOR('',#16668,1.);
#13798=VECTOR('',#16671,1.);
#13799=VECTOR('',#16672,1.);
#13800=VECTOR('',#16673,1.);
#13801=VECTOR('',#16674,1.);
#13802=VECTOR('',#16677,1.);
#13803=VECTOR('',#16678,1.);
#13804=VECTOR('',#16679,1.);
#13805=VECTOR('',#16680,1.);
#13806=VECTOR('',#16683,1.);
#13807=VECTOR('',#16684,1.);
#13808=VECTOR('',#16687,1.);
#13809=VECTOR('',#16688,1.);
#13810=VECTOR('',#16689,1.);
#13811=VECTOR('',#16690,1.);
#13812=VECTOR('',#16693,1.);
#13813=VECTOR('',#16694,1.);
#13814=VECTOR('',#16695,1.);
#13815=VECTOR('',#16696,1.);
#13816=VECTOR('',#16699,1.);
#13817=VECTOR('',#16700,1.);
#13818=VECTOR('',#16701,1.);
#13819=VECTOR('',#16702,1.);
#13820=VECTOR('',#16705,1.);
#13821=VECTOR('',#16706,1.);
#13822=VECTOR('',#16707,1.);
#13823=VECTOR('',#16710,1.);
#13824=VECTOR('',#16711,1.);
#13825=VECTOR('',#16712,1.);
#13826=VECTOR('',#16715,1.);
#13827=VECTOR('',#16716,1.);
#13828=VECTOR('',#16719,1.);
#13829=VECTOR('',#16720,1.);
#13830=VECTOR('',#16721,1.);
#13831=VECTOR('',#16722,1.);
#13832=VECTOR('',#16725,1.);
#13833=VECTOR('',#16726,1.);
#13834=VECTOR('',#16727,1.);
#13835=VECTOR('',#16728,1.);
#13836=VECTOR('',#16731,1.);
#13837=VECTOR('',#16732,1.);
#13838=VECTOR('',#16735,1.);
#13839=VECTOR('',#16736,1.);
#13840=VECTOR('',#16737,1.);
#13841=VECTOR('',#16738,1.);
#13842=VECTOR('',#16741,1.);
#13843=VECTOR('',#16742,1.);
#13844=VECTOR('',#16743,1.);
#13845=VECTOR('',#16744,1.);
#13846=VECTOR('',#16747,1.);
#13847=VECTOR('',#16748,1.);
#13848=VECTOR('',#16751,1.);
#13849=VECTOR('',#16752,1.);
#13850=VECTOR('',#16753,1.);
#13851=VECTOR('',#16754,1.);
#13852=VECTOR('',#16757,1.);
#13853=VECTOR('',#16758,1.);
#13854=VECTOR('',#16759,1.);
#13855=VECTOR('',#16760,1.);
#13856=VECTOR('',#16763,1.);
#13857=VECTOR('',#16764,1.);
#13858=VECTOR('',#16767,1.);
#13859=VECTOR('',#16768,1.);
#13860=VECTOR('',#16769,1.);
#13861=VECTOR('',#16770,1.);
#13862=VECTOR('',#16773,1.);
#13863=VECTOR('',#16774,1.);
#13864=VECTOR('',#16775,1.);
#13865=VECTOR('',#16776,1.);
#13866=VECTOR('',#16779,1.);
#13867=VECTOR('',#16780,1.);
#13868=VECTOR('',#16783,1.);
#13869=VECTOR('',#16784,1.);
#13870=VECTOR('',#16785,1.);
#13871=VECTOR('',#16786,1.);
#13872=VECTOR('',#16789,1.);
#13873=VECTOR('',#16790,1.);
#13874=VECTOR('',#16791,1.);
#13875=VECTOR('',#16792,1.);
#13876=VECTOR('',#16795,1.);
#13877=VECTOR('',#16796,1.);
#13878=VECTOR('',#16799,1.);
#13879=VECTOR('',#16800,1.);
#13880=VECTOR('',#16801,1.);
#13881=VECTOR('',#16802,1.);
#13882=VECTOR('',#16805,1.);
#13883=VECTOR('',#16806,1.);
#13884=VECTOR('',#16807,1.);
#13885=VECTOR('',#16808,1.);
#13886=VECTOR('',#16811,1.);
#13887=VECTOR('',#16812,1.);
#13888=VECTOR('',#16815,1.);
#13889=VECTOR('',#16816,1.);
#13890=VECTOR('',#16817,1.);
#13891=VECTOR('',#16818,1.);
#13892=VECTOR('',#16821,1.);
#13893=VECTOR('',#16822,1.);
#13894=VECTOR('',#16823,1.);
#13895=VECTOR('',#16824,1.);
#13896=VECTOR('',#16827,1.);
#13897=VECTOR('',#16828,1.);
#13898=VECTOR('',#16831,1.);
#13899=VECTOR('',#16832,1.);
#13900=VECTOR('',#16833,1.);
#13901=VECTOR('',#16834,1.);
#13902=VECTOR('',#16837,1.);
#13903=VECTOR('',#16838,1.);
#13904=VECTOR('',#16839,1.);
#13905=VECTOR('',#16840,1.);
#13906=VECTOR('',#16843,1.);
#13907=VECTOR('',#16844,1.);
#13908=VECTOR('',#16847,1.);
#13909=VECTOR('',#16848,1.);
#13910=VECTOR('',#16849,1.);
#13911=VECTOR('',#16850,1.);
#13912=VECTOR('',#16853,1.);
#13913=VECTOR('',#16854,1.);
#13914=VECTOR('',#16855,1.);
#13915=VECTOR('',#16856,1.);
#13916=VECTOR('',#16859,1.);
#13917=VECTOR('',#16860,1.);
#13918=VECTOR('',#16863,1.);
#13919=VECTOR('',#16864,1.);
#13920=VECTOR('',#16865,1.);
#13921=VECTOR('',#16866,1.);
#13922=VECTOR('',#16869,1.);
#13923=VECTOR('',#16870,1.);
#13924=VECTOR('',#16871,1.);
#13925=VECTOR('',#16872,1.);
#13926=VECTOR('',#16875,1.);
#13927=VECTOR('',#16876,1.);
#13928=VECTOR('',#16879,1.);
#13929=VECTOR('',#16880,1.);
#13930=VECTOR('',#16881,1.);
#13931=VECTOR('',#16882,1.);
#13932=VECTOR('',#16885,1.);
#13933=VECTOR('',#16886,1.);
#13934=VECTOR('',#16887,1.);
#13935=VECTOR('',#16888,1.);
#13936=VECTOR('',#16891,1.);
#13937=VECTOR('',#16892,1.);
#13938=VECTOR('',#16895,1.);
#13939=VECTOR('',#16896,1.);
#13940=VECTOR('',#16897,1.);
#13941=VECTOR('',#16898,1.);
#13942=VECTOR('',#16901,1.);
#13943=VECTOR('',#16902,1.);
#13944=VECTOR('',#16903,1.);
#13945=VECTOR('',#16904,1.);
#13946=VECTOR('',#16907,1.);
#13947=VECTOR('',#16908,1.);
#13948=VECTOR('',#16911,1.);
#13949=VECTOR('',#16912,1.);
#13950=VECTOR('',#16913,1.);
#13951=VECTOR('',#16914,1.);
#13952=VECTOR('',#16917,1.);
#13953=VECTOR('',#16918,1.);
#13954=VECTOR('',#16919,1.);
#13955=VECTOR('',#16920,1.);
#13956=VECTOR('',#16923,1.);
#13957=VECTOR('',#16924,1.);
#13958=VECTOR('',#16927,1.);
#13959=VECTOR('',#16928,1.);
#13960=VECTOR('',#16929,1.);
#13961=VECTOR('',#16930,1.);
#13962=VECTOR('',#16933,1.);
#13963=VECTOR('',#16934,1.);
#13964=VECTOR('',#16935,1.);
#13965=VECTOR('',#16936,1.);
#13966=VECTOR('',#16939,1.);
#13967=VECTOR('',#16940,1.);
#13968=VECTOR('',#16943,1.);
#13969=VECTOR('',#16944,1.);
#13970=VECTOR('',#16945,1.);
#13971=VECTOR('',#16946,1.);
#13972=VECTOR('',#16949,1.);
#13973=VECTOR('',#16950,1.);
#13974=VECTOR('',#16951,1.);
#13975=VECTOR('',#16952,1.);
#13976=VECTOR('',#16955,1.);
#13977=VECTOR('',#16956,1.);
#13978=VECTOR('',#16959,1.);
#13979=VECTOR('',#16960,1.);
#13980=VECTOR('',#16961,1.);
#13981=VECTOR('',#16962,1.);
#13982=VECTOR('',#16965,1.);
#13983=VECTOR('',#16966,1.);
#13984=VECTOR('',#16967,1.);
#13985=VECTOR('',#16968,1.);
#13986=VECTOR('',#16971,1.);
#13987=VECTOR('',#16972,1.);
#13988=VECTOR('',#16975,1.);
#13989=VECTOR('',#16976,1.);
#13990=VECTOR('',#16977,1.);
#13991=VECTOR('',#16978,1.);
#13992=VECTOR('',#16981,1.);
#13993=VECTOR('',#16982,1.);
#13994=VECTOR('',#16983,1.);
#13995=VECTOR('',#16984,1.);
#13996=VECTOR('',#16987,1.);
#13997=VECTOR('',#16988,1.);
#13998=VECTOR('',#16991,1.);
#13999=VECTOR('',#16992,1.);
#14000=VECTOR('',#16993,1.);
#14001=VECTOR('',#16994,1.);
#14002=VECTOR('',#16997,1.);
#14003=VECTOR('',#16998,1.);
#14004=VECTOR('',#16999,1.);
#14005=VECTOR('',#17000,1.);
#14006=VECTOR('',#17003,1.);
#14007=VECTOR('',#17004,1.);
#14008=VECTOR('',#17007,1.);
#14009=VECTOR('',#17008,1.);
#14010=VECTOR('',#17009,1.);
#14011=VECTOR('',#17010,1.);
#14012=VECTOR('',#17013,1.);
#14013=VECTOR('',#17014,1.);
#14014=VECTOR('',#17015,1.);
#14015=VECTOR('',#17016,1.);
#14016=VECTOR('',#17019,1.);
#14017=VECTOR('',#17020,1.);
#14018=VECTOR('',#17023,1.);
#14019=VECTOR('',#17024,1.);
#14020=VECTOR('',#17025,1.);
#14021=VECTOR('',#17026,1.);
#14022=VECTOR('',#17029,1.);
#14023=VECTOR('',#17030,1.);
#14024=VECTOR('',#17031,1.);
#14025=VECTOR('',#17032,1.);
#14026=VECTOR('',#17035,1.);
#14027=VECTOR('',#17036,1.);
#14028=VECTOR('',#17039,1.);
#14029=VECTOR('',#17040,1.);
#14030=VECTOR('',#17041,1.);
#14031=VECTOR('',#17042,1.);
#14032=VECTOR('',#17045,1.);
#14033=VECTOR('',#17046,1.);
#14034=VECTOR('',#17047,1.);
#14035=VECTOR('',#17048,1.);
#14036=VECTOR('',#17051,1.);
#14037=VECTOR('',#17052,1.);
#14038=VECTOR('',#17055,1.);
#14039=VECTOR('',#17056,1.);
#14040=VECTOR('',#17057,1.);
#14041=VECTOR('',#17058,1.);
#14042=VECTOR('',#17061,1.);
#14043=VECTOR('',#17062,1.);
#14044=VECTOR('',#17063,1.);
#14045=VECTOR('',#17064,1.);
#14046=VECTOR('',#17067,1.);
#14047=VECTOR('',#17068,1.);
#14048=VECTOR('',#17071,1.);
#14049=VECTOR('',#17072,1.);
#14050=VECTOR('',#17073,1.);
#14051=VECTOR('',#17074,1.);
#14052=VECTOR('',#17077,1.);
#14053=VECTOR('',#17078,1.);
#14054=VECTOR('',#17079,1.);
#14055=VECTOR('',#17080,1.);
#14056=VECTOR('',#17083,1.);
#14057=VECTOR('',#17084,1.);
#14058=VECTOR('',#17087,1.);
#14059=VECTOR('',#17088,1.);
#14060=VECTOR('',#17089,1.);
#14061=VECTOR('',#17090,1.);
#14062=VECTOR('',#17093,1.);
#14063=VECTOR('',#17094,1.);
#14064=VECTOR('',#17095,1.);
#14065=VECTOR('',#17096,1.);
#14066=VECTOR('',#17099,1.);
#14067=VECTOR('',#17100,1.);
#14068=VECTOR('',#17103,1.);
#14069=VECTOR('',#17104,1.);
#14070=VECTOR('',#17105,1.);
#14071=VECTOR('',#17106,1.);
#14072=VECTOR('',#17109,1.);
#14073=VECTOR('',#17110,1.);
#14074=VECTOR('',#17111,1.);
#14075=VECTOR('',#17112,1.);
#14076=VECTOR('',#17115,1.);
#14077=VECTOR('',#17116,1.);
#14078=VECTOR('',#17119,1.);
#14079=VECTOR('',#17120,1.);
#14080=VECTOR('',#17121,1.);
#14081=VECTOR('',#17122,1.);
#14082=VECTOR('',#17125,1.);
#14083=VECTOR('',#17126,1.);
#14084=VECTOR('',#17127,1.);
#14085=VECTOR('',#17128,1.);
#14086=VECTOR('',#17131,1.);
#14087=VECTOR('',#17132,1.);
#14088=VECTOR('',#17135,1.);
#14089=VECTOR('',#17136,1.);
#14090=VECTOR('',#17137,1.);
#14091=VECTOR('',#17138,1.);
#14092=VECTOR('',#17141,1.);
#14093=VECTOR('',#17142,1.);
#14094=VECTOR('',#17143,1.);
#14095=VECTOR('',#17144,1.);
#14096=VECTOR('',#17147,1.);
#14097=VECTOR('',#17148,1.);
#14098=VECTOR('',#17151,1.);
#14099=VECTOR('',#17152,1.);
#14100=VECTOR('',#17153,1.);
#14101=VECTOR('',#17154,1.);
#14102=VECTOR('',#17157,1.);
#14103=VECTOR('',#17158,1.);
#14104=VECTOR('',#17159,1.);
#14105=VECTOR('',#17160,1.);
#14106=VECTOR('',#17163,1.);
#14107=VECTOR('',#17164,1.);
#14108=VECTOR('',#17167,1.);
#14109=VECTOR('',#17168,1.);
#14110=VECTOR('',#17169,1.);
#14111=VECTOR('',#17170,1.);
#14112=VECTOR('',#17173,1.);
#14113=VECTOR('',#17174,1.);
#14114=VECTOR('',#17175,1.);
#14115=VECTOR('',#17176,1.);
#14116=VECTOR('',#17179,1.);
#14117=VECTOR('',#17180,1.);
#14118=VECTOR('',#17183,1.);
#14119=VECTOR('',#17184,1.);
#14120=VECTOR('',#17185,1.);
#14121=VECTOR('',#17186,1.);
#14122=VECTOR('',#17189,1.);
#14123=VECTOR('',#17190,1.);
#14124=VECTOR('',#17191,1.);
#14125=VECTOR('',#17192,1.);
#14126=VECTOR('',#17195,1.);
#14127=VECTOR('',#17196,1.);
#14128=VECTOR('',#17199,1.);
#14129=VECTOR('',#17200,1.);
#14130=VECTOR('',#17201,1.);
#14131=VECTOR('',#17202,1.);
#14132=VECTOR('',#17205,1.);
#14133=VECTOR('',#17206,1.);
#14134=VECTOR('',#17207,1.);
#14135=VECTOR('',#17208,1.);
#14136=VECTOR('',#17211,1.);
#14137=VECTOR('',#17212,1.);
#14138=VECTOR('',#17215,1.);
#14139=VECTOR('',#17216,1.);
#14140=VECTOR('',#17217,1.);
#14141=VECTOR('',#17218,1.);
#14142=VECTOR('',#17221,1.);
#14143=VECTOR('',#17222,1.);
#14144=VECTOR('',#17223,1.);
#14145=VECTOR('',#17224,1.);
#14146=VECTOR('',#17227,1.);
#14147=VECTOR('',#17228,1.);
#14148=VECTOR('',#17231,1.);
#14149=VECTOR('',#17232,1.);
#14150=VECTOR('',#17233,1.);
#14151=VECTOR('',#17234,1.);
#14152=VECTOR('',#17237,1.);
#14153=VECTOR('',#17238,1.);
#14154=VECTOR('',#17239,1.);
#14155=VECTOR('',#17240,1.);
#14156=VECTOR('',#17243,1.);
#14157=VECTOR('',#17244,1.);
#14158=VECTOR('',#17247,1.);
#14159=VECTOR('',#17248,1.);
#14160=VECTOR('',#17249,1.);
#14161=VECTOR('',#17250,1.);
#14162=VECTOR('',#17253,1.);
#14163=VECTOR('',#17254,1.);
#14164=VECTOR('',#17255,1.);
#14165=VECTOR('',#17256,1.);
#14166=VECTOR('',#17259,1.);
#14167=VECTOR('',#17260,1.);
#14168=VECTOR('',#17261,1.);
#14169=VECTOR('',#17262,1.);
#14170=VECTOR('',#17265,1.);
#14171=VECTOR('',#17266,1.);
#14172=VECTOR('',#17269,1.);
#14173=VECTOR('',#17270,1.);
#14174=VECTOR('',#17271,1.);
#14175=VECTOR('',#17272,1.);
#14176=VECTOR('',#17275,1.);
#14177=VECTOR('',#17276,1.);
#14178=VECTOR('',#17277,1.);
#14179=VECTOR('',#17278,1.);
#14180=VECTOR('',#17279,1.);
#14181=VECTOR('',#17280,1.);
#14182=VECTOR('',#17281,1.);
#14183=VECTOR('',#17282,1.);
#14184=VECTOR('',#17283,1.);
#14185=VECTOR('',#17284,1.);
#14186=VECTOR('',#17285,1.);
#14187=VECTOR('',#17286,1.);
#14188=VECTOR('',#17287,1.);
#14189=VECTOR('',#17288,1.);
#14190=VECTOR('',#17289,1.);
#14191=VECTOR('',#17290,1.);
#14192=VECTOR('',#17291,1.);
#14193=VECTOR('',#17292,1.);
#14194=VECTOR('',#17293,1.);
#14195=VECTOR('',#17294,1.);
#14196=VECTOR('',#17295,1.);
#14197=VECTOR('',#17296,1.);
#14198=VECTOR('',#17297,1.);
#14199=VECTOR('',#17298,1.);
#14200=VECTOR('',#17299,1.);
#14201=VECTOR('',#17300,1.);
#14202=VECTOR('',#17301,1.);
#14203=VECTOR('',#17302,1.);
#14204=VECTOR('',#17303,1.);
#14205=VECTOR('',#17304,1.);
#14206=VECTOR('',#17305,1.);
#14207=VECTOR('',#17306,1.);
#14208=VECTOR('',#17307,1.);
#14209=VECTOR('',#17308,1.);
#14210=VECTOR('',#17309,1.);
#14211=VECTOR('',#17310,1.);
#14212=VECTOR('',#17311,1.);
#14213=VECTOR('',#17312,1.);
#14214=VECTOR('',#17313,1.);
#14215=VECTOR('',#17314,1.);
#14216=VECTOR('',#17315,1.);
#14217=VECTOR('',#17316,1.);
#14218=VECTOR('',#17317,1.);
#14219=VECTOR('',#17318,1.);
#14220=VECTOR('',#17319,1.);
#14221=VECTOR('',#17320,1.);
#14222=VECTOR('',#17321,1.);
#14223=VECTOR('',#17322,1.);
#14224=VECTOR('',#17323,1.);
#14225=VECTOR('',#17324,1.);
#14226=VECTOR('',#17325,1.);
#14227=VECTOR('',#17326,1.);
#14228=VECTOR('',#17327,1.);
#14229=VECTOR('',#17328,1.);
#14230=VECTOR('',#17329,1.);
#14231=VECTOR('',#17330,1.);
#14232=VECTOR('',#17331,1.);
#14233=VECTOR('',#17332,1.);
#14234=VECTOR('',#17333,1.);
#14235=VECTOR('',#17334,1.);
#14236=VECTOR('',#17335,1.);
#14237=VECTOR('',#17336,1.);
#14238=VECTOR('',#17337,1.);
#14239=VECTOR('',#17338,1.);
#14240=VECTOR('',#17339,1.);
#14241=VECTOR('',#17340,1.);
#14242=VECTOR('',#17341,1.);
#14243=VECTOR('',#17342,1.);
#14244=VECTOR('',#17343,1.);
#14245=VECTOR('',#17344,1.);
#14246=VECTOR('',#17345,1.);
#14247=VECTOR('',#17346,1.);
#14248=VECTOR('',#17347,1.);
#14249=VECTOR('',#17348,1.);
#14250=VECTOR('',#17349,1.);
#14251=VECTOR('',#17350,1.);
#14252=VECTOR('',#17351,1.);
#14253=VECTOR('',#17352,1.);
#14254=VECTOR('',#17353,1.);
#14255=VECTOR('',#17354,1.);
#14256=VECTOR('',#17355,1.);
#14257=VECTOR('',#17356,1.);
#14258=VECTOR('',#17357,1.);
#14259=VECTOR('',#17358,1.);
#14260=VECTOR('',#17359,1.);
#14261=VECTOR('',#17360,1.);
#14262=VECTOR('',#17361,1.);
#14263=VECTOR('',#17362,1.);
#14264=VECTOR('',#17363,1.);
#14265=VECTOR('',#17364,1.);
#14266=VECTOR('',#17365,1.);
#14267=VECTOR('',#17366,1.);
#14268=VECTOR('',#17367,1.);
#14269=VECTOR('',#17368,1.);
#14270=VECTOR('',#17369,1.);
#14271=VECTOR('',#17370,1.);
#14272=VECTOR('',#17371,1.);
#14273=VECTOR('',#17372,1.);
#14274=VECTOR('',#17373,1.);
#14275=VECTOR('',#17374,1.);
#14276=VECTOR('',#17375,1.);
#14277=VECTOR('',#17376,1.);
#14278=VECTOR('',#17377,1.);
#14279=VECTOR('',#17378,1.);
#14280=VECTOR('',#17379,1.);
#14281=VECTOR('',#17380,1.);
#14282=VECTOR('',#17381,1.);
#14283=VECTOR('',#17382,1.);
#14284=VECTOR('',#17383,1.);
#14285=VECTOR('',#17384,1.);
#14286=VECTOR('',#17385,1.);
#14287=VECTOR('',#17386,1.);
#14288=VECTOR('',#17387,1.);
#14289=VECTOR('',#17388,1.);
#14290=VECTOR('',#17389,1.);
#14291=VECTOR('',#17390,1.);
#14292=VECTOR('',#17391,1.);
#14293=VECTOR('',#17392,1.);
#14294=VECTOR('',#17393,1.);
#14295=VECTOR('',#17394,1.);
#14296=VECTOR('',#17395,1.);
#14297=VECTOR('',#17396,1.);
#14298=VECTOR('',#17397,1.);
#14299=VECTOR('',#17398,1.);
#14300=VECTOR('',#17399,1.);
#14301=VECTOR('',#17400,1.);
#14302=VECTOR('',#17401,1.);
#14303=VECTOR('',#17402,1.);
#14304=VECTOR('',#17403,1.);
#14305=VECTOR('',#17404,1.);
#14306=VECTOR('',#17405,1.);
#14307=VECTOR('',#17406,1.);
#14308=VECTOR('',#17407,1.);
#14309=VECTOR('',#17408,1.);
#14310=VECTOR('',#17409,1.);
#14311=VECTOR('',#17410,1.);
#14312=VECTOR('',#17411,1.);
#14313=VECTOR('',#17412,1.);
#14314=VECTOR('',#17413,1.);
#14315=VECTOR('',#17414,1.);
#14316=VECTOR('',#17415,1.);
#14317=VECTOR('',#17416,1.);
#14318=VECTOR('',#17417,1.);
#14319=VECTOR('',#17418,1.);
#14320=VECTOR('',#17419,1.);
#14321=VECTOR('',#17420,1.);
#14322=VECTOR('',#17421,1.);
#14323=VECTOR('',#17422,1.);
#14324=VECTOR('',#17423,1.);
#14325=VECTOR('',#17424,1.);
#14326=VECTOR('',#17425,1.);
#14327=VECTOR('',#17426,1.);
#14328=VECTOR('',#17427,1.);
#14329=VECTOR('',#17428,1.);
#14330=VECTOR('',#17429,1.);
#14331=VECTOR('',#17430,1.);
#14332=VECTOR('',#17431,1.);
#14333=VECTOR('',#17432,1.);
#14334=VECTOR('',#17433,1.);
#14335=VECTOR('',#17436,1.);
#14336=VECTOR('',#17437,1.);
#14337=VECTOR('',#17438,1.);
#14338=VECTOR('',#17439,1.);
#14339=VECTOR('',#17442,1.);
#14340=VECTOR('',#17443,1.);
#14341=VECTOR('',#17444,1.);
#14342=VECTOR('',#17447,1.);
#14343=VECTOR('',#17448,1.);
#14344=VECTOR('',#17449,1.);
#14345=VECTOR('',#17450,1.);
#14346=VECTOR('',#17451,1.);
#14347=VECTOR('',#17454,1.);
#14348=VECTOR('',#17455,1.);
#14349=VECTOR('',#17456,1.);
#14350=VECTOR('',#17459,1.);
#14351=VECTOR('',#17460,1.);
#14352=VECTOR('',#17461,1.);
#14353=VECTOR('',#17462,1.);
#14354=VECTOR('',#17463,1.);
#14355=VECTOR('',#17464,1.);
#14356=VECTOR('',#17465,1.);
#14357=VECTOR('',#17466,1.);
#14358=VECTOR('',#17467,1.);
#14359=VECTOR('',#17468,1.);
#14360=VECTOR('',#17469,1.);
#14361=VECTOR('',#17470,1.);
#14362=VECTOR('',#17471,1.);
#14363=VECTOR('',#17472,1.);
#14364=VECTOR('',#17473,1.);
#14365=VECTOR('',#17474,1.);
#14366=VECTOR('',#17475,1.);
#14367=VECTOR('',#17476,1.);
#14368=VECTOR('',#17477,1.);
#14369=VECTOR('',#17478,1.);
#14370=VECTOR('',#17479,1.);
#14371=VECTOR('',#17480,1.);
#14372=VECTOR('',#17481,1.);
#14373=VECTOR('',#17482,1.);
#14374=VECTOR('',#17483,1.);
#14375=VECTOR('',#17484,1.);
#14376=VECTOR('',#17485,1.);
#14377=VECTOR('',#17486,1.);
#14378=VECTOR('',#17487,1.);
#14379=VECTOR('',#17488,1.);
#14380=VECTOR('',#17489,1.);
#14381=VECTOR('',#17490,1.);
#14382=VECTOR('',#17491,1.);
#14383=VECTOR('',#17492,1.);
#14384=VECTOR('',#17493,1.);
#14385=VECTOR('',#17494,1.);
#14386=VECTOR('',#17495,1.);
#14387=VECTOR('',#17496,1.);
#14388=VECTOR('',#17497,1.);
#14389=VECTOR('',#17498,1.);
#14390=VECTOR('',#17499,1.);
#14391=VECTOR('',#17500,1.);
#14392=VECTOR('',#17501,1.);
#14393=VECTOR('',#17502,1.);
#14394=VECTOR('',#17503,1.);
#14395=VECTOR('',#17504,1.);
#14396=VECTOR('',#17505,1.);
#14397=VECTOR('',#17506,1.);
#14398=VECTOR('',#17507,1.);
#14399=VECTOR('',#17508,1.);
#14400=VECTOR('',#17509,1.);
#14401=VECTOR('',#17510,1.);
#14402=VECTOR('',#17511,1.);
#14403=VECTOR('',#17512,1.);
#14404=VECTOR('',#17513,1.);
#14405=VECTOR('',#17514,1.);
#14406=VECTOR('',#17515,1.);
#14407=VECTOR('',#17516,1.);
#14408=VECTOR('',#17517,1.);
#14409=VECTOR('',#17518,1.);
#14410=VECTOR('',#17519,1.);
#14411=VECTOR('',#17520,1.);
#14412=VECTOR('',#17521,1.);
#14413=VECTOR('',#17522,1.);
#14414=VECTOR('',#17523,1.);
#14415=VECTOR('',#17524,1.);
#14416=VECTOR('',#17525,1.);
#14417=VECTOR('',#17526,1.);
#14418=VECTOR('',#17529,1.);
#14419=VECTOR('',#17530,1.);
#14420=VECTOR('',#17531,1.);
#14421=VECTOR('',#17532,1.);
#14422=VECTOR('',#17533,1.);
#14423=VECTOR('',#17534,1.);
#14424=VECTOR('',#17535,1.);
#14425=VECTOR('',#17536,1.);
#14426=VECTOR('',#17537,1.);
#14427=VECTOR('',#17538,1.);
#14428=VECTOR('',#17539,1.);
#14429=VECTOR('',#17540,1.);
#14430=VECTOR('',#17541,1.);
#14431=VECTOR('',#17542,1.);
#14432=VECTOR('',#17543,1.);
#14433=VECTOR('',#17544,1.);
#14434=VECTOR('',#17545,1.);
#14435=VECTOR('',#17546,1.);
#14436=VECTOR('',#17547,1.);
#14437=VECTOR('',#17548,1.);
#14438=VECTOR('',#17549,1.);
#14439=VECTOR('',#17550,1.);
#14440=VECTOR('',#17551,1.);
#14441=VECTOR('',#17552,1.);
#14442=VECTOR('',#17553,1.);
#14443=VECTOR('',#17554,1.);
#14444=VECTOR('',#17555,1.);
#14445=VECTOR('',#17556,1.);
#14446=VECTOR('',#17557,1.);
#14447=VECTOR('',#17558,1.);
#14448=VECTOR('',#17559,1.);
#14449=VECTOR('',#17560,1.);
#14450=VECTOR('',#17561,1.);
#14451=VECTOR('',#17562,1.);
#14452=VECTOR('',#17563,1.);
#14453=VECTOR('',#17564,1.);
#14454=VECTOR('',#17565,1.);
#14455=VECTOR('',#17566,1.);
#14456=VECTOR('',#17567,1.);
#14457=VECTOR('',#17568,1.);
#14458=VECTOR('',#17569,1.);
#14459=VECTOR('',#17570,1.);
#14460=VECTOR('',#17571,1.);
#14461=VECTOR('',#17572,1.);
#14462=VECTOR('',#17573,1.);
#14463=VECTOR('',#17574,1.);
#14464=VECTOR('',#17575,1.);
#14465=VECTOR('',#17576,1.);
#14466=VECTOR('',#17577,1.);
#14467=VECTOR('',#17578,1.);
#14468=VECTOR('',#17579,1.);
#14469=VECTOR('',#17580,1.);
#14470=VECTOR('',#17581,1.);
#14471=VECTOR('',#17582,1.);
#14472=VECTOR('',#17583,1.);
#14473=VECTOR('',#17584,1.);
#14474=VECTOR('',#17585,1.);
#14475=VECTOR('',#17586,1.);
#14476=VECTOR('',#17587,1.);
#14477=VECTOR('',#17588,1.);
#14478=VECTOR('',#17589,1.);
#14479=VECTOR('',#17590,1.);
#14480=VECTOR('',#17591,1.);
#14481=VECTOR('',#17592,1.);
#14482=VECTOR('',#17593,1.);
#14483=VECTOR('',#17594,1.);
#14484=VECTOR('',#17595,1.);
#14485=VECTOR('',#17598,1.);
#14486=VECTOR('',#17599,1.);
#14487=VECTOR('',#17600,1.);
#14488=VECTOR('',#17601,1.);
#14489=VECTOR('',#17602,1.);
#14490=VECTOR('',#17605,1.);
#14491=VECTOR('',#17606,1.);
#14492=VECTOR('',#17607,1.);
#14493=VECTOR('',#17608,1.);
#14494=VECTOR('',#17609,1.);
#14495=VECTOR('',#17612,1.);
#14496=VECTOR('',#17613,1.);
#14497=VECTOR('',#17616,1.);
#14498=VECTOR('',#17617,1.);
#14499=VECTOR('',#17620,1.);
#14500=VECTOR('',#17621,1.);
#14501=VECTOR('',#17622,1.);
#14502=VECTOR('',#17623,1.);
#14503=VECTOR('',#17624,1.);
#14504=VECTOR('',#17625,1.);
#14505=VECTOR('',#17626,1.);
#14506=VECTOR('',#17627,1.);
#14507=VECTOR('',#17628,1.);
#14508=VECTOR('',#17629,1.);
#14509=VECTOR('',#17630,1.);
#14510=VECTOR('',#17631,1.);
#14511=VECTOR('',#17632,1.);
#14512=VECTOR('',#17633,1.);
#14513=VECTOR('',#17634,1.);
#14514=VECTOR('',#17635,1.);
#14515=VECTOR('',#17636,1.);
#14516=VECTOR('',#17637,1.);
#14517=VECTOR('',#17638,1.);
#14518=VECTOR('',#17639,1.);
#14519=VECTOR('',#17640,1.);
#14520=VECTOR('',#17641,1.);
#14521=VECTOR('',#17642,1.);
#14522=VECTOR('',#17643,1.);
#14523=VECTOR('',#17644,1.);
#14524=VECTOR('',#17645,1.);
#14525=VECTOR('',#17646,1.);
#14526=VECTOR('',#17647,1.);
#14527=VECTOR('',#17648,1.);
#14528=VECTOR('',#17649,1.);
#14529=VECTOR('',#17650,1.);
#14530=VECTOR('',#17651,1.);
#14531=VECTOR('',#17652,1.);
#14532=VECTOR('',#17653,1.);
#14533=VECTOR('',#17654,1.);
#14534=VECTOR('',#17655,1.);
#14535=VECTOR('',#17656,1.);
#14536=VECTOR('',#17657,1.);
#14537=VECTOR('',#17658,1.);
#14538=VECTOR('',#17659,1.);
#14539=VECTOR('',#17660,1.);
#14540=VECTOR('',#17661,1.);
#14541=VECTOR('',#17662,1.);
#14542=VECTOR('',#17663,1.);
#14543=VECTOR('',#17666,1.);
#14544=VECTOR('',#17667,1.);
#14545=VECTOR('',#17668,1.);
#14546=VECTOR('',#17671,1.);
#14547=VECTOR('',#17672,1.);
#14548=VECTOR('',#17675,1.);
#14549=VECTOR('',#17676,1.);
#14550=VECTOR('',#17679,1.);
#14551=VECTOR('',#17682,1.);
#14552=VECTOR('',#17683,1.);
#14553=VECTOR('',#17684,1.);
#14554=VECTOR('',#17687,1.);
#14555=VECTOR('',#17688,1.);
#14556=VECTOR('',#17691,1.);
#14557=VECTOR('',#17692,1.);
#14558=VECTOR('',#17695,1.);
#14559=VECTOR('',#17700,1.);
#14560=VECTOR('',#17701,1.);
#14561=VECTOR('',#17702,1.);
#14562=VECTOR('',#17705,1.);
#14563=VECTOR('',#17706,1.);
#14564=VECTOR('',#17709,1.);
#14565=VECTOR('',#17710,1.);
#14566=VECTOR('',#17713,1.);
#14567=VECTOR('',#17718,1.);
#14568=VECTOR('',#17719,1.);
#14569=VECTOR('',#17720,1.);
#14570=VECTOR('',#17723,1.);
#14571=VECTOR('',#17724,1.);
#14572=VECTOR('',#17727,1.);
#14573=VECTOR('',#17728,1.);
#14574=VECTOR('',#17731,1.);
#14575=VECTOR('',#17736,1.);
#14576=VECTOR('',#17737,1.);
#14577=VECTOR('',#17738,1.);
#14578=VECTOR('',#17741,1.);
#14579=VECTOR('',#17742,1.);
#14580=VECTOR('',#17745,1.);
#14581=VECTOR('',#17746,1.);
#14582=VECTOR('',#17749,1.);
#14583=VECTOR('',#17754,1.);
#14584=VECTOR('',#17755,1.);
#14585=VECTOR('',#17756,1.);
#14586=VECTOR('',#17759,1.);
#14587=VECTOR('',#17760,1.);
#14588=VECTOR('',#17763,1.);
#14589=VECTOR('',#17764,1.);
#14590=VECTOR('',#17767,1.);
#14591=VECTOR('',#17772,1.);
#14592=VECTOR('',#17773,1.);
#14593=VECTOR('',#17774,1.);
#14594=VECTOR('',#17777,1.);
#14595=VECTOR('',#17778,1.);
#14596=VECTOR('',#17781,1.);
#14597=VECTOR('',#17782,1.);
#14598=VECTOR('',#17785,1.);
#14599=VECTOR('',#17790,1.);
#14600=VECTOR('',#17791,1.);
#14601=VECTOR('',#17792,1.);
#14602=VECTOR('',#17795,1.);
#14603=VECTOR('',#17796,1.);
#14604=VECTOR('',#17799,1.);
#14605=VECTOR('',#17800,1.);
#14606=VECTOR('',#17803,1.);
#14607=VECTOR('',#17808,1.);
#14608=VECTOR('',#17809,1.);
#14609=VECTOR('',#17810,1.);
#14610=VECTOR('',#17813,1.);
#14611=VECTOR('',#17814,1.);
#14612=VECTOR('',#17817,1.);
#14613=VECTOR('',#17818,1.);
#14614=VECTOR('',#17821,1.);
#14615=VECTOR('',#17826,1.);
#14616=VECTOR('',#17827,1.);
#14617=VECTOR('',#17828,1.);
#14618=VECTOR('',#17831,1.);
#14619=VECTOR('',#17832,1.);
#14620=VECTOR('',#17835,1.);
#14621=VECTOR('',#17836,1.);
#14622=VECTOR('',#17839,1.);
#14623=VECTOR('',#17844,1.);
#14624=VECTOR('',#17845,1.);
#14625=VECTOR('',#17846,1.);
#14626=VECTOR('',#17849,1.);
#14627=VECTOR('',#17850,1.);
#14628=VECTOR('',#17853,1.);
#14629=VECTOR('',#17854,1.);
#14630=VECTOR('',#17857,1.);
#14631=VECTOR('',#17862,1.);
#14632=VECTOR('',#17865,1.);
#14633=VECTOR('',#17870,1.);
#14634=VECTOR('',#17871,1.);
#14635=VECTOR('',#17872,1.);
#14636=VECTOR('',#17875,1.);
#14637=VECTOR('',#17876,1.);
#14638=VECTOR('',#17879,1.);
#14639=VECTOR('',#17880,1.);
#14640=VECTOR('',#17883,1.);
#14641=VECTOR('',#17888,1.);
#14642=VECTOR('',#17889,1.);
#14643=VECTOR('',#17890,1.);
#14644=VECTOR('',#17893,1.);
#14645=VECTOR('',#17894,1.);
#14646=VECTOR('',#17897,1.);
#14647=VECTOR('',#17898,1.);
#14648=VECTOR('',#17901,1.);
#14649=VECTOR('',#17906,1.);
#14650=VECTOR('',#17907,1.);
#14651=VECTOR('',#17908,1.);
#14652=VECTOR('',#17911,1.);
#14653=VECTOR('',#17912,1.);
#14654=VECTOR('',#17915,1.);
#14655=VECTOR('',#17916,1.);
#14656=VECTOR('',#17919,1.);
#14657=VECTOR('',#17924,1.);
#14658=VECTOR('',#17925,1.);
#14659=VECTOR('',#17926,1.);
#14660=VECTOR('',#17929,1.);
#14661=VECTOR('',#17930,1.);
#14662=VECTOR('',#17933,1.);
#14663=VECTOR('',#17934,1.);
#14664=VECTOR('',#17937,1.);
#14665=VECTOR('',#17942,1.);
#14666=VECTOR('',#17943,1.);
#14667=VECTOR('',#17944,1.);
#14668=VECTOR('',#17947,1.);
#14669=VECTOR('',#17948,1.);
#14670=VECTOR('',#17951,1.);
#14671=VECTOR('',#17952,1.);
#14672=VECTOR('',#17955,1.);
#14673=VECTOR('',#17960,1.);
#14674=VECTOR('',#17961,1.);
#14675=VECTOR('',#17962,1.);
#14676=VECTOR('',#17965,1.);
#14677=VECTOR('',#17966,1.);
#14678=VECTOR('',#17969,1.);
#14679=VECTOR('',#17970,1.);
#14680=VECTOR('',#17973,1.);
#14681=VECTOR('',#17978,1.);
#14682=VECTOR('',#17979,1.);
#14683=VECTOR('',#17980,1.);
#14684=VECTOR('',#17983,1.);
#14685=VECTOR('',#17984,1.);
#14686=VECTOR('',#17987,1.);
#14687=VECTOR('',#17988,1.);
#14688=VECTOR('',#17991,1.);
#14689=VECTOR('',#17996,1.);
#14690=VECTOR('',#17997,1.);
#14691=VECTOR('',#17998,1.);
#14692=VECTOR('',#18001,1.);
#14693=VECTOR('',#18002,1.);
#14694=VECTOR('',#18005,1.);
#14695=VECTOR('',#18006,1.);
#14696=VECTOR('',#18009,1.);
#14697=VECTOR('',#18014,1.);
#14698=VECTOR('',#18015,1.);
#14699=VECTOR('',#18016,1.);
#14700=VECTOR('',#18019,1.);
#14701=VECTOR('',#18020,1.);
#14702=VECTOR('',#18023,1.);
#14703=VECTOR('',#18024,1.);
#14704=VECTOR('',#18027,1.);
#14705=VECTOR('',#18032,1.);
#14706=VECTOR('',#18033,1.);
#14707=VECTOR('',#18034,1.);
#14708=VECTOR('',#18037,1.);
#14709=VECTOR('',#18038,1.);
#14710=VECTOR('',#18041,1.);
#14711=VECTOR('',#18042,1.);
#14712=VECTOR('',#18045,1.);
#14713=VECTOR('',#18050,1.);
#14714=VECTOR('',#18051,1.);
#14715=VECTOR('',#18052,1.);
#14716=VECTOR('',#18055,1.);
#14717=VECTOR('',#18056,1.);
#14718=VECTOR('',#18059,1.);
#14719=VECTOR('',#18060,1.);
#14720=VECTOR('',#18063,1.);
#14721=VECTOR('',#18068,1.);
#14722=VECTOR('',#18069,1.);
#14723=VECTOR('',#18070,1.);
#14724=VECTOR('',#18073,1.);
#14725=VECTOR('',#18074,1.);
#14726=VECTOR('',#18077,1.);
#14727=VECTOR('',#18078,1.);
#14728=VECTOR('',#18081,1.);
#14729=VECTOR('',#18086,1.);
#14730=VECTOR('',#18087,1.);
#14731=VECTOR('',#18088,1.);
#14732=VECTOR('',#18091,1.);
#14733=VECTOR('',#18092,1.);
#14734=VECTOR('',#18095,1.);
#14735=VECTOR('',#18096,1.);
#14736=VECTOR('',#18099,1.);
#14737=VECTOR('',#18104,1.);
#14738=VECTOR('',#18105,1.);
#14739=VECTOR('',#18106,1.);
#14740=VECTOR('',#18109,1.);
#14741=VECTOR('',#18110,1.);
#14742=VECTOR('',#18113,1.);
#14743=VECTOR('',#18114,1.);
#14744=VECTOR('',#18117,1.);
#14745=VECTOR('',#18122,1.);
#14746=VECTOR('',#18123,1.);
#14747=VECTOR('',#18124,1.);
#14748=VECTOR('',#18127,1.);
#14749=VECTOR('',#18128,1.);
#14750=VECTOR('',#18131,1.);
#14751=VECTOR('',#18132,1.);
#14752=VECTOR('',#18135,1.);
#14753=VECTOR('',#18140,1.);
#14754=VECTOR('',#18141,1.);
#14755=VECTOR('',#18142,1.);
#14756=VECTOR('',#18145,1.);
#14757=VECTOR('',#18146,1.);
#14758=VECTOR('',#18149,1.);
#14759=VECTOR('',#18150,1.);
#14760=VECTOR('',#18153,1.);
#14761=VECTOR('',#18158,1.);
#14762=VECTOR('',#18159,1.);
#14763=VECTOR('',#18160,1.);
#14764=VECTOR('',#18163,1.);
#14765=VECTOR('',#18164,1.);
#14766=VECTOR('',#18167,1.);
#14767=VECTOR('',#18168,1.);
#14768=VECTOR('',#18171,1.);
#14769=VECTOR('',#18176,1.);
#14770=VECTOR('',#18177,1.);
#14771=VECTOR('',#18178,1.);
#14772=VECTOR('',#18181,1.);
#14773=VECTOR('',#18182,1.);
#14774=VECTOR('',#18185,1.);
#14775=VECTOR('',#18186,1.);
#14776=VECTOR('',#18189,1.);
#14777=VECTOR('',#18194,1.);
#14778=VECTOR('',#18195,1.);
#14779=VECTOR('',#18196,1.);
#14780=VECTOR('',#18199,1.);
#14781=VECTOR('',#18200,1.);
#14782=VECTOR('',#18203,1.);
#14783=VECTOR('',#18204,1.);
#14784=VECTOR('',#18207,1.);
#14785=VECTOR('',#18212,1.);
#14786=VECTOR('',#18213,1.);
#14787=VECTOR('',#18214,1.);
#14788=VECTOR('',#18217,1.);
#14789=VECTOR('',#18218,1.);
#14790=VECTOR('',#18221,1.);
#14791=VECTOR('',#18222,1.);
#14792=VECTOR('',#18225,1.);
#14793=VECTOR('',#18230,1.);
#14794=VECTOR('',#18231,1.);
#14795=VECTOR('',#18232,1.);
#14796=VECTOR('',#18235,1.);
#14797=VECTOR('',#18236,1.);
#14798=VECTOR('',#18239,1.);
#14799=VECTOR('',#18240,1.);
#14800=VECTOR('',#18243,1.);
#14801=VECTOR('',#18248,1.);
#14802=VECTOR('',#18249,1.);
#14803=VECTOR('',#18250,1.);
#14804=VECTOR('',#18253,1.);
#14805=VECTOR('',#18254,1.);
#14806=VECTOR('',#18257,1.);
#14807=VECTOR('',#18258,1.);
#14808=VECTOR('',#18261,1.);
#14809=VECTOR('',#18266,1.);
#14810=VECTOR('',#18267,1.);
#14811=VECTOR('',#18268,1.);
#14812=VECTOR('',#18271,1.);
#14813=VECTOR('',#18272,1.);
#14814=VECTOR('',#18275,1.);
#14815=VECTOR('',#18276,1.);
#14816=VECTOR('',#18279,1.);
#14817=VECTOR('',#18284,1.);
#14818=VECTOR('',#18285,1.);
#14819=VECTOR('',#18286,1.);
#14820=VECTOR('',#18289,1.);
#14821=VECTOR('',#18290,1.);
#14822=VECTOR('',#18293,1.);
#14823=VECTOR('',#18294,1.);
#14824=VECTOR('',#18297,1.);
#14825=VECTOR('',#18302,1.);
#14826=VECTOR('',#18303,1.);
#14827=VECTOR('',#18304,1.);
#14828=VECTOR('',#18307,1.);
#14829=VECTOR('',#18308,1.);
#14830=VECTOR('',#18311,1.);
#14831=VECTOR('',#18312,1.);
#14832=VECTOR('',#18315,1.);
#14833=VECTOR('',#18320,1.);
#14834=VECTOR('',#18321,1.);
#14835=VECTOR('',#18322,1.);
#14836=VECTOR('',#18325,1.);
#14837=VECTOR('',#18326,1.);
#14838=VECTOR('',#18329,1.);
#14839=VECTOR('',#18330,1.);
#14840=VECTOR('',#18333,1.);
#14841=VECTOR('',#18338,1.);
#14842=VECTOR('',#18339,1.);
#14843=VECTOR('',#18340,1.);
#14844=VECTOR('',#18343,1.);
#14845=VECTOR('',#18346,1.);
#14846=VECTOR('',#18347,1.);
#14847=VECTOR('',#18350,1.);
#14848=VECTOR('',#18351,1.);
#14849=VECTOR('',#18352,1.);
#14850=VECTOR('',#18353,1.);
#14851=VECTOR('',#18356,1.);
#14852=VECTOR('',#18359,1.);
#14853=VECTOR('',#18362,1.);
#14854=VECTOR('',#18363,1.);
#14855=VECTOR('',#18364,1.);
#14856=VECTOR('',#18367,1.);
#14857=VECTOR('',#18368,1.);
#14858=VECTOR('',#18371,1.);
#14859=VECTOR('',#18372,1.);
#14860=VECTOR('',#18375,1.);
#14861=VECTOR('',#18380,1.);
#14862=VECTOR('',#18381,1.);
#14863=VECTOR('',#18382,1.);
#14864=VECTOR('',#18385,1.);
#14865=VECTOR('',#18386,1.);
#14866=VECTOR('',#18389,1.);
#14867=VECTOR('',#18390,1.);
#14868=VECTOR('',#18393,1.);
#14869=VECTOR('',#18398,1.);
#14870=VECTOR('',#18399,1.);
#14871=VECTOR('',#18400,1.);
#14872=VECTOR('',#18403,1.);
#14873=VECTOR('',#18404,1.);
#14874=VECTOR('',#18407,1.);
#14875=VECTOR('',#18408,1.);
#14876=VECTOR('',#18411,1.);
#14877=VECTOR('',#18416,1.);
#14878=VECTOR('',#18417,1.);
#14879=VECTOR('',#18418,1.);
#14880=VECTOR('',#18421,1.);
#14881=VECTOR('',#18422,1.);
#14882=VECTOR('',#18425,1.);
#14883=VECTOR('',#18426,1.);
#14884=VECTOR('',#18429,1.);
#14885=VECTOR('',#18434,1.);
#14886=VECTOR('',#18435,1.);
#14887=VECTOR('',#18738,1.);
#14888=VECTOR('',#18739,1.);
#14889=VECTOR('',#18740,1.);
#14890=VECTOR('',#18741,1.);
#14891=VECTOR('',#18744,1.);
#14892=VECTOR('',#18745,1.);
#14893=VECTOR('',#18746,1.);
#14894=VECTOR('',#18747,1.);
#14895=VECTOR('',#18748,1.);
#14896=VECTOR('',#18749,1.);
#14897=VECTOR('',#18750,1.);
#14898=VECTOR('',#18751,1.);
#14899=VECTOR('',#18752,1.);
#14900=VECTOR('',#18753,1.);
#14901=VECTOR('',#18754,1.);
#14902=VECTOR('',#18755,1.);
#14903=VECTOR('',#18756,1.);
#14904=VECTOR('',#18757,1.);
#14905=VECTOR('',#18758,1.);
#14906=VECTOR('',#18759,1.);
#14907=VECTOR('',#18760,1.);
#14908=VECTOR('',#18761,1.);
#14909=VECTOR('',#18762,1.);
#14910=VECTOR('',#18763,1.);
#14911=VECTOR('',#18764,1.);
#14912=VECTOR('',#18765,1.);
#14913=VECTOR('',#18766,1.);
#14914=VECTOR('',#18767,1.);
#14915=VECTOR('',#18768,1.);
#14916=VECTOR('',#18769,1.);
#14917=VECTOR('',#18770,1.);
#14918=VECTOR('',#18771,1.);
#14919=VECTOR('',#18772,1.);
#14920=VECTOR('',#18775,1.);
#14921=VECTOR('',#18776,1.);
#14922=VECTOR('',#18777,1.);
#14923=VECTOR('',#18780,1.);
#14924=VECTOR('',#18781,1.);
#14925=VECTOR('',#18782,1.);
#14926=VECTOR('',#18785,1.);
#14927=VECTOR('',#18786,1.);
#14928=VECTOR('',#18787,1.);
#14929=VECTOR('',#18790,1.);
#14930=VECTOR('',#18791,1.);
#14931=VECTOR('',#18792,1.);
#14932=VECTOR('',#18795,1.);
#14933=VECTOR('',#18796,1.);
#14934=VECTOR('',#18797,1.);
#14935=VECTOR('',#18800,1.);
#14936=VECTOR('',#18801,1.);
#14937=VECTOR('',#18802,1.);
#14938=VECTOR('',#18805,1.);
#14939=VECTOR('',#18806,1.);
#14940=VECTOR('',#18807,1.);
#14941=VECTOR('',#18810,1.);
#14942=VECTOR('',#18811,1.);
#14943=VECTOR('',#18812,1.);
#14944=VECTOR('',#18815,1.);
#14945=VECTOR('',#18816,1.);
#14946=VECTOR('',#18817,1.);
#14947=VECTOR('',#18818,1.);
#14948=VECTOR('',#19075,1.);
#14949=VECTOR('',#19076,1.);
#14950=VECTOR('',#19077,1.);
#14951=VECTOR('',#19078,1.);
#14952=VECTOR('',#19079,1.);
#14953=VECTOR('',#19080,1.);
#14954=VECTOR('',#19081,1.);
#14955=VECTOR('',#19082,1.);
#14956=VECTOR('',#19083,1.);
#14957=VECTOR('',#19084,1.);
#14958=VECTOR('',#19085,1.);
#14959=VECTOR('',#19088,1.);
#14960=VECTOR('',#19089,1.);
#14961=VECTOR('',#19090,1.);
#14962=VECTOR('',#19091,1.);
#14963=VECTOR('',#19092,1.);
#14964=VECTOR('',#19093,1.);
#14965=VECTOR('',#19094,1.);
#14966=VECTOR('',#19095,1.);
#14967=VECTOR('',#19096,1.);
#14968=VECTOR('',#19097,1.);
#14969=VECTOR('',#19098,1.);
#14970=VECTOR('',#19099,1.);
#14971=VECTOR('',#19100,1.);
#14972=VECTOR('',#19101,1.);
#14973=VECTOR('',#19104,1.);
#14974=VECTOR('',#19105,1.);
#14975=VECTOR('',#19106,1.);
#14976=VECTOR('',#19107,1.);
#14977=VECTOR('',#19110,1.);
#14978=VECTOR('',#19111,1.);
#14979=VECTOR('',#19112,1.);
#14980=VECTOR('',#19113,1.);
#14981=VECTOR('',#19114,1.);
#14982=VECTOR('',#19115,1.);
#14983=VECTOR('',#19116,1.);
#14984=VECTOR('',#19117,1.);
#14985=VECTOR('',#19118,1.);
#14986=VECTOR('',#19119,1.);
#14987=VECTOR('',#19120,1.);
#14988=VECTOR('',#19121,1.);
#14989=VECTOR('',#19122,1.);
#14990=VECTOR('',#19125,1.);
#14991=VECTOR('',#19126,1.);
#14992=VECTOR('',#19127,1.);
#14993=VECTOR('',#19130,1.);
#14994=VECTOR('',#19131,1.);
#14995=VECTOR('',#19132,1.);
#14996=VECTOR('',#19199,1.);
#14997=VECTOR('',#19202,1.);
#14998=VECTOR('',#19203,1.);
#14999=VECTOR('',#19204,1.);
#15000=VECTOR('',#19271,1.);
#15001=VECTOR('',#19272,1.);
#15002=VECTOR('',#19339,1.);
#15003=VECTOR('',#19342,1.);
#15004=VECTOR('',#19409,1.);
#15005=VECTOR('',#19412,1.);
#15006=VECTOR('',#19413,1.);
#15007=VECTOR('',#19414,1.);
#15008=VECTOR('',#19417,1.);
#15009=VECTOR('',#19418,1.);
#15010=VECTOR('',#19421,1.);
#15011=VECTOR('',#19422,1.);
#15012=VECTOR('',#19427,1.);
#15013=VECTOR('',#19430,1.);
#15014=VECTOR('',#19431,1.);
#15015=VECTOR('',#19434,1.);
#15016=VECTOR('',#19437,1.);
#15017=VECTOR('',#19698,1.);
#15018=VECTOR('',#19699,1.);
#15019=VECTOR('',#19700,1.);
#15020=VECTOR('',#19701,1.);
#15021=VECTOR('',#19702,1.);
#15022=VECTOR('',#19703,1.);
#15023=VECTOR('',#19704,1.);
#15024=VECTOR('',#19705,1.);
#15025=VECTOR('',#19706,1.);
#15026=VECTOR('',#19707,1.);
#15027=VECTOR('',#19708,1.);
#15028=VECTOR('',#19715,1.);
#15029=VECTOR('',#19716,1.);
#15030=VECTOR('',#19719,1.);
#15031=VECTOR('',#19722,1.);
#15032=VECTOR('',#19725,1.);
#15033=VECTOR('',#19732,1.);
#15034=VECTOR('',#19737,1.);
#15035=VECTOR('',#19740,1.);
#15036=VECTOR('',#19745,1.);
#15037=VECTOR('',#19760,1.);
#15038=VECTOR('',#19761,1.);
#15039=VECTOR('',#19762,1.);
#15040=VECTOR('',#19763,1.);
#15041=VECTOR('',#19766,1.);
#15042=VECTOR('',#19767,1.);
#15043=VECTOR('',#19768,1.);
#15044=VECTOR('',#19769,1.);
#15045=VECTOR('',#19772,1.);
#15046=VECTOR('',#19773,1.);
#15047=VECTOR('',#19774,1.);
#15048=VECTOR('',#19775,1.);
#15049=VECTOR('',#19776,1.);
#15050=VECTOR('',#19777,1.);
#15051=VECTOR('',#19778,1.);
#15052=VECTOR('',#19779,1.);
#15053=VECTOR('',#19782,1.);
#15054=VECTOR('',#19783,1.);
#15055=VECTOR('',#19784,1.);
#15056=VECTOR('',#19785,1.);
#15057=VECTOR('',#19786,1.);
#15058=VECTOR('',#19787,1.);
#15059=VECTOR('',#19788,1.);
#15060=VECTOR('',#19789,1.);
#15061=VECTOR('',#19792,1.);
#15062=VECTOR('',#19793,1.);
#15063=VECTOR('',#19794,1.);
#15064=VECTOR('',#19797,1.);
#15065=VECTOR('',#19798,1.);
#15066=VECTOR('',#19799,1.);
#15067=VECTOR('',#19802,1.);
#15068=VECTOR('',#19803,1.);
#15069=VECTOR('',#19804,1.);
#15070=VECTOR('',#19805,1.);
#15071=VECTOR('',#19806,1.);
#15072=VECTOR('',#19809,1.);
#15073=VECTOR('',#19810,1.);
#15074=VECTOR('',#19811,1.);
#15075=VECTOR('',#19812,1.);
#15076=VECTOR('',#19813,1.);
#15077=VECTOR('',#19816,1.);
#15078=VECTOR('',#19817,1.);
#15079=VECTOR('',#19818,1.);
#15080=VECTOR('',#19819,1.);
#15081=VECTOR('',#19820,1.);
#15082=VECTOR('',#19821,1.);
#15083=VECTOR('',#19822,1.);
#15084=VECTOR('',#19823,1.);
#15085=VECTOR('',#19824,1.);
#15086=VECTOR('',#19825,1.);
#15087=VECTOR('',#19826,1.);
#15088=VECTOR('',#19827,1.);
#15089=VECTOR('',#19830,1.);
#15090=VECTOR('',#19833,1.);
#15091=VECTOR('',#19838,1.);
#15092=VECTOR('',#19839,1.);
#15093=VECTOR('',#19842,1.);
#15094=VECTOR('',#19843,1.);
#15095=VECTOR('',#19846,1.);
#15096=VECTOR('',#19849,1.);
#15097=AXIS2_PLACEMENT_3D('',#19870,#16146,#16147);
#15098=AXIS2_PLACEMENT_3D('',#19879,#16152,#16153);
#15099=AXIS2_PLACEMENT_3D('',#19888,#16158,#16159);
#15100=AXIS2_PLACEMENT_3D('',#19894,#16163,#16164);
#15101=AXIS2_PLACEMENT_3D('',#19900,#16168,#16169);
#15102=AXIS2_PLACEMENT_3D('',#19906,#16173,#16174);
#15103=AXIS2_PLACEMENT_3D('',#19915,#16179,#16180);
#15104=AXIS2_PLACEMENT_3D('',#19924,#16185,#16186);
#15105=AXIS2_PLACEMENT_3D('',#19927,#16189,#16190);
#15106=AXIS2_PLACEMENT_3D('',#19936,#16195,#16196);
#15107=AXIS2_PLACEMENT_3D('',#19945,#16201,#16202);
#15108=AXIS2_PLACEMENT_3D('',#19948,#16205,#16206);
#15109=AXIS2_PLACEMENT_3D('',#19957,#16211,#16212);
#15110=AXIS2_PLACEMENT_3D('',#19966,#16217,#16218);
#15111=AXIS2_PLACEMENT_3D('',#19969,#16221,#16222);
#15112=AXIS2_PLACEMENT_3D('',#19978,#16227,#16228);
#15113=AXIS2_PLACEMENT_3D('',#19987,#16233,#16234);
#15114=AXIS2_PLACEMENT_3D('',#19990,#16237,#16238);
#15115=AXIS2_PLACEMENT_3D('',#19999,#16243,#16244);
#15116=AXIS2_PLACEMENT_3D('',#20008,#16249,#16250);
#15117=AXIS2_PLACEMENT_3D('',#20011,#16253,#16254);
#15118=AXIS2_PLACEMENT_3D('',#20020,#16259,#16260);
#15119=AXIS2_PLACEMENT_3D('',#20029,#16265,#16266);
#15120=AXIS2_PLACEMENT_3D('',#20032,#16269,#16270);
#15121=AXIS2_PLACEMENT_3D('',#20041,#16275,#16276);
#15122=AXIS2_PLACEMENT_3D('',#20050,#16281,#16282);
#15123=AXIS2_PLACEMENT_3D('',#20053,#16285,#16286);
#15124=AXIS2_PLACEMENT_3D('',#20062,#16291,#16292);
#15125=AXIS2_PLACEMENT_3D('',#20071,#16297,#16298);
#15126=AXIS2_PLACEMENT_3D('',#20074,#16301,#16302);
#15127=AXIS2_PLACEMENT_3D('',#20083,#16307,#16308);
#15128=AXIS2_PLACEMENT_3D('',#20092,#16313,#16314);
#15129=AXIS2_PLACEMENT_3D('',#20095,#16317,#16318);
#15130=AXIS2_PLACEMENT_3D('',#20104,#16323,#16324);
#15131=AXIS2_PLACEMENT_3D('',#20113,#16329,#16330);
#15132=AXIS2_PLACEMENT_3D('',#20116,#16333,#16334);
#15133=AXIS2_PLACEMENT_3D('',#20125,#16339,#16340);
#15134=AXIS2_PLACEMENT_3D('',#20134,#16345,#16346);
#15135=AXIS2_PLACEMENT_3D('',#20137,#16349,#16350);
#15136=AXIS2_PLACEMENT_3D('',#20146,#16355,#16356);
#15137=AXIS2_PLACEMENT_3D('',#20155,#16361,#16362);
#15138=AXIS2_PLACEMENT_3D('',#20158,#16365,#16366);
#15139=AXIS2_PLACEMENT_3D('',#20167,#16371,#16372);
#15140=AXIS2_PLACEMENT_3D('',#20176,#16377,#16378);
#15141=AXIS2_PLACEMENT_3D('',#20179,#16381,#16382);
#15142=AXIS2_PLACEMENT_3D('',#20188,#16387,#16388);
#15143=AXIS2_PLACEMENT_3D('',#20197,#16393,#16394);
#15144=AXIS2_PLACEMENT_3D('',#20200,#16397,#16398);
#15145=AXIS2_PLACEMENT_3D('',#20209,#16403,#16404);
#15146=AXIS2_PLACEMENT_3D('',#20218,#16409,#16410);
#15147=AXIS2_PLACEMENT_3D('',#20221,#16413,#16414);
#15148=AXIS2_PLACEMENT_3D('',#20230,#16419,#16420);
#15149=AXIS2_PLACEMENT_3D('',#20239,#16425,#16426);
#15150=AXIS2_PLACEMENT_3D('',#20242,#16429,#16430);
#15151=AXIS2_PLACEMENT_3D('',#20251,#16435,#16436);
#15152=AXIS2_PLACEMENT_3D('',#20260,#16441,#16442);
#15153=AXIS2_PLACEMENT_3D('',#20263,#16445,#16446);
#15154=AXIS2_PLACEMENT_3D('',#20272,#16451,#16452);
#15155=AXIS2_PLACEMENT_3D('',#20281,#16457,#16458);
#15156=AXIS2_PLACEMENT_3D('',#20284,#16461,#16462);
#15157=AXIS2_PLACEMENT_3D('',#20293,#16467,#16468);
#15158=AXIS2_PLACEMENT_3D('',#20302,#16473,#16474);
#15159=AXIS2_PLACEMENT_3D('',#20305,#16477,#16478);
#15160=AXIS2_PLACEMENT_3D('',#20314,#16483,#16484);
#15161=AXIS2_PLACEMENT_3D('',#20323,#16489,#16490);
#15162=AXIS2_PLACEMENT_3D('',#20326,#16493,#16494);
#15163=AXIS2_PLACEMENT_3D('',#20335,#16499,#16500);
#15164=AXIS2_PLACEMENT_3D('',#20344,#16505,#16506);
#15165=AXIS2_PLACEMENT_3D('',#20347,#16509,#16510);
#15166=AXIS2_PLACEMENT_3D('',#20356,#16515,#16516);
#15167=AXIS2_PLACEMENT_3D('',#20365,#16521,#16522);
#15168=AXIS2_PLACEMENT_3D('',#20368,#16525,#16526);
#15169=AXIS2_PLACEMENT_3D('',#20377,#16531,#16532);
#15170=AXIS2_PLACEMENT_3D('',#20386,#16537,#16538);
#15171=AXIS2_PLACEMENT_3D('',#20389,#16541,#16542);
#15172=AXIS2_PLACEMENT_3D('',#20398,#16547,#16548);
#15173=AXIS2_PLACEMENT_3D('',#20407,#16553,#16554);
#15174=AXIS2_PLACEMENT_3D('',#20410,#16557,#16558);
#15175=AXIS2_PLACEMENT_3D('',#20419,#16563,#16564);
#15176=AXIS2_PLACEMENT_3D('',#20428,#16569,#16570);
#15177=AXIS2_PLACEMENT_3D('',#20431,#16573,#16574);
#15178=AXIS2_PLACEMENT_3D('',#20440,#16579,#16580);
#15179=AXIS2_PLACEMENT_3D('',#20449,#16585,#16586);
#15180=AXIS2_PLACEMENT_3D('',#20452,#16589,#16590);
#15181=AXIS2_PLACEMENT_3D('',#20461,#16595,#16596);
#15182=AXIS2_PLACEMENT_3D('',#20470,#16601,#16602);
#15183=AXIS2_PLACEMENT_3D('',#20473,#16605,#16606);
#15184=AXIS2_PLACEMENT_3D('',#20482,#16611,#16612);
#15185=AXIS2_PLACEMENT_3D('',#20491,#16617,#16618);
#15186=AXIS2_PLACEMENT_3D('',#20494,#16621,#16622);
#15187=AXIS2_PLACEMENT_3D('',#20503,#16627,#16628);
#15188=AXIS2_PLACEMENT_3D('',#20512,#16633,#16634);
#15189=AXIS2_PLACEMENT_3D('',#20515,#16637,#16638);
#15190=AXIS2_PLACEMENT_3D('',#20524,#16643,#16644);
#15191=AXIS2_PLACEMENT_3D('',#20533,#16649,#16650);
#15192=AXIS2_PLACEMENT_3D('',#20536,#16653,#16654);
#15193=AXIS2_PLACEMENT_3D('',#20545,#16659,#16660);
#15194=AXIS2_PLACEMENT_3D('',#20554,#16665,#16666);
#15195=AXIS2_PLACEMENT_3D('',#20557,#16669,#16670);
#15196=AXIS2_PLACEMENT_3D('',#20566,#16675,#16676);
#15197=AXIS2_PLACEMENT_3D('',#20575,#16681,#16682);
#15198=AXIS2_PLACEMENT_3D('',#20578,#16685,#16686);
#15199=AXIS2_PLACEMENT_3D('',#20587,#16691,#16692);
#15200=AXIS2_PLACEMENT_3D('',#20596,#16697,#16698);
#15201=AXIS2_PLACEMENT_3D('',#20605,#16703,#16704);
#15202=AXIS2_PLACEMENT_3D('',#20611,#16708,#16709);
#15203=AXIS2_PLACEMENT_3D('',#20617,#16713,#16714);
#15204=AXIS2_PLACEMENT_3D('',#20620,#16717,#16718);
#15205=AXIS2_PLACEMENT_3D('',#20629,#16723,#16724);
#15206=AXIS2_PLACEMENT_3D('',#20638,#16729,#16730);
#15207=AXIS2_PLACEMENT_3D('',#20641,#16733,#16734);
#15208=AXIS2_PLACEMENT_3D('',#20650,#16739,#16740);
#15209=AXIS2_PLACEMENT_3D('',#20659,#16745,#16746);
#15210=AXIS2_PLACEMENT_3D('',#20662,#16749,#16750);
#15211=AXIS2_PLACEMENT_3D('',#20671,#16755,#16756);
#15212=AXIS2_PLACEMENT_3D('',#20680,#16761,#16762);
#15213=AXIS2_PLACEMENT_3D('',#20683,#16765,#16766);
#15214=AXIS2_PLACEMENT_3D('',#20692,#16771,#16772);
#15215=AXIS2_PLACEMENT_3D('',#20701,#16777,#16778);
#15216=AXIS2_PLACEMENT_3D('',#20704,#16781,#16782);
#15217=AXIS2_PLACEMENT_3D('',#20713,#16787,#16788);
#15218=AXIS2_PLACEMENT_3D('',#20722,#16793,#16794);
#15219=AXIS2_PLACEMENT_3D('',#20725,#16797,#16798);
#15220=AXIS2_PLACEMENT_3D('',#20734,#16803,#16804);
#15221=AXIS2_PLACEMENT_3D('',#20743,#16809,#16810);
#15222=AXIS2_PLACEMENT_3D('',#20746,#16813,#16814);
#15223=AXIS2_PLACEMENT_3D('',#20755,#16819,#16820);
#15224=AXIS2_PLACEMENT_3D('',#20764,#16825,#16826);
#15225=AXIS2_PLACEMENT_3D('',#20767,#16829,#16830);
#15226=AXIS2_PLACEMENT_3D('',#20776,#16835,#16836);
#15227=AXIS2_PLACEMENT_3D('',#20785,#16841,#16842);
#15228=AXIS2_PLACEMENT_3D('',#20788,#16845,#16846);
#15229=AXIS2_PLACEMENT_3D('',#20797,#16851,#16852);
#15230=AXIS2_PLACEMENT_3D('',#20806,#16857,#16858);
#15231=AXIS2_PLACEMENT_3D('',#20809,#16861,#16862);
#15232=AXIS2_PLACEMENT_3D('',#20818,#16867,#16868);
#15233=AXIS2_PLACEMENT_3D('',#20827,#16873,#16874);
#15234=AXIS2_PLACEMENT_3D('',#20830,#16877,#16878);
#15235=AXIS2_PLACEMENT_3D('',#20839,#16883,#16884);
#15236=AXIS2_PLACEMENT_3D('',#20848,#16889,#16890);
#15237=AXIS2_PLACEMENT_3D('',#20851,#16893,#16894);
#15238=AXIS2_PLACEMENT_3D('',#20860,#16899,#16900);
#15239=AXIS2_PLACEMENT_3D('',#20869,#16905,#16906);
#15240=AXIS2_PLACEMENT_3D('',#20872,#16909,#16910);
#15241=AXIS2_PLACEMENT_3D('',#20881,#16915,#16916);
#15242=AXIS2_PLACEMENT_3D('',#20890,#16921,#16922);
#15243=AXIS2_PLACEMENT_3D('',#20893,#16925,#16926);
#15244=AXIS2_PLACEMENT_3D('',#20902,#16931,#16932);
#15245=AXIS2_PLACEMENT_3D('',#20911,#16937,#16938);
#15246=AXIS2_PLACEMENT_3D('',#20914,#16941,#16942);
#15247=AXIS2_PLACEMENT_3D('',#20923,#16947,#16948);
#15248=AXIS2_PLACEMENT_3D('',#20932,#16953,#16954);
#15249=AXIS2_PLACEMENT_3D('',#20935,#16957,#16958);
#15250=AXIS2_PLACEMENT_3D('',#20944,#16963,#16964);
#15251=AXIS2_PLACEMENT_3D('',#20953,#16969,#16970);
#15252=AXIS2_PLACEMENT_3D('',#20956,#16973,#16974);
#15253=AXIS2_PLACEMENT_3D('',#20965,#16979,#16980);
#15254=AXIS2_PLACEMENT_3D('',#20974,#16985,#16986);
#15255=AXIS2_PLACEMENT_3D('',#20977,#16989,#16990);
#15256=AXIS2_PLACEMENT_3D('',#20986,#16995,#16996);
#15257=AXIS2_PLACEMENT_3D('',#20995,#17001,#17002);
#15258=AXIS2_PLACEMENT_3D('',#20998,#17005,#17006);
#15259=AXIS2_PLACEMENT_3D('',#21007,#17011,#17012);
#15260=AXIS2_PLACEMENT_3D('',#21016,#17017,#17018);
#15261=AXIS2_PLACEMENT_3D('',#21019,#17021,#17022);
#15262=AXIS2_PLACEMENT_3D('',#21028,#17027,#17028);
#15263=AXIS2_PLACEMENT_3D('',#21037,#17033,#17034);
#15264=AXIS2_PLACEMENT_3D('',#21040,#17037,#17038);
#15265=AXIS2_PLACEMENT_3D('',#21049,#17043,#17044);
#15266=AXIS2_PLACEMENT_3D('',#21058,#17049,#17050);
#15267=AXIS2_PLACEMENT_3D('',#21061,#17053,#17054);
#15268=AXIS2_PLACEMENT_3D('',#21070,#17059,#17060);
#15269=AXIS2_PLACEMENT_3D('',#21079,#17065,#17066);
#15270=AXIS2_PLACEMENT_3D('',#21082,#17069,#17070);
#15271=AXIS2_PLACEMENT_3D('',#21091,#17075,#17076);
#15272=AXIS2_PLACEMENT_3D('',#21100,#17081,#17082);
#15273=AXIS2_PLACEMENT_3D('',#21103,#17085,#17086);
#15274=AXIS2_PLACEMENT_3D('',#21112,#17091,#17092);
#15275=AXIS2_PLACEMENT_3D('',#21121,#17097,#17098);
#15276=AXIS2_PLACEMENT_3D('',#21124,#17101,#17102);
#15277=AXIS2_PLACEMENT_3D('',#21133,#17107,#17108);
#15278=AXIS2_PLACEMENT_3D('',#21142,#17113,#17114);
#15279=AXIS2_PLACEMENT_3D('',#21145,#17117,#17118);
#15280=AXIS2_PLACEMENT_3D('',#21154,#17123,#17124);
#15281=AXIS2_PLACEMENT_3D('',#21163,#17129,#17130);
#15282=AXIS2_PLACEMENT_3D('',#21166,#17133,#17134);
#15283=AXIS2_PLACEMENT_3D('',#21175,#17139,#17140);
#15284=AXIS2_PLACEMENT_3D('',#21184,#17145,#17146);
#15285=AXIS2_PLACEMENT_3D('',#21187,#17149,#17150);
#15286=AXIS2_PLACEMENT_3D('',#21196,#17155,#17156);
#15287=AXIS2_PLACEMENT_3D('',#21205,#17161,#17162);
#15288=AXIS2_PLACEMENT_3D('',#21208,#17165,#17166);
#15289=AXIS2_PLACEMENT_3D('',#21217,#17171,#17172);
#15290=AXIS2_PLACEMENT_3D('',#21226,#17177,#17178);
#15291=AXIS2_PLACEMENT_3D('',#21229,#17181,#17182);
#15292=AXIS2_PLACEMENT_3D('',#21238,#17187,#17188);
#15293=AXIS2_PLACEMENT_3D('',#21247,#17193,#17194);
#15294=AXIS2_PLACEMENT_3D('',#21250,#17197,#17198);
#15295=AXIS2_PLACEMENT_3D('',#21259,#17203,#17204);
#15296=AXIS2_PLACEMENT_3D('',#21268,#17209,#17210);
#15297=AXIS2_PLACEMENT_3D('',#21271,#17213,#17214);
#15298=AXIS2_PLACEMENT_3D('',#21280,#17219,#17220);
#15299=AXIS2_PLACEMENT_3D('',#21289,#17225,#17226);
#15300=AXIS2_PLACEMENT_3D('',#21292,#17229,#17230);
#15301=AXIS2_PLACEMENT_3D('',#21301,#17235,#17236);
#15302=AXIS2_PLACEMENT_3D('',#21310,#17241,#17242);
#15303=AXIS2_PLACEMENT_3D('',#21313,#17245,#17246);
#15304=AXIS2_PLACEMENT_3D('',#21322,#17251,#17252);
#15305=AXIS2_PLACEMENT_3D('',#21331,#17257,#17258);
#15306=AXIS2_PLACEMENT_3D('',#21340,#17263,#17264);
#15307=AXIS2_PLACEMENT_3D('',#21343,#17267,#17268);
#15308=AXIS2_PLACEMENT_3D('',#21352,#17273,#17274);
#15309=AXIS2_PLACEMENT_3D('',#21530,#17434,#17435);
#15310=AXIS2_PLACEMENT_3D('',#21539,#17440,#17441);
#15311=AXIS2_PLACEMENT_3D('',#21545,#17445,#17446);
#15312=AXIS2_PLACEMENT_3D('',#21555,#17452,#17453);
#15313=AXIS2_PLACEMENT_3D('',#21561,#17457,#17458);
#15314=AXIS2_PLACEMENT_3D('',#21698,#17527,#17528);
#15315=AXIS2_PLACEMENT_3D('',#21832,#17596,#17597);
#15316=AXIS2_PLACEMENT_3D('',#21840,#17603,#17604);
#15317=AXIS2_PLACEMENT_3D('',#21848,#17610,#17611);
#15318=AXIS2_PLACEMENT_3D('',#21851,#17614,#17615);
#15319=AXIS2_PLACEMENT_3D('',#21854,#17618,#17619);
#15320=AXIS2_PLACEMENT_3D('',#21943,#17664,#17665);
#15321=AXIS2_PLACEMENT_3D('',#21949,#17669,#17670);
#15322=AXIS2_PLACEMENT_3D('',#21953,#17673,#17674);
#15323=AXIS2_PLACEMENT_3D('',#21957,#17677,#17678);
#15324=AXIS2_PLACEMENT_3D('',#21959,#17680,#17681);
#15325=AXIS2_PLACEMENT_3D('',#21965,#17685,#17686);
#15326=AXIS2_PLACEMENT_3D('',#21969,#17689,#17690);
#15327=AXIS2_PLACEMENT_3D('',#21973,#17693,#17694);
#15328=AXIS2_PLACEMENT_3D('',#21975,#17696,#17697);
#15329=AXIS2_PLACEMENT_3D('',#21976,#17698,#17699);
#15330=AXIS2_PLACEMENT_3D('',#21982,#17703,#17704);
#15331=AXIS2_PLACEMENT_3D('',#21986,#17707,#17708);
#15332=AXIS2_PLACEMENT_3D('',#21990,#17711,#17712);
#15333=AXIS2_PLACEMENT_3D('',#21992,#17714,#17715);
#15334=AXIS2_PLACEMENT_3D('',#21993,#17716,#17717);
#15335=AXIS2_PLACEMENT_3D('',#21999,#17721,#17722);
#15336=AXIS2_PLACEMENT_3D('',#22003,#17725,#17726);
#15337=AXIS2_PLACEMENT_3D('',#22007,#17729,#17730);
#15338=AXIS2_PLACEMENT_3D('',#22009,#17732,#17733);
#15339=AXIS2_PLACEMENT_3D('',#22010,#17734,#17735);
#15340=AXIS2_PLACEMENT_3D('',#22016,#17739,#17740);
#15341=AXIS2_PLACEMENT_3D('',#22020,#17743,#17744);
#15342=AXIS2_PLACEMENT_3D('',#22024,#17747,#17748);
#15343=AXIS2_PLACEMENT_3D('',#22026,#17750,#17751);
#15344=AXIS2_PLACEMENT_3D('',#22027,#17752,#17753);
#15345=AXIS2_PLACEMENT_3D('',#22033,#17757,#17758);
#15346=AXIS2_PLACEMENT_3D('',#22037,#17761,#17762);
#15347=AXIS2_PLACEMENT_3D('',#22041,#17765,#17766);
#15348=AXIS2_PLACEMENT_3D('',#22043,#17768,#17769);
#15349=AXIS2_PLACEMENT_3D('',#22044,#17770,#17771);
#15350=AXIS2_PLACEMENT_3D('',#22050,#17775,#17776);
#15351=AXIS2_PLACEMENT_3D('',#22054,#17779,#17780);
#15352=AXIS2_PLACEMENT_3D('',#22058,#17783,#17784);
#15353=AXIS2_PLACEMENT_3D('',#22060,#17786,#17787);
#15354=AXIS2_PLACEMENT_3D('',#22061,#17788,#17789);
#15355=AXIS2_PLACEMENT_3D('',#22067,#17793,#17794);
#15356=AXIS2_PLACEMENT_3D('',#22071,#17797,#17798);
#15357=AXIS2_PLACEMENT_3D('',#22075,#17801,#17802);
#15358=AXIS2_PLACEMENT_3D('',#22077,#17804,#17805);
#15359=AXIS2_PLACEMENT_3D('',#22078,#17806,#17807);
#15360=AXIS2_PLACEMENT_3D('',#22084,#17811,#17812);
#15361=AXIS2_PLACEMENT_3D('',#22088,#17815,#17816);
#15362=AXIS2_PLACEMENT_3D('',#22092,#17819,#17820);
#15363=AXIS2_PLACEMENT_3D('',#22094,#17822,#17823);
#15364=AXIS2_PLACEMENT_3D('',#22095,#17824,#17825);
#15365=AXIS2_PLACEMENT_3D('',#22101,#17829,#17830);
#15366=AXIS2_PLACEMENT_3D('',#22105,#17833,#17834);
#15367=AXIS2_PLACEMENT_3D('',#22109,#17837,#17838);
#15368=AXIS2_PLACEMENT_3D('',#22111,#17840,#17841);
#15369=AXIS2_PLACEMENT_3D('',#22112,#17842,#17843);
#15370=AXIS2_PLACEMENT_3D('',#22118,#17847,#17848);
#15371=AXIS2_PLACEMENT_3D('',#22122,#17851,#17852);
#15372=AXIS2_PLACEMENT_3D('',#22126,#17855,#17856);
#15373=AXIS2_PLACEMENT_3D('',#22128,#17858,#17859);
#15374=AXIS2_PLACEMENT_3D('',#22129,#17860,#17861);
#15375=AXIS2_PLACEMENT_3D('',#22131,#17863,#17864);
#15376=AXIS2_PLACEMENT_3D('',#22133,#17866,#17867);
#15377=AXIS2_PLACEMENT_3D('',#22134,#17868,#17869);
#15378=AXIS2_PLACEMENT_3D('',#22140,#17873,#17874);
#15379=AXIS2_PLACEMENT_3D('',#22144,#17877,#17878);
#15380=AXIS2_PLACEMENT_3D('',#22148,#17881,#17882);
#15381=AXIS2_PLACEMENT_3D('',#22150,#17884,#17885);
#15382=AXIS2_PLACEMENT_3D('',#22151,#17886,#17887);
#15383=AXIS2_PLACEMENT_3D('',#22157,#17891,#17892);
#15384=AXIS2_PLACEMENT_3D('',#22161,#17895,#17896);
#15385=AXIS2_PLACEMENT_3D('',#22165,#17899,#17900);
#15386=AXIS2_PLACEMENT_3D('',#22167,#17902,#17903);
#15387=AXIS2_PLACEMENT_3D('',#22168,#17904,#17905);
#15388=AXIS2_PLACEMENT_3D('',#22174,#17909,#17910);
#15389=AXIS2_PLACEMENT_3D('',#22178,#17913,#17914);
#15390=AXIS2_PLACEMENT_3D('',#22182,#17917,#17918);
#15391=AXIS2_PLACEMENT_3D('',#22184,#17920,#17921);
#15392=AXIS2_PLACEMENT_3D('',#22185,#17922,#17923);
#15393=AXIS2_PLACEMENT_3D('',#22191,#17927,#17928);
#15394=AXIS2_PLACEMENT_3D('',#22195,#17931,#17932);
#15395=AXIS2_PLACEMENT_3D('',#22199,#17935,#17936);
#15396=AXIS2_PLACEMENT_3D('',#22201,#17938,#17939);
#15397=AXIS2_PLACEMENT_3D('',#22202,#17940,#17941);
#15398=AXIS2_PLACEMENT_3D('',#22208,#17945,#17946);
#15399=AXIS2_PLACEMENT_3D('',#22212,#17949,#17950);
#15400=AXIS2_PLACEMENT_3D('',#22216,#17953,#17954);
#15401=AXIS2_PLACEMENT_3D('',#22218,#17956,#17957);
#15402=AXIS2_PLACEMENT_3D('',#22219,#17958,#17959);
#15403=AXIS2_PLACEMENT_3D('',#22225,#17963,#17964);
#15404=AXIS2_PLACEMENT_3D('',#22229,#17967,#17968);
#15405=AXIS2_PLACEMENT_3D('',#22233,#17971,#17972);
#15406=AXIS2_PLACEMENT_3D('',#22235,#17974,#17975);
#15407=AXIS2_PLACEMENT_3D('',#22236,#17976,#17977);
#15408=AXIS2_PLACEMENT_3D('',#22242,#17981,#17982);
#15409=AXIS2_PLACEMENT_3D('',#22246,#17985,#17986);
#15410=AXIS2_PLACEMENT_3D('',#22250,#17989,#17990);
#15411=AXIS2_PLACEMENT_3D('',#22252,#17992,#17993);
#15412=AXIS2_PLACEMENT_3D('',#22253,#17994,#17995);
#15413=AXIS2_PLACEMENT_3D('',#22259,#17999,#18000);
#15414=AXIS2_PLACEMENT_3D('',#22263,#18003,#18004);
#15415=AXIS2_PLACEMENT_3D('',#22267,#18007,#18008);
#15416=AXIS2_PLACEMENT_3D('',#22269,#18010,#18011);
#15417=AXIS2_PLACEMENT_3D('',#22270,#18012,#18013);
#15418=AXIS2_PLACEMENT_3D('',#22276,#18017,#18018);
#15419=AXIS2_PLACEMENT_3D('',#22280,#18021,#18022);
#15420=AXIS2_PLACEMENT_3D('',#22284,#18025,#18026);
#15421=AXIS2_PLACEMENT_3D('',#22286,#18028,#18029);
#15422=AXIS2_PLACEMENT_3D('',#22287,#18030,#18031);
#15423=AXIS2_PLACEMENT_3D('',#22293,#18035,#18036);
#15424=AXIS2_PLACEMENT_3D('',#22297,#18039,#18040);
#15425=AXIS2_PLACEMENT_3D('',#22301,#18043,#18044);
#15426=AXIS2_PLACEMENT_3D('',#22303,#18046,#18047);
#15427=AXIS2_PLACEMENT_3D('',#22304,#18048,#18049);
#15428=AXIS2_PLACEMENT_3D('',#22310,#18053,#18054);
#15429=AXIS2_PLACEMENT_3D('',#22314,#18057,#18058);
#15430=AXIS2_PLACEMENT_3D('',#22318,#18061,#18062);
#15431=AXIS2_PLACEMENT_3D('',#22320,#18064,#18065);
#15432=AXIS2_PLACEMENT_3D('',#22321,#18066,#18067);
#15433=AXIS2_PLACEMENT_3D('',#22327,#18071,#18072);
#15434=AXIS2_PLACEMENT_3D('',#22331,#18075,#18076);
#15435=AXIS2_PLACEMENT_3D('',#22335,#18079,#18080);
#15436=AXIS2_PLACEMENT_3D('',#22337,#18082,#18083);
#15437=AXIS2_PLACEMENT_3D('',#22338,#18084,#18085);
#15438=AXIS2_PLACEMENT_3D('',#22344,#18089,#18090);
#15439=AXIS2_PLACEMENT_3D('',#22348,#18093,#18094);
#15440=AXIS2_PLACEMENT_3D('',#22352,#18097,#18098);
#15441=AXIS2_PLACEMENT_3D('',#22354,#18100,#18101);
#15442=AXIS2_PLACEMENT_3D('',#22355,#18102,#18103);
#15443=AXIS2_PLACEMENT_3D('',#22361,#18107,#18108);
#15444=AXIS2_PLACEMENT_3D('',#22365,#18111,#18112);
#15445=AXIS2_PLACEMENT_3D('',#22369,#18115,#18116);
#15446=AXIS2_PLACEMENT_3D('',#22371,#18118,#18119);
#15447=AXIS2_PLACEMENT_3D('',#22372,#18120,#18121);
#15448=AXIS2_PLACEMENT_3D('',#22378,#18125,#18126);
#15449=AXIS2_PLACEMENT_3D('',#22382,#18129,#18130);
#15450=AXIS2_PLACEMENT_3D('',#22386,#18133,#18134);
#15451=AXIS2_PLACEMENT_3D('',#22388,#18136,#18137);
#15452=AXIS2_PLACEMENT_3D('',#22389,#18138,#18139);
#15453=AXIS2_PLACEMENT_3D('',#22395,#18143,#18144);
#15454=AXIS2_PLACEMENT_3D('',#22399,#18147,#18148);
#15455=AXIS2_PLACEMENT_3D('',#22403,#18151,#18152);
#15456=AXIS2_PLACEMENT_3D('',#22405,#18154,#18155);
#15457=AXIS2_PLACEMENT_3D('',#22406,#18156,#18157);
#15458=AXIS2_PLACEMENT_3D('',#22412,#18161,#18162);
#15459=AXIS2_PLACEMENT_3D('',#22416,#18165,#18166);
#15460=AXIS2_PLACEMENT_3D('',#22420,#18169,#18170);
#15461=AXIS2_PLACEMENT_3D('',#22422,#18172,#18173);
#15462=AXIS2_PLACEMENT_3D('',#22423,#18174,#18175);
#15463=AXIS2_PLACEMENT_3D('',#22429,#18179,#18180);
#15464=AXIS2_PLACEMENT_3D('',#22433,#18183,#18184);
#15465=AXIS2_PLACEMENT_3D('',#22437,#18187,#18188);
#15466=AXIS2_PLACEMENT_3D('',#22439,#18190,#18191);
#15467=AXIS2_PLACEMENT_3D('',#22440,#18192,#18193);
#15468=AXIS2_PLACEMENT_3D('',#22446,#18197,#18198);
#15469=AXIS2_PLACEMENT_3D('',#22450,#18201,#18202);
#15470=AXIS2_PLACEMENT_3D('',#22454,#18205,#18206);
#15471=AXIS2_PLACEMENT_3D('',#22456,#18208,#18209);
#15472=AXIS2_PLACEMENT_3D('',#22457,#18210,#18211);
#15473=AXIS2_PLACEMENT_3D('',#22463,#18215,#18216);
#15474=AXIS2_PLACEMENT_3D('',#22467,#18219,#18220);
#15475=AXIS2_PLACEMENT_3D('',#22471,#18223,#18224);
#15476=AXIS2_PLACEMENT_3D('',#22473,#18226,#18227);
#15477=AXIS2_PLACEMENT_3D('',#22474,#18228,#18229);
#15478=AXIS2_PLACEMENT_3D('',#22480,#18233,#18234);
#15479=AXIS2_PLACEMENT_3D('',#22484,#18237,#18238);
#15480=AXIS2_PLACEMENT_3D('',#22488,#18241,#18242);
#15481=AXIS2_PLACEMENT_3D('',#22490,#18244,#18245);
#15482=AXIS2_PLACEMENT_3D('',#22491,#18246,#18247);
#15483=AXIS2_PLACEMENT_3D('',#22497,#18251,#18252);
#15484=AXIS2_PLACEMENT_3D('',#22501,#18255,#18256);
#15485=AXIS2_PLACEMENT_3D('',#22505,#18259,#18260);
#15486=AXIS2_PLACEMENT_3D('',#22507,#18262,#18263);
#15487=AXIS2_PLACEMENT_3D('',#22508,#18264,#18265);
#15488=AXIS2_PLACEMENT_3D('',#22514,#18269,#18270);
#15489=AXIS2_PLACEMENT_3D('',#22518,#18273,#18274);
#15490=AXIS2_PLACEMENT_3D('',#22522,#18277,#18278);
#15491=AXIS2_PLACEMENT_3D('',#22524,#18280,#18281);
#15492=AXIS2_PLACEMENT_3D('',#22525,#18282,#18283);
#15493=AXIS2_PLACEMENT_3D('',#22531,#18287,#18288);
#15494=AXIS2_PLACEMENT_3D('',#22535,#18291,#18292);
#15495=AXIS2_PLACEMENT_3D('',#22539,#18295,#18296);
#15496=AXIS2_PLACEMENT_3D('',#22541,#18298,#18299);
#15497=AXIS2_PLACEMENT_3D('',#22542,#18300,#18301);
#15498=AXIS2_PLACEMENT_3D('',#22548,#18305,#18306);
#15499=AXIS2_PLACEMENT_3D('',#22552,#18309,#18310);
#15500=AXIS2_PLACEMENT_3D('',#22556,#18313,#18314);
#15501=AXIS2_PLACEMENT_3D('',#22558,#18316,#18317);
#15502=AXIS2_PLACEMENT_3D('',#22559,#18318,#18319);
#15503=AXIS2_PLACEMENT_3D('',#22565,#18323,#18324);
#15504=AXIS2_PLACEMENT_3D('',#22569,#18327,#18328);
#15505=AXIS2_PLACEMENT_3D('',#22573,#18331,#18332);
#15506=AXIS2_PLACEMENT_3D('',#22575,#18334,#18335);
#15507=AXIS2_PLACEMENT_3D('',#22576,#18336,#18337);
#15508=AXIS2_PLACEMENT_3D('',#22580,#18341,#18342);
#15509=AXIS2_PLACEMENT_3D('',#22582,#18344,#18345);
#15510=AXIS2_PLACEMENT_3D('',#22585,#18348,#18349);
#15511=AXIS2_PLACEMENT_3D('',#22592,#18354,#18355);
#15512=AXIS2_PLACEMENT_3D('',#22594,#18357,#18358);
#15513=AXIS2_PLACEMENT_3D('',#22596,#18360,#18361);
#15514=AXIS2_PLACEMENT_3D('',#22602,#18365,#18366);
#15515=AXIS2_PLACEMENT_3D('',#22606,#18369,#18370);
#15516=AXIS2_PLACEMENT_3D('',#22610,#18373,#18374);
#15517=AXIS2_PLACEMENT_3D('',#22612,#18376,#18377);
#15518=AXIS2_PLACEMENT_3D('',#22613,#18378,#18379);
#15519=AXIS2_PLACEMENT_3D('',#22619,#18383,#18384);
#15520=AXIS2_PLACEMENT_3D('',#22623,#18387,#18388);
#15521=AXIS2_PLACEMENT_3D('',#22627,#18391,#18392);
#15522=AXIS2_PLACEMENT_3D('',#22629,#18394,#18395);
#15523=AXIS2_PLACEMENT_3D('',#22630,#18396,#18397);
#15524=AXIS2_PLACEMENT_3D('',#22636,#18401,#18402);
#15525=AXIS2_PLACEMENT_3D('',#22640,#18405,#18406);
#15526=AXIS2_PLACEMENT_3D('',#22644,#18409,#18410);
#15527=AXIS2_PLACEMENT_3D('',#22646,#18412,#18413);
#15528=AXIS2_PLACEMENT_3D('',#22647,#18414,#18415);
#15529=AXIS2_PLACEMENT_3D('',#22653,#18419,#18420);
#15530=AXIS2_PLACEMENT_3D('',#22657,#18423,#18424);
#15531=AXIS2_PLACEMENT_3D('',#22661,#18427,#18428);
#15532=AXIS2_PLACEMENT_3D('',#22663,#18430,#18431);
#15533=AXIS2_PLACEMENT_3D('',#22664,#18432,#18433);
#15534=AXIS2_PLACEMENT_3D('',#22667,#18436,#18437);
#15535=AXIS2_PLACEMENT_3D('',#22668,#18438,#18439);
#15536=AXIS2_PLACEMENT_3D('',#22669,#18440,#18441);
#15537=AXIS2_PLACEMENT_3D('',#22670,#18442,#18443);
#15538=AXIS2_PLACEMENT_3D('',#22671,#18444,#18445);
#15539=AXIS2_PLACEMENT_3D('',#22672,#18446,#18447);
#15540=AXIS2_PLACEMENT_3D('',#22673,#18448,#18449);
#15541=AXIS2_PLACEMENT_3D('',#22674,#18450,#18451);
#15542=AXIS2_PLACEMENT_3D('',#22675,#18452,#18453);
#15543=AXIS2_PLACEMENT_3D('',#22676,#18454,#18455);
#15544=AXIS2_PLACEMENT_3D('',#22677,#18456,#18457);
#15545=AXIS2_PLACEMENT_3D('',#22678,#18458,#18459);
#15546=AXIS2_PLACEMENT_3D('',#22679,#18460,#18461);
#15547=AXIS2_PLACEMENT_3D('',#22680,#18462,#18463);
#15548=AXIS2_PLACEMENT_3D('',#22681,#18464,#18465);
#15549=AXIS2_PLACEMENT_3D('',#22682,#18466,#18467);
#15550=AXIS2_PLACEMENT_3D('',#22683,#18468,#18469);
#15551=AXIS2_PLACEMENT_3D('',#22684,#18470,#18471);
#15552=AXIS2_PLACEMENT_3D('',#22685,#18472,#18473);
#15553=AXIS2_PLACEMENT_3D('',#22686,#18474,#18475);
#15554=AXIS2_PLACEMENT_3D('',#22687,#18476,#18477);
#15555=AXIS2_PLACEMENT_3D('',#22688,#18478,#18479);
#15556=AXIS2_PLACEMENT_3D('',#22689,#18480,#18481);
#15557=AXIS2_PLACEMENT_3D('',#22690,#18482,#18483);
#15558=AXIS2_PLACEMENT_3D('',#22691,#18484,#18485);
#15559=AXIS2_PLACEMENT_3D('',#22692,#18486,#18487);
#15560=AXIS2_PLACEMENT_3D('',#22693,#18488,#18489);
#15561=AXIS2_PLACEMENT_3D('',#22694,#18490,#18491);
#15562=AXIS2_PLACEMENT_3D('',#22695,#18492,#18493);
#15563=AXIS2_PLACEMENT_3D('',#22696,#18494,#18495);
#15564=AXIS2_PLACEMENT_3D('',#22697,#18496,#18497);
#15565=AXIS2_PLACEMENT_3D('',#22698,#18498,#18499);
#15566=AXIS2_PLACEMENT_3D('',#22699,#18500,#18501);
#15567=AXIS2_PLACEMENT_3D('',#22700,#18502,#18503);
#15568=AXIS2_PLACEMENT_3D('',#22701,#18504,#18505);
#15569=AXIS2_PLACEMENT_3D('',#22702,#18506,#18507);
#15570=AXIS2_PLACEMENT_3D('',#22703,#18508,#18509);
#15571=AXIS2_PLACEMENT_3D('',#22704,#18510,#18511);
#15572=AXIS2_PLACEMENT_3D('',#22705,#18512,#18513);
#15573=AXIS2_PLACEMENT_3D('',#22706,#18514,#18515);
#15574=AXIS2_PLACEMENT_3D('',#22707,#18516,#18517);
#15575=AXIS2_PLACEMENT_3D('',#22708,#18518,#18519);
#15576=AXIS2_PLACEMENT_3D('',#22709,#18520,#18521);
#15577=AXIS2_PLACEMENT_3D('',#22710,#18522,#18523);
#15578=AXIS2_PLACEMENT_3D('',#22711,#18524,#18525);
#15579=AXIS2_PLACEMENT_3D('',#22712,#18526,#18527);
#15580=AXIS2_PLACEMENT_3D('',#22713,#18528,#18529);
#15581=AXIS2_PLACEMENT_3D('',#22714,#18530,#18531);
#15582=AXIS2_PLACEMENT_3D('',#22715,#18532,#18533);
#15583=AXIS2_PLACEMENT_3D('',#22716,#18534,#18535);
#15584=AXIS2_PLACEMENT_3D('',#22717,#18536,#18537);
#15585=AXIS2_PLACEMENT_3D('',#22718,#18538,#18539);
#15586=AXIS2_PLACEMENT_3D('',#22719,#18540,#18541);
#15587=AXIS2_PLACEMENT_3D('',#22720,#18542,#18543);
#15588=AXIS2_PLACEMENT_3D('',#22721,#18544,#18545);
#15589=AXIS2_PLACEMENT_3D('',#22722,#18546,#18547);
#15590=AXIS2_PLACEMENT_3D('',#22723,#18548,#18549);
#15591=AXIS2_PLACEMENT_3D('',#22724,#18550,#18551);
#15592=AXIS2_PLACEMENT_3D('',#22725,#18552,#18553);
#15593=AXIS2_PLACEMENT_3D('',#22726,#18554,#18555);
#15594=AXIS2_PLACEMENT_3D('',#22727,#18556,#18557);
#15595=AXIS2_PLACEMENT_3D('',#22728,#18558,#18559);
#15596=AXIS2_PLACEMENT_3D('',#22729,#18560,#18561);
#15597=AXIS2_PLACEMENT_3D('',#22730,#18562,#18563);
#15598=AXIS2_PLACEMENT_3D('',#22731,#18564,#18565);
#15599=AXIS2_PLACEMENT_3D('',#22732,#18566,#18567);
#15600=AXIS2_PLACEMENT_3D('',#22733,#18568,#18569);
#15601=AXIS2_PLACEMENT_3D('',#22734,#18570,#18571);
#15602=AXIS2_PLACEMENT_3D('',#22735,#18572,#18573);
#15603=AXIS2_PLACEMENT_3D('',#22736,#18574,#18575);
#15604=AXIS2_PLACEMENT_3D('',#22737,#18576,#18577);
#15605=AXIS2_PLACEMENT_3D('',#22738,#18578,#18579);
#15606=AXIS2_PLACEMENT_3D('',#22739,#18580,#18581);
#15607=AXIS2_PLACEMENT_3D('',#22740,#18582,#18583);
#15608=AXIS2_PLACEMENT_3D('',#22741,#18584,#18585);
#15609=AXIS2_PLACEMENT_3D('',#22742,#18586,#18587);
#15610=AXIS2_PLACEMENT_3D('',#22743,#18588,#18589);
#15611=AXIS2_PLACEMENT_3D('',#22744,#18590,#18591);
#15612=AXIS2_PLACEMENT_3D('',#22745,#18592,#18593);
#15613=AXIS2_PLACEMENT_3D('',#22746,#18594,#18595);
#15614=AXIS2_PLACEMENT_3D('',#22747,#18596,#18597);
#15615=AXIS2_PLACEMENT_3D('',#22748,#18598,#18599);
#15616=AXIS2_PLACEMENT_3D('',#22749,#18600,#18601);
#15617=AXIS2_PLACEMENT_3D('',#22750,#18602,#18603);
#15618=AXIS2_PLACEMENT_3D('',#22751,#18604,#18605);
#15619=AXIS2_PLACEMENT_3D('',#22752,#18606,#18607);
#15620=AXIS2_PLACEMENT_3D('',#22753,#18608,#18609);
#15621=AXIS2_PLACEMENT_3D('',#22754,#18610,#18611);
#15622=AXIS2_PLACEMENT_3D('',#22755,#18612,#18613);
#15623=AXIS2_PLACEMENT_3D('',#22756,#18614,#18615);
#15624=AXIS2_PLACEMENT_3D('',#22757,#18616,#18617);
#15625=AXIS2_PLACEMENT_3D('',#22758,#18618,#18619);
#15626=AXIS2_PLACEMENT_3D('',#22759,#18620,#18621);
#15627=AXIS2_PLACEMENT_3D('',#22760,#18622,#18623);
#15628=AXIS2_PLACEMENT_3D('',#22761,#18624,#18625);
#15629=AXIS2_PLACEMENT_3D('',#22762,#18626,#18627);
#15630=AXIS2_PLACEMENT_3D('',#22763,#18628,#18629);
#15631=AXIS2_PLACEMENT_3D('',#22764,#18630,#18631);
#15632=AXIS2_PLACEMENT_3D('',#22765,#18632,#18633);
#15633=AXIS2_PLACEMENT_3D('',#22766,#18634,#18635);
#15634=AXIS2_PLACEMENT_3D('',#22767,#18636,#18637);
#15635=AXIS2_PLACEMENT_3D('',#22768,#18638,#18639);
#15636=AXIS2_PLACEMENT_3D('',#22769,#18640,#18641);
#15637=AXIS2_PLACEMENT_3D('',#22770,#18642,#18643);
#15638=AXIS2_PLACEMENT_3D('',#22771,#18644,#18645);
#15639=AXIS2_PLACEMENT_3D('',#22772,#18646,#18647);
#15640=AXIS2_PLACEMENT_3D('',#22773,#18648,#18649);
#15641=AXIS2_PLACEMENT_3D('',#22774,#18650,#18651);
#15642=AXIS2_PLACEMENT_3D('',#22775,#18652,#18653);
#15643=AXIS2_PLACEMENT_3D('',#22776,#18654,#18655);
#15644=AXIS2_PLACEMENT_3D('',#22777,#18656,#18657);
#15645=AXIS2_PLACEMENT_3D('',#22778,#18658,#18659);
#15646=AXIS2_PLACEMENT_3D('',#22779,#18660,#18661);
#15647=AXIS2_PLACEMENT_3D('',#22780,#18662,#18663);
#15648=AXIS2_PLACEMENT_3D('',#22781,#18664,#18665);
#15649=AXIS2_PLACEMENT_3D('',#22782,#18666,#18667);
#15650=AXIS2_PLACEMENT_3D('',#22783,#18668,#18669);
#15651=AXIS2_PLACEMENT_3D('',#22784,#18670,#18671);
#15652=AXIS2_PLACEMENT_3D('',#22785,#18672,#18673);
#15653=AXIS2_PLACEMENT_3D('',#22786,#18674,#18675);
#15654=AXIS2_PLACEMENT_3D('',#22787,#18676,#18677);
#15655=AXIS2_PLACEMENT_3D('',#22788,#18678,#18679);
#15656=AXIS2_PLACEMENT_3D('',#22789,#18680,#18681);
#15657=AXIS2_PLACEMENT_3D('',#22790,#18682,#18683);
#15658=AXIS2_PLACEMENT_3D('',#22791,#18684,#18685);
#15659=AXIS2_PLACEMENT_3D('',#22792,#18686,#18687);
#15660=AXIS2_PLACEMENT_3D('',#22793,#18688,#18689);
#15661=AXIS2_PLACEMENT_3D('',#22794,#18690,#18691);
#15662=AXIS2_PLACEMENT_3D('',#22795,#18692,#18693);
#15663=AXIS2_PLACEMENT_3D('',#22796,#18694,#18695);
#15664=AXIS2_PLACEMENT_3D('',#22797,#18696,#18697);
#15665=AXIS2_PLACEMENT_3D('',#22798,#18698,#18699);
#15666=AXIS2_PLACEMENT_3D('',#22799,#18700,#18701);
#15667=AXIS2_PLACEMENT_3D('',#22800,#18702,#18703);
#15668=AXIS2_PLACEMENT_3D('',#22801,#18704,#18705);
#15669=AXIS2_PLACEMENT_3D('',#22802,#18706,#18707);
#15670=AXIS2_PLACEMENT_3D('',#22803,#18708,#18709);
#15671=AXIS2_PLACEMENT_3D('',#22804,#18710,#18711);
#15672=AXIS2_PLACEMENT_3D('',#22805,#18712,#18713);
#15673=AXIS2_PLACEMENT_3D('',#22806,#18714,#18715);
#15674=AXIS2_PLACEMENT_3D('',#22807,#18716,#18717);
#15675=AXIS2_PLACEMENT_3D('',#22808,#18718,#18719);
#15676=AXIS2_PLACEMENT_3D('',#22809,#18720,#18721);
#15677=AXIS2_PLACEMENT_3D('',#22810,#18722,#18723);
#15678=AXIS2_PLACEMENT_3D('',#22811,#18724,#18725);
#15679=AXIS2_PLACEMENT_3D('',#22812,#18726,#18727);
#15680=AXIS2_PLACEMENT_3D('',#22813,#18728,#18729);
#15681=AXIS2_PLACEMENT_3D('',#22814,#18730,#18731);
#15682=AXIS2_PLACEMENT_3D('',#22815,#18732,#18733);
#15683=AXIS2_PLACEMENT_3D('',#22816,#18734,#18735);
#15684=AXIS2_PLACEMENT_3D('',#22817,#18736,#18737);
#15685=AXIS2_PLACEMENT_3D('',#22826,#18742,#18743);
#15686=AXIS2_PLACEMENT_3D('',#22884,#18773,#18774);
#15687=AXIS2_PLACEMENT_3D('',#22890,#18778,#18779);
#15688=AXIS2_PLACEMENT_3D('',#22896,#18783,#18784);
#15689=AXIS2_PLACEMENT_3D('',#22902,#18788,#18789);
#15690=AXIS2_PLACEMENT_3D('',#22908,#18793,#18794);
#15691=AXIS2_PLACEMENT_3D('',#22914,#18798,#18799);
#15692=AXIS2_PLACEMENT_3D('',#22920,#18803,#18804);
#15693=AXIS2_PLACEMENT_3D('',#22926,#18808,#18809);
#15694=AXIS2_PLACEMENT_3D('',#22932,#18813,#18814);
#15695=AXIS2_PLACEMENT_3D('',#22941,#18819,#18820);
#15696=AXIS2_PLACEMENT_3D('',#22943,#18821,#18822);
#15697=AXIS2_PLACEMENT_3D('',#22945,#18823,#18824);
#15698=AXIS2_PLACEMENT_3D('',#22947,#18825,#18826);
#15699=AXIS2_PLACEMENT_3D('',#22949,#18827,#18828);
#15700=AXIS2_PLACEMENT_3D('',#22951,#18829,#18830);
#15701=AXIS2_PLACEMENT_3D('',#22953,#18831,#18832);
#15702=AXIS2_PLACEMENT_3D('',#22955,#18833,#18834);
#15703=AXIS2_PLACEMENT_3D('',#22957,#18835,#18836);
#15704=AXIS2_PLACEMENT_3D('',#22959,#18837,#18838);
#15705=AXIS2_PLACEMENT_3D('',#22961,#18839,#18840);
#15706=AXIS2_PLACEMENT_3D('',#22963,#18841,#18842);
#15707=AXIS2_PLACEMENT_3D('',#22965,#18843,#18844);
#15708=AXIS2_PLACEMENT_3D('',#22967,#18845,#18846);
#15709=AXIS2_PLACEMENT_3D('',#22969,#18847,#18848);
#15710=AXIS2_PLACEMENT_3D('',#22971,#18849,#18850);
#15711=AXIS2_PLACEMENT_3D('',#22973,#18851,#18852);
#15712=AXIS2_PLACEMENT_3D('',#22975,#18853,#18854);
#15713=AXIS2_PLACEMENT_3D('',#22977,#18855,#18856);
#15714=AXIS2_PLACEMENT_3D('',#22979,#18857,#18858);
#15715=AXIS2_PLACEMENT_3D('',#22981,#18859,#18860);
#15716=AXIS2_PLACEMENT_3D('',#22983,#18861,#18862);
#15717=AXIS2_PLACEMENT_3D('',#22985,#18863,#18864);
#15718=AXIS2_PLACEMENT_3D('',#22987,#18865,#18866);
#15719=AXIS2_PLACEMENT_3D('',#22989,#18867,#18868);
#15720=AXIS2_PLACEMENT_3D('',#22991,#18869,#18870);
#15721=AXIS2_PLACEMENT_3D('',#22993,#18871,#18872);
#15722=AXIS2_PLACEMENT_3D('',#22995,#18873,#18874);
#15723=AXIS2_PLACEMENT_3D('',#22997,#18875,#18876);
#15724=AXIS2_PLACEMENT_3D('',#22999,#18877,#18878);
#15725=AXIS2_PLACEMENT_3D('',#23001,#18879,#18880);
#15726=AXIS2_PLACEMENT_3D('',#23003,#18881,#18882);
#15727=AXIS2_PLACEMENT_3D('',#23005,#18883,#18884);
#15728=AXIS2_PLACEMENT_3D('',#23007,#18885,#18886);
#15729=AXIS2_PLACEMENT_3D('',#23009,#18887,#18888);
#15730=AXIS2_PLACEMENT_3D('',#23011,#18889,#18890);
#15731=AXIS2_PLACEMENT_3D('',#23013,#18891,#18892);
#15732=AXIS2_PLACEMENT_3D('',#23015,#18893,#18894);
#15733=AXIS2_PLACEMENT_3D('',#23017,#18895,#18896);
#15734=AXIS2_PLACEMENT_3D('',#23019,#18897,#18898);
#15735=AXIS2_PLACEMENT_3D('',#23021,#18899,#18900);
#15736=AXIS2_PLACEMENT_3D('',#23023,#18901,#18902);
#15737=AXIS2_PLACEMENT_3D('',#23025,#18903,#18904);
#15738=AXIS2_PLACEMENT_3D('',#23027,#18905,#18906);
#15739=AXIS2_PLACEMENT_3D('',#23029,#18907,#18908);
#15740=AXIS2_PLACEMENT_3D('',#23031,#18909,#18910);
#15741=AXIS2_PLACEMENT_3D('',#23033,#18911,#18912);
#15742=AXIS2_PLACEMENT_3D('',#23035,#18913,#18914);
#15743=AXIS2_PLACEMENT_3D('',#23037,#18915,#18916);
#15744=AXIS2_PLACEMENT_3D('',#23039,#18917,#18918);
#15745=AXIS2_PLACEMENT_3D('',#23041,#18919,#18920);
#15746=AXIS2_PLACEMENT_3D('',#23043,#18921,#18922);
#15747=AXIS2_PLACEMENT_3D('',#23045,#18923,#18924);
#15748=AXIS2_PLACEMENT_3D('',#23047,#18925,#18926);
#15749=AXIS2_PLACEMENT_3D('',#23049,#18927,#18928);
#15750=AXIS2_PLACEMENT_3D('',#23051,#18929,#18930);
#15751=AXIS2_PLACEMENT_3D('',#23053,#18931,#18932);
#15752=AXIS2_PLACEMENT_3D('',#23055,#18933,#18934);
#15753=AXIS2_PLACEMENT_3D('',#23057,#18935,#18936);
#15754=AXIS2_PLACEMENT_3D('',#23059,#18937,#18938);
#15755=AXIS2_PLACEMENT_3D('',#23061,#18939,#18940);
#15756=AXIS2_PLACEMENT_3D('',#23063,#18941,#18942);
#15757=AXIS2_PLACEMENT_3D('',#23065,#18943,#18944);
#15758=AXIS2_PLACEMENT_3D('',#23067,#18945,#18946);
#15759=AXIS2_PLACEMENT_3D('',#23069,#18947,#18948);
#15760=AXIS2_PLACEMENT_3D('',#23071,#18949,#18950);
#15761=AXIS2_PLACEMENT_3D('',#23073,#18951,#18952);
#15762=AXIS2_PLACEMENT_3D('',#23075,#18953,#18954);
#15763=AXIS2_PLACEMENT_3D('',#23077,#18955,#18956);
#15764=AXIS2_PLACEMENT_3D('',#23079,#18957,#18958);
#15765=AXIS2_PLACEMENT_3D('',#23081,#18959,#18960);
#15766=AXIS2_PLACEMENT_3D('',#23083,#18961,#18962);
#15767=AXIS2_PLACEMENT_3D('',#23085,#18963,#18964);
#15768=AXIS2_PLACEMENT_3D('',#23087,#18965,#18966);
#15769=AXIS2_PLACEMENT_3D('',#23089,#18967,#18968);
#15770=AXIS2_PLACEMENT_3D('',#23091,#18969,#18970);
#15771=AXIS2_PLACEMENT_3D('',#23093,#18971,#18972);
#15772=AXIS2_PLACEMENT_3D('',#23095,#18973,#18974);
#15773=AXIS2_PLACEMENT_3D('',#23097,#18975,#18976);
#15774=AXIS2_PLACEMENT_3D('',#23099,#18977,#18978);
#15775=AXIS2_PLACEMENT_3D('',#23101,#18979,#18980);
#15776=AXIS2_PLACEMENT_3D('',#23103,#18981,#18982);
#15777=AXIS2_PLACEMENT_3D('',#23105,#18983,#18984);
#15778=AXIS2_PLACEMENT_3D('',#23107,#18985,#18986);
#15779=AXIS2_PLACEMENT_3D('',#23109,#18987,#18988);
#15780=AXIS2_PLACEMENT_3D('',#23111,#18989,#18990);
#15781=AXIS2_PLACEMENT_3D('',#23113,#18991,#18992);
#15782=AXIS2_PLACEMENT_3D('',#23115,#18993,#18994);
#15783=AXIS2_PLACEMENT_3D('',#23117,#18995,#18996);
#15784=AXIS2_PLACEMENT_3D('',#23119,#18997,#18998);
#15785=AXIS2_PLACEMENT_3D('',#23121,#18999,#19000);
#15786=AXIS2_PLACEMENT_3D('',#23123,#19001,#19002);
#15787=AXIS2_PLACEMENT_3D('',#23125,#19003,#19004);
#15788=AXIS2_PLACEMENT_3D('',#23127,#19005,#19006);
#15789=AXIS2_PLACEMENT_3D('',#23129,#19007,#19008);
#15790=AXIS2_PLACEMENT_3D('',#23131,#19009,#19010);
#15791=AXIS2_PLACEMENT_3D('',#23133,#19011,#19012);
#15792=AXIS2_PLACEMENT_3D('',#23135,#19013,#19014);
#15793=AXIS2_PLACEMENT_3D('',#23137,#19015,#19016);
#15794=AXIS2_PLACEMENT_3D('',#23139,#19017,#19018);
#15795=AXIS2_PLACEMENT_3D('',#23141,#19019,#19020);
#15796=AXIS2_PLACEMENT_3D('',#23143,#19021,#19022);
#15797=AXIS2_PLACEMENT_3D('',#23145,#19023,#19024);
#15798=AXIS2_PLACEMENT_3D('',#23147,#19025,#19026);
#15799=AXIS2_PLACEMENT_3D('',#23149,#19027,#19028);
#15800=AXIS2_PLACEMENT_3D('',#23151,#19029,#19030);
#15801=AXIS2_PLACEMENT_3D('',#23153,#19031,#19032);
#15802=AXIS2_PLACEMENT_3D('',#23155,#19033,#19034);
#15803=AXIS2_PLACEMENT_3D('',#23157,#19035,#19036);
#15804=AXIS2_PLACEMENT_3D('',#23159,#19037,#19038);
#15805=AXIS2_PLACEMENT_3D('',#23161,#19039,#19040);
#15806=AXIS2_PLACEMENT_3D('',#23163,#19041,#19042);
#15807=AXIS2_PLACEMENT_3D('',#23165,#19043,#19044);
#15808=AXIS2_PLACEMENT_3D('',#23167,#19045,#19046);
#15809=AXIS2_PLACEMENT_3D('',#23169,#19047,#19048);
#15810=AXIS2_PLACEMENT_3D('',#23171,#19049,#19050);
#15811=AXIS2_PLACEMENT_3D('',#23173,#19051,#19052);
#15812=AXIS2_PLACEMENT_3D('',#23175,#19053,#19054);
#15813=AXIS2_PLACEMENT_3D('',#23177,#19055,#19056);
#15814=AXIS2_PLACEMENT_3D('',#23179,#19057,#19058);
#15815=AXIS2_PLACEMENT_3D('',#23181,#19059,#19060);
#15816=AXIS2_PLACEMENT_3D('',#23183,#19061,#19062);
#15817=AXIS2_PLACEMENT_3D('',#23185,#19063,#19064);
#15818=AXIS2_PLACEMENT_3D('',#23187,#19065,#19066);
#15819=AXIS2_PLACEMENT_3D('',#23189,#19067,#19068);
#15820=AXIS2_PLACEMENT_3D('',#23191,#19069,#19070);
#15821=AXIS2_PLACEMENT_3D('',#23193,#19071,#19072);
#15822=AXIS2_PLACEMENT_3D('',#23195,#19073,#19074);
#15823=AXIS2_PLACEMENT_3D('',#23218,#19086,#19087);
#15824=AXIS2_PLACEMENT_3D('',#23245,#19102,#19103);
#15825=AXIS2_PLACEMENT_3D('',#23252,#19108,#19109);
#15826=AXIS2_PLACEMENT_3D('',#23276,#19123,#19124);
#15827=AXIS2_PLACEMENT_3D('',#23282,#19128,#19129);
#15828=AXIS2_PLACEMENT_3D('',#23288,#19133,#19134);
#15829=AXIS2_PLACEMENT_3D('',#23289,#19135,#19136);
#15830=AXIS2_PLACEMENT_3D('',#23291,#19137,#19138);
#15831=AXIS2_PLACEMENT_3D('',#23293,#19139,#19140);
#15832=AXIS2_PLACEMENT_3D('',#23295,#19141,#19142);
#15833=AXIS2_PLACEMENT_3D('',#23297,#19143,#19144);
#15834=AXIS2_PLACEMENT_3D('',#23299,#19145,#19146);
#15835=AXIS2_PLACEMENT_3D('',#23301,#19147,#19148);
#15836=AXIS2_PLACEMENT_3D('',#23303,#19149,#19150);
#15837=AXIS2_PLACEMENT_3D('',#23305,#19151,#19152);
#15838=AXIS2_PLACEMENT_3D('',#23307,#19153,#19154);
#15839=AXIS2_PLACEMENT_3D('',#23309,#19155,#19156);
#15840=AXIS2_PLACEMENT_3D('',#23311,#19157,#19158);
#15841=AXIS2_PLACEMENT_3D('',#23313,#19159,#19160);
#15842=AXIS2_PLACEMENT_3D('',#23315,#19161,#19162);
#15843=AXIS2_PLACEMENT_3D('',#23317,#19163,#19164);
#15844=AXIS2_PLACEMENT_3D('',#23319,#19165,#19166);
#15845=AXIS2_PLACEMENT_3D('',#23321,#19167,#19168);
#15846=AXIS2_PLACEMENT_3D('',#23323,#19169,#19170);
#15847=AXIS2_PLACEMENT_3D('',#23325,#19171,#19172);
#15848=AXIS2_PLACEMENT_3D('',#23327,#19173,#19174);
#15849=AXIS2_PLACEMENT_3D('',#23329,#19175,#19176);
#15850=AXIS2_PLACEMENT_3D('',#23331,#19177,#19178);
#15851=AXIS2_PLACEMENT_3D('',#23333,#19179,#19180);
#15852=AXIS2_PLACEMENT_3D('',#23335,#19181,#19182);
#15853=AXIS2_PLACEMENT_3D('',#23337,#19183,#19184);
#15854=AXIS2_PLACEMENT_3D('',#23339,#19185,#19186);
#15855=AXIS2_PLACEMENT_3D('',#23341,#19187,#19188);
#15856=AXIS2_PLACEMENT_3D('',#23343,#19189,#19190);
#15857=AXIS2_PLACEMENT_3D('',#23345,#19191,#19192);
#15858=AXIS2_PLACEMENT_3D('',#23347,#19193,#19194);
#15859=AXIS2_PLACEMENT_3D('',#23349,#19195,#19196);
#15860=AXIS2_PLACEMENT_3D('',#23351,#19197,#19198);
#15861=AXIS2_PLACEMENT_3D('',#23354,#19200,#19201);
#15862=AXIS2_PLACEMENT_3D('',#23360,#19205,#19206);
#15863=AXIS2_PLACEMENT_3D('',#23361,#19207,#19208);
#15864=AXIS2_PLACEMENT_3D('',#23363,#19209,#19210);
#15865=AXIS2_PLACEMENT_3D('',#23365,#19211,#19212);
#15866=AXIS2_PLACEMENT_3D('',#23367,#19213,#19214);
#15867=AXIS2_PLACEMENT_3D('',#23369,#19215,#19216);
#15868=AXIS2_PLACEMENT_3D('',#23371,#19217,#19218);
#15869=AXIS2_PLACEMENT_3D('',#23373,#19219,#19220);
#15870=AXIS2_PLACEMENT_3D('',#23375,#19221,#19222);
#15871=AXIS2_PLACEMENT_3D('',#23377,#19223,#19224);
#15872=AXIS2_PLACEMENT_3D('',#23379,#19225,#19226);
#15873=AXIS2_PLACEMENT_3D('',#23381,#19227,#19228);
#15874=AXIS2_PLACEMENT_3D('',#23383,#19229,#19230);
#15875=AXIS2_PLACEMENT_3D('',#23385,#19231,#19232);
#15876=AXIS2_PLACEMENT_3D('',#23387,#19233,#19234);
#15877=AXIS2_PLACEMENT_3D('',#23389,#19235,#19236);
#15878=AXIS2_PLACEMENT_3D('',#23391,#19237,#19238);
#15879=AXIS2_PLACEMENT_3D('',#23393,#19239,#19240);
#15880=AXIS2_PLACEMENT_3D('',#23395,#19241,#19242);
#15881=AXIS2_PLACEMENT_3D('',#23397,#19243,#19244);
#15882=AXIS2_PLACEMENT_3D('',#23399,#19245,#19246);
#15883=AXIS2_PLACEMENT_3D('',#23401,#19247,#19248);
#15884=AXIS2_PLACEMENT_3D('',#23403,#19249,#19250);
#15885=AXIS2_PLACEMENT_3D('',#23405,#19251,#19252);
#15886=AXIS2_PLACEMENT_3D('',#23407,#19253,#19254);
#15887=AXIS2_PLACEMENT_3D('',#23409,#19255,#19256);
#15888=AXIS2_PLACEMENT_3D('',#23411,#19257,#19258);
#15889=AXIS2_PLACEMENT_3D('',#23413,#19259,#19260);
#15890=AXIS2_PLACEMENT_3D('',#23415,#19261,#19262);
#15891=AXIS2_PLACEMENT_3D('',#23417,#19263,#19264);
#15892=AXIS2_PLACEMENT_3D('',#23419,#19265,#19266);
#15893=AXIS2_PLACEMENT_3D('',#23421,#19267,#19268);
#15894=AXIS2_PLACEMENT_3D('',#23423,#19269,#19270);
#15895=AXIS2_PLACEMENT_3D('',#23428,#19273,#19274);
#15896=AXIS2_PLACEMENT_3D('',#23429,#19275,#19276);
#15897=AXIS2_PLACEMENT_3D('',#23431,#19277,#19278);
#15898=AXIS2_PLACEMENT_3D('',#23433,#19279,#19280);
#15899=AXIS2_PLACEMENT_3D('',#23435,#19281,#19282);
#15900=AXIS2_PLACEMENT_3D('',#23437,#19283,#19284);
#15901=AXIS2_PLACEMENT_3D('',#23439,#19285,#19286);
#15902=AXIS2_PLACEMENT_3D('',#23441,#19287,#19288);
#15903=AXIS2_PLACEMENT_3D('',#23443,#19289,#19290);
#15904=AXIS2_PLACEMENT_3D('',#23445,#19291,#19292);
#15905=AXIS2_PLACEMENT_3D('',#23447,#19293,#19294);
#15906=AXIS2_PLACEMENT_3D('',#23449,#19295,#19296);
#15907=AXIS2_PLACEMENT_3D('',#23451,#19297,#19298);
#15908=AXIS2_PLACEMENT_3D('',#23453,#19299,#19300);
#15909=AXIS2_PLACEMENT_3D('',#23455,#19301,#19302);
#15910=AXIS2_PLACEMENT_3D('',#23457,#19303,#19304);
#15911=AXIS2_PLACEMENT_3D('',#23459,#19305,#19306);
#15912=AXIS2_PLACEMENT_3D('',#23461,#19307,#19308);
#15913=AXIS2_PLACEMENT_3D('',#23463,#19309,#19310);
#15914=AXIS2_PLACEMENT_3D('',#23465,#19311,#19312);
#15915=AXIS2_PLACEMENT_3D('',#23467,#19313,#19314);
#15916=AXIS2_PLACEMENT_3D('',#23469,#19315,#19316);
#15917=AXIS2_PLACEMENT_3D('',#23471,#19317,#19318);
#15918=AXIS2_PLACEMENT_3D('',#23473,#19319,#19320);
#15919=AXIS2_PLACEMENT_3D('',#23475,#19321,#19322);
#15920=AXIS2_PLACEMENT_3D('',#23477,#19323,#19324);
#15921=AXIS2_PLACEMENT_3D('',#23479,#19325,#19326);
#15922=AXIS2_PLACEMENT_3D('',#23481,#19327,#19328);
#15923=AXIS2_PLACEMENT_3D('',#23483,#19329,#19330);
#15924=AXIS2_PLACEMENT_3D('',#23485,#19331,#19332);
#15925=AXIS2_PLACEMENT_3D('',#23487,#19333,#19334);
#15926=AXIS2_PLACEMENT_3D('',#23489,#19335,#19336);
#15927=AXIS2_PLACEMENT_3D('',#23491,#19337,#19338);
#15928=AXIS2_PLACEMENT_3D('',#23494,#19340,#19341);
#15929=AXIS2_PLACEMENT_3D('',#23496,#19343,#19344);
#15930=AXIS2_PLACEMENT_3D('',#23497,#19345,#19346);
#15931=AXIS2_PLACEMENT_3D('',#23499,#19347,#19348);
#15932=AXIS2_PLACEMENT_3D('',#23501,#19349,#19350);
#15933=AXIS2_PLACEMENT_3D('',#23503,#19351,#19352);
#15934=AXIS2_PLACEMENT_3D('',#23505,#19353,#19354);
#15935=AXIS2_PLACEMENT_3D('',#23507,#19355,#19356);
#15936=AXIS2_PLACEMENT_3D('',#23509,#19357,#19358);
#15937=AXIS2_PLACEMENT_3D('',#23511,#19359,#19360);
#15938=AXIS2_PLACEMENT_3D('',#23513,#19361,#19362);
#15939=AXIS2_PLACEMENT_3D('',#23515,#19363,#19364);
#15940=AXIS2_PLACEMENT_3D('',#23517,#19365,#19366);
#15941=AXIS2_PLACEMENT_3D('',#23519,#19367,#19368);
#15942=AXIS2_PLACEMENT_3D('',#23521,#19369,#19370);
#15943=AXIS2_PLACEMENT_3D('',#23523,#19371,#19372);
#15944=AXIS2_PLACEMENT_3D('',#23525,#19373,#19374);
#15945=AXIS2_PLACEMENT_3D('',#23527,#19375,#19376);
#15946=AXIS2_PLACEMENT_3D('',#23529,#19377,#19378);
#15947=AXIS2_PLACEMENT_3D('',#23531,#19379,#19380);
#15948=AXIS2_PLACEMENT_3D('',#23533,#19381,#19382);
#15949=AXIS2_PLACEMENT_3D('',#23535,#19383,#19384);
#15950=AXIS2_PLACEMENT_3D('',#23537,#19385,#19386);
#15951=AXIS2_PLACEMENT_3D('',#23539,#19387,#19388);
#15952=AXIS2_PLACEMENT_3D('',#23541,#19389,#19390);
#15953=AXIS2_PLACEMENT_3D('',#23543,#19391,#19392);
#15954=AXIS2_PLACEMENT_3D('',#23545,#19393,#19394);
#15955=AXIS2_PLACEMENT_3D('',#23547,#19395,#19396);
#15956=AXIS2_PLACEMENT_3D('',#23549,#19397,#19398);
#15957=AXIS2_PLACEMENT_3D('',#23551,#19399,#19400);
#15958=AXIS2_PLACEMENT_3D('',#23553,#19401,#19402);
#15959=AXIS2_PLACEMENT_3D('',#23555,#19403,#19404);
#15960=AXIS2_PLACEMENT_3D('',#23557,#19405,#19406);
#15961=AXIS2_PLACEMENT_3D('',#23559,#19407,#19408);
#15962=AXIS2_PLACEMENT_3D('',#23562,#19410,#19411);
#15963=AXIS2_PLACEMENT_3D('',#23568,#19415,#19416);
#15964=AXIS2_PLACEMENT_3D('',#23571,#19419,#19420);
#15965=AXIS2_PLACEMENT_3D('',#23574,#19423,#19424);
#15966=AXIS2_PLACEMENT_3D('',#23575,#19425,#19426);
#15967=AXIS2_PLACEMENT_3D('',#23577,#19428,#19429);
#15968=AXIS2_PLACEMENT_3D('',#23580,#19432,#19433);
#15969=AXIS2_PLACEMENT_3D('',#23582,#19435,#19436);
#15970=AXIS2_PLACEMENT_3D('',#23584,#19438,#19439);
#15971=AXIS2_PLACEMENT_3D('',#23585,#19440,#19441);
#15972=AXIS2_PLACEMENT_3D('',#23586,#19442,#19443);
#15973=AXIS2_PLACEMENT_3D('',#23587,#19444,#19445);
#15974=AXIS2_PLACEMENT_3D('',#23588,#19446,#19447);
#15975=AXIS2_PLACEMENT_3D('',#23589,#19448,#19449);
#15976=AXIS2_PLACEMENT_3D('',#23590,#19450,#19451);
#15977=AXIS2_PLACEMENT_3D('',#23591,#19452,#19453);
#15978=AXIS2_PLACEMENT_3D('',#23592,#19454,#19455);
#15979=AXIS2_PLACEMENT_3D('',#23593,#19456,#19457);
#15980=AXIS2_PLACEMENT_3D('',#23594,#19458,#19459);
#15981=AXIS2_PLACEMENT_3D('',#23595,#19460,#19461);
#15982=AXIS2_PLACEMENT_3D('',#23596,#19462,#19463);
#15983=AXIS2_PLACEMENT_3D('',#23597,#19464,#19465);
#15984=AXIS2_PLACEMENT_3D('',#23598,#19466,#19467);
#15985=AXIS2_PLACEMENT_3D('',#23599,#19468,#19469);
#15986=AXIS2_PLACEMENT_3D('',#23600,#19470,#19471);
#15987=AXIS2_PLACEMENT_3D('',#23601,#19472,#19473);
#15988=AXIS2_PLACEMENT_3D('',#23602,#19474,#19475);
#15989=AXIS2_PLACEMENT_3D('',#23603,#19476,#19477);
#15990=AXIS2_PLACEMENT_3D('',#23604,#19478,#19479);
#15991=AXIS2_PLACEMENT_3D('',#23605,#19480,#19481);
#15992=AXIS2_PLACEMENT_3D('',#23606,#19482,#19483);
#15993=AXIS2_PLACEMENT_3D('',#23607,#19484,#19485);
#15994=AXIS2_PLACEMENT_3D('',#23608,#19486,#19487);
#15995=AXIS2_PLACEMENT_3D('',#23609,#19488,#19489);
#15996=AXIS2_PLACEMENT_3D('',#23610,#19490,#19491);
#15997=AXIS2_PLACEMENT_3D('',#23611,#19492,#19493);
#15998=AXIS2_PLACEMENT_3D('',#23612,#19494,#19495);
#15999=AXIS2_PLACEMENT_3D('',#23613,#19496,#19497);
#16000=AXIS2_PLACEMENT_3D('',#23614,#19498,#19499);
#16001=AXIS2_PLACEMENT_3D('',#23615,#19500,#19501);
#16002=AXIS2_PLACEMENT_3D('',#23616,#19502,#19503);
#16003=AXIS2_PLACEMENT_3D('',#23617,#19504,#19505);
#16004=AXIS2_PLACEMENT_3D('',#23618,#19506,#19507);
#16005=AXIS2_PLACEMENT_3D('',#23619,#19508,#19509);
#16006=AXIS2_PLACEMENT_3D('',#23620,#19510,#19511);
#16007=AXIS2_PLACEMENT_3D('',#23621,#19512,#19513);
#16008=AXIS2_PLACEMENT_3D('',#23622,#19514,#19515);
#16009=AXIS2_PLACEMENT_3D('',#23623,#19516,#19517);
#16010=AXIS2_PLACEMENT_3D('',#23624,#19518,#19519);
#16011=AXIS2_PLACEMENT_3D('',#23625,#19520,#19521);
#16012=AXIS2_PLACEMENT_3D('',#23626,#19522,#19523);
#16013=AXIS2_PLACEMENT_3D('',#23627,#19524,#19525);
#16014=AXIS2_PLACEMENT_3D('',#23628,#19526,#19527);
#16015=AXIS2_PLACEMENT_3D('',#23629,#19528,#19529);
#16016=AXIS2_PLACEMENT_3D('',#23630,#19530,#19531);
#16017=AXIS2_PLACEMENT_3D('',#23631,#19532,#19533);
#16018=AXIS2_PLACEMENT_3D('',#23632,#19534,#19535);
#16019=AXIS2_PLACEMENT_3D('',#23633,#19536,#19537);
#16020=AXIS2_PLACEMENT_3D('',#23634,#19538,#19539);
#16021=AXIS2_PLACEMENT_3D('',#23635,#19540,#19541);
#16022=AXIS2_PLACEMENT_3D('',#23636,#19542,#19543);
#16023=AXIS2_PLACEMENT_3D('',#23637,#19544,#19545);
#16024=AXIS2_PLACEMENT_3D('',#23638,#19546,#19547);
#16025=AXIS2_PLACEMENT_3D('',#23639,#19548,#19549);
#16026=AXIS2_PLACEMENT_3D('',#23640,#19550,#19551);
#16027=AXIS2_PLACEMENT_3D('',#23641,#19552,#19553);
#16028=AXIS2_PLACEMENT_3D('',#23642,#19554,#19555);
#16029=AXIS2_PLACEMENT_3D('',#23643,#19556,#19557);
#16030=AXIS2_PLACEMENT_3D('',#23644,#19558,#19559);
#16031=AXIS2_PLACEMENT_3D('',#23645,#19560,#19561);
#16032=AXIS2_PLACEMENT_3D('',#23646,#19562,#19563);
#16033=AXIS2_PLACEMENT_3D('',#23647,#19564,#19565);
#16034=AXIS2_PLACEMENT_3D('',#23648,#19566,#19567);
#16035=AXIS2_PLACEMENT_3D('',#23649,#19568,#19569);
#16036=AXIS2_PLACEMENT_3D('',#23650,#19570,#19571);
#16037=AXIS2_PLACEMENT_3D('',#23651,#19572,#19573);
#16038=AXIS2_PLACEMENT_3D('',#23652,#19574,#19575);
#16039=AXIS2_PLACEMENT_3D('',#23653,#19576,#19577);
#16040=AXIS2_PLACEMENT_3D('',#23654,#19578,#19579);
#16041=AXIS2_PLACEMENT_3D('',#23655,#19580,#19581);
#16042=AXIS2_PLACEMENT_3D('',#23656,#19582,#19583);
#16043=AXIS2_PLACEMENT_3D('',#23657,#19584,#19585);
#16044=AXIS2_PLACEMENT_3D('',#23658,#19586,#19587);
#16045=AXIS2_PLACEMENT_3D('',#23659,#19588,#19589);
#16046=AXIS2_PLACEMENT_3D('',#23660,#19590,#19591);
#16047=AXIS2_PLACEMENT_3D('',#23661,#19592,#19593);
#16048=AXIS2_PLACEMENT_3D('',#23662,#19594,#19595);
#16049=AXIS2_PLACEMENT_3D('',#23663,#19596,#19597);
#16050=AXIS2_PLACEMENT_3D('',#23664,#19598,#19599);
#16051=AXIS2_PLACEMENT_3D('',#23665,#19600,#19601);
#16052=AXIS2_PLACEMENT_3D('',#23666,#19602,#19603);
#16053=AXIS2_PLACEMENT_3D('',#23667,#19604,#19605);
#16054=AXIS2_PLACEMENT_3D('',#23668,#19606,#19607);
#16055=AXIS2_PLACEMENT_3D('',#23669,#19608,#19609);
#16056=AXIS2_PLACEMENT_3D('',#23670,#19610,#19611);
#16057=AXIS2_PLACEMENT_3D('',#23671,#19612,#19613);
#16058=AXIS2_PLACEMENT_3D('',#23672,#19614,#19615);
#16059=AXIS2_PLACEMENT_3D('',#23673,#19616,#19617);
#16060=AXIS2_PLACEMENT_3D('',#23674,#19618,#19619);
#16061=AXIS2_PLACEMENT_3D('',#23675,#19620,#19621);
#16062=AXIS2_PLACEMENT_3D('',#23676,#19622,#19623);
#16063=AXIS2_PLACEMENT_3D('',#23677,#19624,#19625);
#16064=AXIS2_PLACEMENT_3D('',#23678,#19626,#19627);
#16065=AXIS2_PLACEMENT_3D('',#23679,#19628,#19629);
#16066=AXIS2_PLACEMENT_3D('',#23680,#19630,#19631);
#16067=AXIS2_PLACEMENT_3D('',#23681,#19632,#19633);
#16068=AXIS2_PLACEMENT_3D('',#23682,#19634,#19635);
#16069=AXIS2_PLACEMENT_3D('',#23683,#19636,#19637);
#16070=AXIS2_PLACEMENT_3D('',#23684,#19638,#19639);
#16071=AXIS2_PLACEMENT_3D('',#23685,#19640,#19641);
#16072=AXIS2_PLACEMENT_3D('',#23686,#19642,#19643);
#16073=AXIS2_PLACEMENT_3D('',#23687,#19644,#19645);
#16074=AXIS2_PLACEMENT_3D('',#23688,#19646,#19647);
#16075=AXIS2_PLACEMENT_3D('',#23689,#19648,#19649);
#16076=AXIS2_PLACEMENT_3D('',#23690,#19650,#19651);
#16077=AXIS2_PLACEMENT_3D('',#23691,#19652,#19653);
#16078=AXIS2_PLACEMENT_3D('',#23692,#19654,#19655);
#16079=AXIS2_PLACEMENT_3D('',#23693,#19656,#19657);
#16080=AXIS2_PLACEMENT_3D('',#23694,#19658,#19659);
#16081=AXIS2_PLACEMENT_3D('',#23695,#19660,#19661);
#16082=AXIS2_PLACEMENT_3D('',#23696,#19662,#19663);
#16083=AXIS2_PLACEMENT_3D('',#23697,#19664,#19665);
#16084=AXIS2_PLACEMENT_3D('',#23698,#19666,#19667);
#16085=AXIS2_PLACEMENT_3D('',#23699,#19668,#19669);
#16086=AXIS2_PLACEMENT_3D('',#23700,#19670,#19671);
#16087=AXIS2_PLACEMENT_3D('',#23701,#19672,#19673);
#16088=AXIS2_PLACEMENT_3D('',#23702,#19674,#19675);
#16089=AXIS2_PLACEMENT_3D('',#23703,#19676,#19677);
#16090=AXIS2_PLACEMENT_3D('',#23704,#19678,#19679);
#16091=AXIS2_PLACEMENT_3D('',#23705,#19680,#19681);
#16092=AXIS2_PLACEMENT_3D('',#23706,#19682,#19683);
#16093=AXIS2_PLACEMENT_3D('',#23707,#19684,#19685);
#16094=AXIS2_PLACEMENT_3D('',#23708,#19686,#19687);
#16095=AXIS2_PLACEMENT_3D('',#23709,#19688,#19689);
#16096=AXIS2_PLACEMENT_3D('',#23710,#19690,#19691);
#16097=AXIS2_PLACEMENT_3D('',#23711,#19692,#19693);
#16098=AXIS2_PLACEMENT_3D('',#23712,#19694,#19695);
#16099=AXIS2_PLACEMENT_3D('',#23713,#19696,#19697);
#16100=AXIS2_PLACEMENT_3D('',#23728,#19709,#19710);
#16101=AXIS2_PLACEMENT_3D('',#23729,#19711,#19712);
#16102=AXIS2_PLACEMENT_3D('',#23730,#19713,#19714);
#16103=AXIS2_PLACEMENT_3D('',#23733,#19717,#19718);
#16104=AXIS2_PLACEMENT_3D('',#23735,#19720,#19721);
#16105=AXIS2_PLACEMENT_3D('',#23737,#19723,#19724);
#16106=AXIS2_PLACEMENT_3D('',#23739,#19726,#19727);
#16107=AXIS2_PLACEMENT_3D('',#23740,#19728,#19729);
#16108=AXIS2_PLACEMENT_3D('',#23741,#19730,#19731);
#16109=AXIS2_PLACEMENT_3D('',#23743,#19733,#19734);
#16110=AXIS2_PLACEMENT_3D('',#23744,#19735,#19736);
#16111=AXIS2_PLACEMENT_3D('',#23746,#19738,#19739);
#16112=AXIS2_PLACEMENT_3D('',#23748,#19741,#19742);
#16113=AXIS2_PLACEMENT_3D('',#23749,#19743,#19744);
#16114=AXIS2_PLACEMENT_3D('',#23751,#19746,#19747);
#16115=AXIS2_PLACEMENT_3D('',#23752,#19748,#19749);
#16116=AXIS2_PLACEMENT_3D('',#23753,#19750,#19751);
#16117=AXIS2_PLACEMENT_3D('',#23754,#19752,#19753);
#16118=AXIS2_PLACEMENT_3D('',#23755,#19754,#19755);
#16119=AXIS2_PLACEMENT_3D('',#23756,#19756,#19757);
#16120=AXIS2_PLACEMENT_3D('',#23757,#19758,#19759);
#16121=AXIS2_PLACEMENT_3D('',#23766,#19764,#19765);
#16122=AXIS2_PLACEMENT_3D('',#23775,#19770,#19771);
#16123=AXIS2_PLACEMENT_3D('',#23792,#19780,#19781);
#16124=AXIS2_PLACEMENT_3D('',#23809,#19790,#19791);
#16125=AXIS2_PLACEMENT_3D('',#23815,#19795,#19796);
#16126=AXIS2_PLACEMENT_3D('',#23821,#19800,#19801);
#16127=AXIS2_PLACEMENT_3D('',#23830,#19807,#19808);
#16128=AXIS2_PLACEMENT_3D('',#23839,#19814,#19815);
#16129=AXIS2_PLACEMENT_3D('',#23858,#19828,#19829);
#16130=AXIS2_PLACEMENT_3D('',#23860,#19831,#19832);
#16131=AXIS2_PLACEMENT_3D('',#23862,#19834,#19835);
#16132=AXIS2_PLACEMENT_3D('',#23863,#19836,#19837);
#16133=AXIS2_PLACEMENT_3D('',#23866,#19840,#19841);
#16134=AXIS2_PLACEMENT_3D('',#23869,#19844,#19845);
#16135=AXIS2_PLACEMENT_3D('',#23871,#19847,#19848);
#16136=AXIS2_PLACEMENT_3D('',#23873,#19850,#19851);
#16137=AXIS2_PLACEMENT_3D('',#23874,#19852,#19853);
#16138=AXIS2_PLACEMENT_3D('',#23875,#19854,#19855);
#16139=AXIS2_PLACEMENT_3D('',#23876,#19856,#19857);
#16140=AXIS2_PLACEMENT_3D('',#23877,#19858,#19859);
#16141=AXIS2_PLACEMENT_3D('',#23878,#19860,#19861);
#16142=AXIS2_PLACEMENT_3D('',#23879,#19862,#19863);
#16143=AXIS2_PLACEMENT_3D('',#23880,#19864,#19865);
#16144=AXIS2_PLACEMENT_3D('',#23881,#19866,#19867);
#16145=AXIS2_PLACEMENT_3D('',#23882,#19868,#19869);
#16146=DIRECTION('',(0.,0.,1.));
#16147=DIRECTION('',(1.,0.,0.));
#16148=DIRECTION('',(2.08166817117217E-16,1.,0.));
#16149=DIRECTION('',(1.,0.,0.));
#16150=DIRECTION('',(0.,1.,0.));
#16151=DIRECTION('',(1.,0.,0.));
#16152=DIRECTION('',(0.,0.,1.));
#16153=DIRECTION('',(1.,0.,0.));
#16154=DIRECTION('',(0.,-1.,0.));
#16155=DIRECTION('',(1.,0.,0.));
#16156=DIRECTION('',(0.,-1.,0.));
#16157=DIRECTION('',(1.,0.,0.));
#16158=DIRECTION('',(0.,0.,1.));
#16159=DIRECTION('',(1.,0.,0.));
#16160=DIRECTION('',(0.,0.,-1.));
#16161=DIRECTION('',(0.,1.,0.));
#16162=DIRECTION('',(0.,0.,-1.));
#16163=DIRECTION('',(1.,0.,0.));
#16164=DIRECTION('',(0.,0.,-1.));
#16165=DIRECTION('',(0.,1.,0.));
#16166=DIRECTION('',(0.,0.,-1.));
#16167=DIRECTION('',(0.,0.,-1.));
#16168=DIRECTION('',(-1.,2.08166817117217E-16,0.));
#16169=DIRECTION('',(-2.08166817117217E-16,-1.,0.));
#16170=DIRECTION('',(0.,0.,-1.));
#16171=DIRECTION('',(0.,1.,0.));
#16172=DIRECTION('',(0.,0.,-1.));
#16173=DIRECTION('',(-1.,0.,0.));
#16174=DIRECTION('',(0.,0.,1.));
#16175=DIRECTION('',(0.,1.,0.));
#16176=DIRECTION('',(0.,0.,-1.));
#16177=DIRECTION('',(2.08166817117217E-16,1.,0.));
#16178=DIRECTION('',(0.,0.,-1.));
#16179=DIRECTION('',(-1.,2.08166817117217E-16,0.));
#16180=DIRECTION('',(-2.08166817117217E-16,-1.,0.));
#16181=DIRECTION('',(0.,0.,-1.));
#16182=DIRECTION('',(0.,1.,0.));
#16183=DIRECTION('',(0.,0.,-1.));
#16184=DIRECTION('',(0.,1.,0.));
#16185=DIRECTION('',(-1.,0.,0.));
#16186=DIRECTION('',(0.,0.,1.));
#16187=DIRECTION('',(-1.,0.,0.));
#16188=DIRECTION('',(1.,0.,0.));
#16189=DIRECTION('',(0.,0.,1.));
#16190=DIRECTION('',(1.,0.,0.));
#16191=DIRECTION('',(0.,1.,0.));
#16192=DIRECTION('',(0.,0.,-1.));
#16193=DIRECTION('',(2.08166817117217E-16,1.,0.));
#16194=DIRECTION('',(0.,0.,-1.));
#16195=DIRECTION('',(-1.,2.08166817117217E-16,0.));
#16196=DIRECTION('',(-2.08166817117217E-16,-1.,0.));
#16197=DIRECTION('',(0.,0.,-1.));
#16198=DIRECTION('',(0.,1.,0.));
#16199=DIRECTION('',(0.,0.,-1.));
#16200=DIRECTION('',(0.,1.,0.));
#16201=DIRECTION('',(-1.,0.,0.));
#16202=DIRECTION('',(0.,0.,1.));
#16203=DIRECTION('',(-1.,0.,0.));
#16204=DIRECTION('',(1.,0.,0.));
#16205=DIRECTION('',(0.,0.,1.));
#16206=DIRECTION('',(1.,0.,0.));
#16207=DIRECTION('',(0.,1.,0.));
#16208=DIRECTION('',(0.,0.,-1.));
#16209=DIRECTION('',(2.08166817117217E-16,1.,0.));
#16210=DIRECTION('',(0.,0.,-1.));
#16211=DIRECTION('',(-1.,2.08166817117217E-16,0.));
#16212=DIRECTION('',(-2.08166817117217E-16,-1.,0.));
#16213=DIRECTION('',(0.,0.,-1.));
#16214=DIRECTION('',(0.,1.,0.));
#16215=DIRECTION('',(0.,0.,-1.));
#16216=DIRECTION('',(0.,1.,0.));
#16217=DIRECTION('',(-1.,0.,0.));
#16218=DIRECTION('',(0.,0.,1.));
#16219=DIRECTION('',(-1.,0.,0.));
#16220=DIRECTION('',(1.,0.,0.));
#16221=DIRECTION('',(0.,0.,1.));
#16222=DIRECTION('',(1.,0.,0.));
#16223=DIRECTION('',(0.,1.,0.));
#16224=DIRECTION('',(0.,0.,-1.));
#16225=DIRECTION('',(2.08166817117217E-16,1.,0.));
#16226=DIRECTION('',(0.,0.,-1.));
#16227=DIRECTION('',(-1.,2.08166817117217E-16,0.));
#16228=DIRECTION('',(-2.08166817117217E-16,-1.,0.));
#16229=DIRECTION('',(0.,0.,-1.));
#16230=DIRECTION('',(0.,1.,0.));
#16231=DIRECTION('',(0.,0.,-1.));
#16232=DIRECTION('',(0.,1.,0.));
#16233=DIRECTION('',(-1.,0.,0.));
#16234=DIRECTION('',(0.,0.,1.));
#16235=DIRECTION('',(-1.,0.,0.));
#16236=DIRECTION('',(1.,0.,0.));
#16237=DIRECTION('',(0.,0.,1.));
#16238=DIRECTION('',(1.,0.,0.));
#16239=DIRECTION('',(0.,1.,0.));
#16240=DIRECTION('',(0.,0.,-1.));
#16241=DIRECTION('',(2.08166817117217E-16,1.,0.));
#16242=DIRECTION('',(0.,0.,-1.));
#16243=DIRECTION('',(-1.,2.08166817117217E-16,0.));
#16244=DIRECTION('',(-2.08166817117217E-16,-1.,0.));
#16245=DIRECTION('',(0.,0.,-1.));
#16246=DIRECTION('',(0.,1.,0.));
#16247=DIRECTION('',(0.,0.,-1.));
#16248=DIRECTION('',(0.,1.,0.));
#16249=DIRECTION('',(-1.,0.,0.));
#16250=DIRECTION('',(0.,0.,1.));
#16251=DIRECTION('',(-1.,0.,0.));
#16252=DIRECTION('',(1.,0.,0.));
#16253=DIRECTION('',(0.,0.,1.));
#16254=DIRECTION('',(1.,0.,0.));
#16255=DIRECTION('',(0.,1.,0.));
#16256=DIRECTION('',(0.,0.,-1.));
#16257=DIRECTION('',(2.08166817117217E-16,1.,0.));
#16258=DIRECTION('',(0.,0.,-1.));
#16259=DIRECTION('',(-1.,2.08166817117217E-16,0.));
#16260=DIRECTION('',(-2.08166817117217E-16,-1.,0.));
#16261=DIRECTION('',(0.,0.,-1.));
#16262=DIRECTION('',(0.,1.,0.));
#16263=DIRECTION('',(0.,0.,-1.));
#16264=DIRECTION('',(0.,1.,0.));
#16265=DIRECTION('',(-1.,0.,0.));
#16266=DIRECTION('',(0.,0.,1.));
#16267=DIRECTION('',(-1.,0.,0.));
#16268=DIRECTION('',(1.,0.,0.));
#16269=DIRECTION('',(0.,0.,1.));
#16270=DIRECTION('',(1.,0.,0.));
#16271=DIRECTION('',(0.,1.,0.));
#16272=DIRECTION('',(0.,0.,-1.));
#16273=DIRECTION('',(2.08166817117217E-16,1.,0.));
#16274=DIRECTION('',(0.,0.,-1.));
#16275=DIRECTION('',(-1.,2.08166817117217E-16,0.));
#16276=DIRECTION('',(-2.08166817117217E-16,-1.,0.));
#16277=DIRECTION('',(0.,0.,-1.));
#16278=DIRECTION('',(0.,1.,0.));
#16279=DIRECTION('',(0.,0.,-1.));
#16280=DIRECTION('',(0.,1.,0.));
#16281=DIRECTION('',(-1.,0.,0.));
#16282=DIRECTION('',(0.,0.,1.));
#16283=DIRECTION('',(-1.,0.,0.));
#16284=DIRECTION('',(1.,0.,0.));
#16285=DIRECTION('',(0.,0.,1.));
#16286=DIRECTION('',(1.,0.,0.));
#16287=DIRECTION('',(0.,1.,0.));
#16288=DIRECTION('',(0.,0.,-1.));
#16289=DIRECTION('',(2.08166817117217E-16,1.,0.));
#16290=DIRECTION('',(0.,0.,-1.));
#16291=DIRECTION('',(-1.,2.08166817117217E-16,0.));
#16292=DIRECTION('',(-2.08166817117217E-16,-1.,0.));
#16293=DIRECTION('',(0.,0.,-1.));
#16294=DIRECTION('',(0.,1.,0.));
#16295=DIRECTION('',(0.,0.,-1.));
#16296=DIRECTION('',(0.,1.,0.));
#16297=DIRECTION('',(-1.,0.,0.));
#16298=DIRECTION('',(0.,0.,1.));
#16299=DIRECTION('',(-1.,0.,0.));
#16300=DIRECTION('',(1.,0.,0.));
#16301=DIRECTION('',(0.,0.,1.));
#16302=DIRECTION('',(1.,0.,0.));
#16303=DIRECTION('',(0.,1.,0.));
#16304=DIRECTION('',(0.,0.,-1.));
#16305=DIRECTION('',(2.08166817117217E-16,1.,0.));
#16306=DIRECTION('',(0.,0.,-1.));
#16307=DIRECTION('',(-1.,2.08166817117217E-16,0.));
#16308=DIRECTION('',(-2.08166817117217E-16,-1.,0.));
#16309=DIRECTION('',(0.,0.,-1.));
#16310=DIRECTION('',(0.,1.,0.));
#16311=DIRECTION('',(0.,0.,-1.));
#16312=DIRECTION('',(0.,1.,0.));
#16313=DIRECTION('',(-1.,0.,0.));
#16314=DIRECTION('',(0.,0.,1.));
#16315=DIRECTION('',(-1.,0.,0.));
#16316=DIRECTION('',(1.,0.,0.));
#16317=DIRECTION('',(0.,0.,1.));
#16318=DIRECTION('',(1.,0.,0.));
#16319=DIRECTION('',(0.,1.,0.));
#16320=DIRECTION('',(0.,0.,-1.));
#16321=DIRECTION('',(2.08166817117217E-16,1.,0.));
#16322=DIRECTION('',(0.,0.,-1.));
#16323=DIRECTION('',(-1.,2.08166817117217E-16,0.));
#16324=DIRECTION('',(-2.08166817117217E-16,-1.,0.));
#16325=DIRECTION('',(0.,0.,-1.));
#16326=DIRECTION('',(0.,1.,0.));
#16327=DIRECTION('',(0.,0.,-1.));
#16328=DIRECTION('',(0.,1.,0.));
#16329=DIRECTION('',(-1.,0.,0.));
#16330=DIRECTION('',(0.,0.,1.));
#16331=DIRECTION('',(-1.,0.,0.));
#16332=DIRECTION('',(1.,0.,0.));
#16333=DIRECTION('',(0.,0.,1.));
#16334=DIRECTION('',(1.,0.,0.));
#16335=DIRECTION('',(0.,1.,0.));
#16336=DIRECTION('',(0.,0.,-1.));
#16337=DIRECTION('',(2.08166817117217E-16,1.,0.));
#16338=DIRECTION('',(0.,0.,-1.));
#16339=DIRECTION('',(-1.,2.08166817117217E-16,0.));
#16340=DIRECTION('',(-2.08166817117217E-16,-1.,0.));
#16341=DIRECTION('',(0.,0.,-1.));
#16342=DIRECTION('',(0.,1.,0.));
#16343=DIRECTION('',(0.,0.,-1.));
#16344=DIRECTION('',(0.,1.,0.));
#16345=DIRECTION('',(-1.,0.,0.));
#16346=DIRECTION('',(0.,0.,1.));
#16347=DIRECTION('',(-1.,0.,0.));
#16348=DIRECTION('',(1.,0.,0.));
#16349=DIRECTION('',(0.,0.,1.));
#16350=DIRECTION('',(1.,0.,0.));
#16351=DIRECTION('',(0.,1.,0.));
#16352=DIRECTION('',(0.,0.,-1.));
#16353=DIRECTION('',(2.08166817117217E-16,1.,0.));
#16354=DIRECTION('',(0.,0.,-1.));
#16355=DIRECTION('',(-1.,2.08166817117217E-16,0.));
#16356=DIRECTION('',(-2.08166817117217E-16,-1.,0.));
#16357=DIRECTION('',(0.,0.,-1.));
#16358=DIRECTION('',(0.,1.,0.));
#16359=DIRECTION('',(0.,0.,-1.));
#16360=DIRECTION('',(0.,1.,0.));
#16361=DIRECTION('',(-1.,0.,0.));
#16362=DIRECTION('',(0.,0.,1.));
#16363=DIRECTION('',(-1.,0.,0.));
#16364=DIRECTION('',(1.,0.,0.));
#16365=DIRECTION('',(0.,0.,1.));
#16366=DIRECTION('',(1.,0.,0.));
#16367=DIRECTION('',(0.,1.,0.));
#16368=DIRECTION('',(0.,0.,-1.));
#16369=DIRECTION('',(2.08166817117217E-16,1.,0.));
#16370=DIRECTION('',(0.,0.,-1.));
#16371=DIRECTION('',(-1.,2.08166817117217E-16,0.));
#16372=DIRECTION('',(-2.08166817117217E-16,-1.,0.));
#16373=DIRECTION('',(0.,0.,-1.));
#16374=DIRECTION('',(0.,1.,0.));
#16375=DIRECTION('',(0.,0.,-1.));
#16376=DIRECTION('',(0.,1.,0.));
#16377=DIRECTION('',(-1.,0.,0.));
#16378=DIRECTION('',(0.,0.,1.));
#16379=DIRECTION('',(-1.,0.,0.));
#16380=DIRECTION('',(1.,0.,0.));
#16381=DIRECTION('',(0.,0.,1.));
#16382=DIRECTION('',(1.,0.,0.));
#16383=DIRECTION('',(0.,1.,0.));
#16384=DIRECTION('',(0.,0.,-1.));
#16385=DIRECTION('',(2.08166817117217E-16,1.,0.));
#16386=DIRECTION('',(0.,0.,-1.));
#16387=DIRECTION('',(-1.,2.08166817117217E-16,0.));
#16388=DIRECTION('',(-2.08166817117217E-16,-1.,0.));
#16389=DIRECTION('',(0.,0.,-1.));
#16390=DIRECTION('',(0.,1.,0.));
#16391=DIRECTION('',(0.,0.,-1.));
#16392=DIRECTION('',(0.,1.,0.));
#16393=DIRECTION('',(-1.,0.,0.));
#16394=DIRECTION('',(0.,0.,1.));
#16395=DIRECTION('',(-1.,0.,0.));
#16396=DIRECTION('',(1.,0.,0.));
#16397=DIRECTION('',(0.,0.,1.));
#16398=DIRECTION('',(1.,0.,0.));
#16399=DIRECTION('',(0.,1.,0.));
#16400=DIRECTION('',(0.,0.,-1.));
#16401=DIRECTION('',(2.08166817117217E-16,1.,0.));
#16402=DIRECTION('',(0.,0.,-1.));
#16403=DIRECTION('',(-1.,2.08166817117217E-16,0.));
#16404=DIRECTION('',(-2.08166817117217E-16,-1.,0.));
#16405=DIRECTION('',(0.,0.,-1.));
#16406=DIRECTION('',(0.,1.,0.));
#16407=DIRECTION('',(0.,0.,-1.));
#16408=DIRECTION('',(0.,1.,0.));
#16409=DIRECTION('',(-1.,0.,0.));
#16410=DIRECTION('',(0.,0.,1.));
#16411=DIRECTION('',(-1.,0.,0.));
#16412=DIRECTION('',(1.,0.,0.));
#16413=DIRECTION('',(0.,0.,1.));
#16414=DIRECTION('',(1.,0.,0.));
#16415=DIRECTION('',(0.,1.,0.));
#16416=DIRECTION('',(0.,0.,-1.));
#16417=DIRECTION('',(2.08166817117217E-16,1.,0.));
#16418=DIRECTION('',(0.,0.,-1.));
#16419=DIRECTION('',(-1.,2.08166817117217E-16,0.));
#16420=DIRECTION('',(-2.08166817117217E-16,-1.,0.));
#16421=DIRECTION('',(0.,0.,-1.));
#16422=DIRECTION('',(0.,1.,0.));
#16423=DIRECTION('',(0.,0.,-1.));
#16424=DIRECTION('',(0.,1.,0.));
#16425=DIRECTION('',(-1.,0.,0.));
#16426=DIRECTION('',(0.,0.,1.));
#16427=DIRECTION('',(-1.,0.,0.));
#16428=DIRECTION('',(1.,0.,0.));
#16429=DIRECTION('',(0.,0.,1.));
#16430=DIRECTION('',(1.,0.,0.));
#16431=DIRECTION('',(0.,1.,0.));
#16432=DIRECTION('',(0.,0.,-1.));
#16433=DIRECTION('',(2.08166817117217E-16,1.,0.));
#16434=DIRECTION('',(0.,0.,-1.));
#16435=DIRECTION('',(-1.,2.08166817117217E-16,0.));
#16436=DIRECTION('',(-2.08166817117217E-16,-1.,0.));
#16437=DIRECTION('',(0.,0.,-1.));
#16438=DIRECTION('',(0.,1.,0.));
#16439=DIRECTION('',(0.,0.,-1.));
#16440=DIRECTION('',(0.,1.,0.));
#16441=DIRECTION('',(-1.,0.,0.));
#16442=DIRECTION('',(0.,0.,1.));
#16443=DIRECTION('',(-1.,0.,0.));
#16444=DIRECTION('',(1.,0.,0.));
#16445=DIRECTION('',(0.,0.,1.));
#16446=DIRECTION('',(1.,0.,0.));
#16447=DIRECTION('',(0.,1.,0.));
#16448=DIRECTION('',(0.,0.,-1.));
#16449=DIRECTION('',(2.08166817117217E-16,1.,0.));
#16450=DIRECTION('',(0.,0.,-1.));
#16451=DIRECTION('',(-1.,2.08166817117217E-16,0.));
#16452=DIRECTION('',(-2.08166817117217E-16,-1.,0.));
#16453=DIRECTION('',(0.,0.,-1.));
#16454=DIRECTION('',(0.,1.,0.));
#16455=DIRECTION('',(0.,0.,-1.));
#16456=DIRECTION('',(0.,1.,0.));
#16457=DIRECTION('',(-1.,0.,0.));
#16458=DIRECTION('',(0.,0.,1.));
#16459=DIRECTION('',(-1.,0.,0.));
#16460=DIRECTION('',(1.,0.,0.));
#16461=DIRECTION('',(0.,0.,1.));
#16462=DIRECTION('',(1.,0.,0.));
#16463=DIRECTION('',(0.,1.,0.));
#16464=DIRECTION('',(0.,0.,-1.));
#16465=DIRECTION('',(2.08166817117217E-16,1.,0.));
#16466=DIRECTION('',(0.,0.,-1.));
#16467=DIRECTION('',(-1.,2.08166817117217E-16,0.));
#16468=DIRECTION('',(-2.08166817117217E-16,-1.,0.));
#16469=DIRECTION('',(0.,0.,-1.));
#16470=DIRECTION('',(0.,1.,0.));
#16471=DIRECTION('',(0.,0.,-1.));
#16472=DIRECTION('',(0.,1.,0.));
#16473=DIRECTION('',(-1.,0.,0.));
#16474=DIRECTION('',(0.,0.,1.));
#16475=DIRECTION('',(-1.,0.,0.));
#16476=DIRECTION('',(1.,0.,0.));
#16477=DIRECTION('',(0.,0.,1.));
#16478=DIRECTION('',(1.,0.,0.));
#16479=DIRECTION('',(0.,1.,0.));
#16480=DIRECTION('',(0.,0.,-1.));
#16481=DIRECTION('',(2.08166817117217E-16,1.,0.));
#16482=DIRECTION('',(0.,0.,-1.));
#16483=DIRECTION('',(-1.,2.08166817117217E-16,0.));
#16484=DIRECTION('',(-2.08166817117217E-16,-1.,0.));
#16485=DIRECTION('',(0.,0.,-1.));
#16486=DIRECTION('',(0.,1.,0.));
#16487=DIRECTION('',(0.,0.,-1.));
#16488=DIRECTION('',(0.,1.,0.));
#16489=DIRECTION('',(-1.,0.,0.));
#16490=DIRECTION('',(0.,0.,1.));
#16491=DIRECTION('',(-1.,0.,0.));
#16492=DIRECTION('',(1.,0.,0.));
#16493=DIRECTION('',(0.,0.,1.));
#16494=DIRECTION('',(1.,0.,0.));
#16495=DIRECTION('',(0.,1.,0.));
#16496=DIRECTION('',(0.,0.,-1.));
#16497=DIRECTION('',(2.08166817117217E-16,1.,0.));
#16498=DIRECTION('',(0.,0.,-1.));
#16499=DIRECTION('',(-1.,2.08166817117217E-16,0.));
#16500=DIRECTION('',(-2.08166817117217E-16,-1.,0.));
#16501=DIRECTION('',(0.,0.,-1.));
#16502=DIRECTION('',(0.,1.,0.));
#16503=DIRECTION('',(0.,0.,-1.));
#16504=DIRECTION('',(0.,1.,0.));
#16505=DIRECTION('',(-1.,0.,0.));
#16506=DIRECTION('',(0.,0.,1.));
#16507=DIRECTION('',(-1.,0.,0.));
#16508=DIRECTION('',(1.,0.,0.));
#16509=DIRECTION('',(0.,0.,1.));
#16510=DIRECTION('',(1.,0.,0.));
#16511=DIRECTION('',(0.,1.,0.));
#16512=DIRECTION('',(0.,0.,-1.));
#16513=DIRECTION('',(2.08166817117217E-16,1.,0.));
#16514=DIRECTION('',(0.,0.,-1.));
#16515=DIRECTION('',(-1.,2.08166817117217E-16,0.));
#16516=DIRECTION('',(-2.08166817117217E-16,-1.,0.));
#16517=DIRECTION('',(0.,0.,-1.));
#16518=DIRECTION('',(0.,1.,0.));
#16519=DIRECTION('',(0.,0.,-1.));
#16520=DIRECTION('',(0.,1.,0.));
#16521=DIRECTION('',(-1.,0.,0.));
#16522=DIRECTION('',(0.,0.,1.));
#16523=DIRECTION('',(-1.,0.,0.));
#16524=DIRECTION('',(1.,0.,0.));
#16525=DIRECTION('',(0.,0.,1.));
#16526=DIRECTION('',(1.,0.,0.));
#16527=DIRECTION('',(0.,1.,0.));
#16528=DIRECTION('',(0.,0.,-1.));
#16529=DIRECTION('',(2.08166817117217E-16,1.,0.));
#16530=DIRECTION('',(0.,0.,-1.));
#16531=DIRECTION('',(-1.,2.08166817117217E-16,0.));
#16532=DIRECTION('',(-2.08166817117217E-16,-1.,0.));
#16533=DIRECTION('',(0.,0.,-1.));
#16534=DIRECTION('',(0.,1.,0.));
#16535=DIRECTION('',(0.,0.,-1.));
#16536=DIRECTION('',(0.,1.,0.));
#16537=DIRECTION('',(-1.,0.,0.));
#16538=DIRECTION('',(0.,0.,1.));
#16539=DIRECTION('',(-1.,0.,0.));
#16540=DIRECTION('',(1.,0.,0.));
#16541=DIRECTION('',(0.,0.,1.));
#16542=DIRECTION('',(1.,0.,0.));
#16543=DIRECTION('',(0.,1.,0.));
#16544=DIRECTION('',(0.,0.,-1.));
#16545=DIRECTION('',(2.08166817117217E-16,1.,0.));
#16546=DIRECTION('',(0.,0.,-1.));
#16547=DIRECTION('',(-1.,2.08166817117217E-16,0.));
#16548=DIRECTION('',(-2.08166817117217E-16,-1.,0.));
#16549=DIRECTION('',(0.,0.,-1.));
#16550=DIRECTION('',(0.,1.,0.));
#16551=DIRECTION('',(0.,0.,-1.));
#16552=DIRECTION('',(0.,1.,0.));
#16553=DIRECTION('',(-1.,0.,0.));
#16554=DIRECTION('',(0.,0.,1.));
#16555=DIRECTION('',(-1.,0.,0.));
#16556=DIRECTION('',(1.,0.,0.));
#16557=DIRECTION('',(0.,0.,1.));
#16558=DIRECTION('',(1.,0.,0.));
#16559=DIRECTION('',(0.,1.,0.));
#16560=DIRECTION('',(0.,0.,-1.));
#16561=DIRECTION('',(2.08166817117217E-16,1.,0.));
#16562=DIRECTION('',(0.,0.,-1.));
#16563=DIRECTION('',(-1.,2.08166817117217E-16,0.));
#16564=DIRECTION('',(-2.08166817117217E-16,-1.,0.));
#16565=DIRECTION('',(0.,0.,-1.));
#16566=DIRECTION('',(0.,1.,0.));
#16567=DIRECTION('',(0.,0.,-1.));
#16568=DIRECTION('',(0.,1.,0.));
#16569=DIRECTION('',(-1.,0.,0.));
#16570=DIRECTION('',(0.,0.,1.));
#16571=DIRECTION('',(-1.,0.,0.));
#16572=DIRECTION('',(1.,0.,0.));
#16573=DIRECTION('',(0.,0.,1.));
#16574=DIRECTION('',(1.,0.,0.));
#16575=DIRECTION('',(0.,1.,0.));
#16576=DIRECTION('',(0.,0.,-1.));
#16577=DIRECTION('',(2.08166817117217E-16,1.,0.));
#16578=DIRECTION('',(0.,0.,-1.));
#16579=DIRECTION('',(-1.,2.08166817117217E-16,0.));
#16580=DIRECTION('',(-2.08166817117217E-16,-1.,0.));
#16581=DIRECTION('',(0.,0.,-1.));
#16582=DIRECTION('',(0.,1.,0.));
#16583=DIRECTION('',(0.,0.,-1.));
#16584=DIRECTION('',(0.,1.,0.));
#16585=DIRECTION('',(-1.,0.,0.));
#16586=DIRECTION('',(0.,0.,1.));
#16587=DIRECTION('',(-1.,0.,0.));
#16588=DIRECTION('',(1.,0.,0.));
#16589=DIRECTION('',(0.,0.,1.));
#16590=DIRECTION('',(1.,0.,0.));
#16591=DIRECTION('',(0.,1.,0.));
#16592=DIRECTION('',(0.,0.,-1.));
#16593=DIRECTION('',(2.08166817117217E-16,1.,0.));
#16594=DIRECTION('',(0.,0.,-1.));
#16595=DIRECTION('',(-1.,2.08166817117217E-16,0.));
#16596=DIRECTION('',(-2.08166817117217E-16,-1.,0.));
#16597=DIRECTION('',(0.,0.,-1.));
#16598=DIRECTION('',(0.,1.,0.));
#16599=DIRECTION('',(0.,0.,-1.));
#16600=DIRECTION('',(0.,1.,0.));
#16601=DIRECTION('',(-1.,0.,0.));
#16602=DIRECTION('',(0.,0.,1.));
#16603=DIRECTION('',(-1.,0.,0.));
#16604=DIRECTION('',(1.,0.,0.));
#16605=DIRECTION('',(0.,0.,1.));
#16606=DIRECTION('',(1.,0.,0.));
#16607=DIRECTION('',(0.,1.,0.));
#16608=DIRECTION('',(0.,0.,-1.));
#16609=DIRECTION('',(2.08166817117217E-16,1.,0.));
#16610=DIRECTION('',(0.,0.,-1.));
#16611=DIRECTION('',(-1.,2.08166817117217E-16,0.));
#16612=DIRECTION('',(-2.08166817117217E-16,-1.,0.));
#16613=DIRECTION('',(0.,0.,-1.));
#16614=DIRECTION('',(0.,1.,0.));
#16615=DIRECTION('',(0.,0.,-1.));
#16616=DIRECTION('',(0.,1.,0.));
#16617=DIRECTION('',(-1.,0.,0.));
#16618=DIRECTION('',(0.,0.,1.));
#16619=DIRECTION('',(-1.,0.,0.));
#16620=DIRECTION('',(1.,0.,0.));
#16621=DIRECTION('',(0.,0.,1.));
#16622=DIRECTION('',(1.,0.,0.));
#16623=DIRECTION('',(0.,1.,0.));
#16624=DIRECTION('',(0.,0.,-1.));
#16625=DIRECTION('',(2.08166817117217E-16,1.,0.));
#16626=DIRECTION('',(0.,0.,-1.));
#16627=DIRECTION('',(-1.,2.08166817117217E-16,0.));
#16628=DIRECTION('',(-2.08166817117217E-16,-1.,0.));
#16629=DIRECTION('',(0.,0.,-1.));
#16630=DIRECTION('',(0.,1.,0.));
#16631=DIRECTION('',(0.,0.,-1.));
#16632=DIRECTION('',(0.,1.,0.));
#16633=DIRECTION('',(-1.,0.,0.));
#16634=DIRECTION('',(0.,0.,1.));
#16635=DIRECTION('',(-1.,0.,0.));
#16636=DIRECTION('',(1.,0.,0.));
#16637=DIRECTION('',(0.,0.,1.));
#16638=DIRECTION('',(1.,0.,0.));
#16639=DIRECTION('',(0.,1.,0.));
#16640=DIRECTION('',(0.,0.,-1.));
#16641=DIRECTION('',(2.08166817117217E-16,1.,0.));
#16642=DIRECTION('',(0.,0.,-1.));
#16643=DIRECTION('',(-1.,2.08166817117217E-16,0.));
#16644=DIRECTION('',(-2.08166817117217E-16,-1.,0.));
#16645=DIRECTION('',(0.,0.,-1.));
#16646=DIRECTION('',(0.,1.,0.));
#16647=DIRECTION('',(0.,0.,-1.));
#16648=DIRECTION('',(0.,1.,0.));
#16649=DIRECTION('',(-1.,0.,0.));
#16650=DIRECTION('',(0.,0.,1.));
#16651=DIRECTION('',(-1.,0.,0.));
#16652=DIRECTION('',(1.,0.,0.));
#16653=DIRECTION('',(0.,0.,1.));
#16654=DIRECTION('',(1.,0.,0.));
#16655=DIRECTION('',(0.,1.,0.));
#16656=DIRECTION('',(0.,0.,-1.));
#16657=DIRECTION('',(2.08166817117217E-16,1.,0.));
#16658=DIRECTION('',(0.,0.,-1.));
#16659=DIRECTION('',(-1.,2.08166817117217E-16,0.));
#16660=DIRECTION('',(-2.08166817117217E-16,-1.,0.));
#16661=DIRECTION('',(0.,0.,-1.));
#16662=DIRECTION('',(0.,1.,0.));
#16663=DIRECTION('',(0.,0.,-1.));
#16664=DIRECTION('',(0.,1.,0.));
#16665=DIRECTION('',(-1.,0.,0.));
#16666=DIRECTION('',(0.,0.,1.));
#16667=DIRECTION('',(-1.,0.,0.));
#16668=DIRECTION('',(1.,0.,0.));
#16669=DIRECTION('',(0.,0.,1.));
#16670=DIRECTION('',(1.,0.,0.));
#16671=DIRECTION('',(0.,1.,0.));
#16672=DIRECTION('',(0.,0.,-1.));
#16673=DIRECTION('',(2.08166817117217E-16,1.,0.));
#16674=DIRECTION('',(0.,0.,-1.));
#16675=DIRECTION('',(-1.,2.08166817117217E-16,0.));
#16676=DIRECTION('',(-2.08166817117217E-16,-1.,0.));
#16677=DIRECTION('',(0.,0.,-1.));
#16678=DIRECTION('',(0.,1.,0.));
#16679=DIRECTION('',(0.,0.,-1.));
#16680=DIRECTION('',(0.,1.,0.));
#16681=DIRECTION('',(-1.,0.,0.));
#16682=DIRECTION('',(0.,0.,1.));
#16683=DIRECTION('',(-1.,0.,0.));
#16684=DIRECTION('',(1.,0.,0.));
#16685=DIRECTION('',(0.,0.,1.));
#16686=DIRECTION('',(1.,0.,0.));
#16687=DIRECTION('',(0.,1.,0.));
#16688=DIRECTION('',(0.,0.,-1.));
#16689=DIRECTION('',(2.08166817117217E-16,1.,0.));
#16690=DIRECTION('',(0.,0.,-1.));
#16691=DIRECTION('',(-1.,2.08166817117217E-16,0.));
#16692=DIRECTION('',(-2.08166817117217E-16,-1.,0.));
#16693=DIRECTION('',(0.,0.,-1.));
#16694=DIRECTION('',(0.,1.,0.));
#16695=DIRECTION('',(0.,0.,-1.));
#16696=DIRECTION('',(0.,1.,0.));
#16697=DIRECTION('',(-1.,0.,0.));
#16698=DIRECTION('',(0.,0.,1.));
#16699=DIRECTION('',(-1.,0.,0.));
#16700=DIRECTION('',(0.,1.,0.));
#16701=DIRECTION('',(1.,0.,0.));
#16702=DIRECTION('',(2.08166817117217E-16,1.,0.));
#16703=DIRECTION('',(0.,0.,1.));
#16704=DIRECTION('',(1.,0.,0.));
#16705=DIRECTION('',(0.,1.,0.));
#16706=DIRECTION('',(0.,0.,-1.));
#16707=DIRECTION('',(0.,0.,-1.));
#16708=DIRECTION('',(-1.,2.08166817117217E-16,0.));
#16709=DIRECTION('',(-2.08166817117217E-16,-1.,0.));
#16710=DIRECTION('',(0.,0.,-1.));
#16711=DIRECTION('',(0.,1.,0.));
#16712=DIRECTION('',(0.,0.,-1.));
#16713=DIRECTION('',(-1.,0.,0.));
#16714=DIRECTION('',(0.,0.,1.));
#16715=DIRECTION('',(-1.,0.,0.));
#16716=DIRECTION('',(1.,0.,0.));
#16717=DIRECTION('',(0.,0.,1.));
#16718=DIRECTION('',(1.,0.,0.));
#16719=DIRECTION('',(0.,0.,-1.));
#16720=DIRECTION('',(0.,1.,0.));
#16721=DIRECTION('',(0.,0.,-1.));
#16722=DIRECTION('',(0.,-1.,0.));
#16723=DIRECTION('',(1.,0.,0.));
#16724=DIRECTION('',(0.,0.,-1.));
#16725=DIRECTION('',(0.,-1.,0.));
#16726=DIRECTION('',(0.,0.,-1.));
#16727=DIRECTION('',(0.,-1.,0.));
#16728=DIRECTION('',(0.,0.,-1.));
#16729=DIRECTION('',(1.,0.,0.));
#16730=DIRECTION('',(0.,0.,-1.));
#16731=DIRECTION('',(-1.,0.,0.));
#16732=DIRECTION('',(1.,0.,0.));
#16733=DIRECTION('',(0.,0.,1.));
#16734=DIRECTION('',(1.,0.,0.));
#16735=DIRECTION('',(0.,0.,-1.));
#16736=DIRECTION('',(0.,1.,0.));
#16737=DIRECTION('',(0.,0.,-1.));
#16738=DIRECTION('',(0.,-1.,0.));
#16739=DIRECTION('',(1.,0.,0.));
#16740=DIRECTION('',(0.,0.,-1.));
#16741=DIRECTION('',(0.,-1.,0.));
#16742=DIRECTION('',(0.,0.,-1.));
#16743=DIRECTION('',(0.,-1.,0.));
#16744=DIRECTION('',(0.,0.,-1.));
#16745=DIRECTION('',(1.,0.,0.));
#16746=DIRECTION('',(0.,0.,-1.));
#16747=DIRECTION('',(-1.,0.,0.));
#16748=DIRECTION('',(1.,0.,0.));
#16749=DIRECTION('',(0.,0.,1.));
#16750=DIRECTION('',(1.,0.,0.));
#16751=DIRECTION('',(0.,0.,-1.));
#16752=DIRECTION('',(0.,1.,0.));
#16753=DIRECTION('',(0.,0.,-1.));
#16754=DIRECTION('',(0.,-1.,0.));
#16755=DIRECTION('',(1.,0.,0.));
#16756=DIRECTION('',(0.,0.,-1.));
#16757=DIRECTION('',(0.,-1.,0.));
#16758=DIRECTION('',(0.,0.,-1.));
#16759=DIRECTION('',(0.,-1.,0.));
#16760=DIRECTION('',(0.,0.,-1.));
#16761=DIRECTION('',(1.,0.,0.));
#16762=DIRECTION('',(0.,0.,-1.));
#16763=DIRECTION('',(-1.,0.,0.));
#16764=DIRECTION('',(1.,0.,0.));
#16765=DIRECTION('',(0.,0.,1.));
#16766=DIRECTION('',(1.,0.,0.));
#16767=DIRECTION('',(0.,0.,-1.));
#16768=DIRECTION('',(0.,1.,0.));
#16769=DIRECTION('',(0.,0.,-1.));
#16770=DIRECTION('',(0.,-1.,0.));
#16771=DIRECTION('',(1.,0.,0.));
#16772=DIRECTION('',(0.,0.,-1.));
#16773=DIRECTION('',(0.,-1.,0.));
#16774=DIRECTION('',(0.,0.,-1.));
#16775=DIRECTION('',(0.,-1.,0.));
#16776=DIRECTION('',(0.,0.,-1.));
#16777=DIRECTION('',(1.,0.,0.));
#16778=DIRECTION('',(0.,0.,-1.));
#16779=DIRECTION('',(-1.,0.,0.));
#16780=DIRECTION('',(1.,0.,0.));
#16781=DIRECTION('',(0.,0.,1.));
#16782=DIRECTION('',(1.,0.,0.));
#16783=DIRECTION('',(0.,0.,-1.));
#16784=DIRECTION('',(0.,1.,0.));
#16785=DIRECTION('',(0.,0.,-1.));
#16786=DIRECTION('',(0.,-1.,0.));
#16787=DIRECTION('',(1.,0.,0.));
#16788=DIRECTION('',(0.,0.,-1.));
#16789=DIRECTION('',(0.,-1.,0.));
#16790=DIRECTION('',(0.,0.,-1.));
#16791=DIRECTION('',(0.,-1.,0.));
#16792=DIRECTION('',(0.,0.,-1.));
#16793=DIRECTION('',(1.,0.,0.));
#16794=DIRECTION('',(0.,0.,-1.));
#16795=DIRECTION('',(-1.,0.,0.));
#16796=DIRECTION('',(1.,0.,0.));
#16797=DIRECTION('',(0.,0.,1.));
#16798=DIRECTION('',(1.,0.,0.));
#16799=DIRECTION('',(0.,0.,-1.));
#16800=DIRECTION('',(0.,1.,0.));
#16801=DIRECTION('',(0.,0.,-1.));
#16802=DIRECTION('',(0.,-1.,0.));
#16803=DIRECTION('',(1.,0.,0.));
#16804=DIRECTION('',(0.,0.,-1.));
#16805=DIRECTION('',(0.,-1.,0.));
#16806=DIRECTION('',(0.,0.,-1.));
#16807=DIRECTION('',(0.,-1.,0.));
#16808=DIRECTION('',(0.,0.,-1.));
#16809=DIRECTION('',(1.,0.,0.));
#16810=DIRECTION('',(0.,0.,-1.));
#16811=DIRECTION('',(-1.,0.,0.));
#16812=DIRECTION('',(1.,0.,0.));
#16813=DIRECTION('',(0.,0.,1.));
#16814=DIRECTION('',(1.,0.,0.));
#16815=DIRECTION('',(0.,0.,-1.));
#16816=DIRECTION('',(0.,1.,0.));
#16817=DIRECTION('',(0.,0.,-1.));
#16818=DIRECTION('',(0.,-1.,0.));
#16819=DIRECTION('',(1.,0.,0.));
#16820=DIRECTION('',(0.,0.,-1.));
#16821=DIRECTION('',(0.,-1.,0.));
#16822=DIRECTION('',(0.,0.,-1.));
#16823=DIRECTION('',(0.,-1.,0.));
#16824=DIRECTION('',(0.,0.,-1.));
#16825=DIRECTION('',(1.,0.,0.));
#16826=DIRECTION('',(0.,0.,-1.));
#16827=DIRECTION('',(-1.,0.,0.));
#16828=DIRECTION('',(1.,0.,0.));
#16829=DIRECTION('',(0.,0.,1.));
#16830=DIRECTION('',(1.,0.,0.));
#16831=DIRECTION('',(0.,0.,-1.));
#16832=DIRECTION('',(0.,1.,0.));
#16833=DIRECTION('',(0.,0.,-1.));
#16834=DIRECTION('',(0.,-1.,0.));
#16835=DIRECTION('',(1.,0.,0.));
#16836=DIRECTION('',(0.,0.,-1.));
#16837=DIRECTION('',(0.,-1.,0.));
#16838=DIRECTION('',(0.,0.,-1.));
#16839=DIRECTION('',(0.,-1.,0.));
#16840=DIRECTION('',(0.,0.,-1.));
#16841=DIRECTION('',(1.,0.,0.));
#16842=DIRECTION('',(0.,0.,-1.));
#16843=DIRECTION('',(-1.,0.,0.));
#16844=DIRECTION('',(1.,0.,0.));
#16845=DIRECTION('',(0.,0.,1.));
#16846=DIRECTION('',(1.,0.,0.));
#16847=DIRECTION('',(0.,0.,-1.));
#16848=DIRECTION('',(0.,1.,0.));
#16849=DIRECTION('',(0.,0.,-1.));
#16850=DIRECTION('',(0.,-1.,0.));
#16851=DIRECTION('',(1.,0.,0.));
#16852=DIRECTION('',(0.,0.,-1.));
#16853=DIRECTION('',(0.,-1.,0.));
#16854=DIRECTION('',(0.,0.,-1.));
#16855=DIRECTION('',(0.,-1.,0.));
#16856=DIRECTION('',(0.,0.,-1.));
#16857=DIRECTION('',(1.,0.,0.));
#16858=DIRECTION('',(0.,0.,-1.));
#16859=DIRECTION('',(-1.,0.,0.));
#16860=DIRECTION('',(1.,0.,0.));
#16861=DIRECTION('',(0.,0.,1.));
#16862=DIRECTION('',(1.,0.,0.));
#16863=DIRECTION('',(0.,0.,-1.));
#16864=DIRECTION('',(0.,1.,0.));
#16865=DIRECTION('',(0.,0.,-1.));
#16866=DIRECTION('',(0.,-1.,0.));
#16867=DIRECTION('',(1.,0.,0.));
#16868=DIRECTION('',(0.,0.,-1.));
#16869=DIRECTION('',(0.,-1.,0.));
#16870=DIRECTION('',(0.,0.,-1.));
#16871=DIRECTION('',(0.,-1.,0.));
#16872=DIRECTION('',(0.,0.,-1.));
#16873=DIRECTION('',(1.,0.,0.));
#16874=DIRECTION('',(0.,0.,-1.));
#16875=DIRECTION('',(-1.,0.,0.));
#16876=DIRECTION('',(1.,0.,0.));
#16877=DIRECTION('',(0.,0.,1.));
#16878=DIRECTION('',(1.,0.,0.));
#16879=DIRECTION('',(0.,0.,-1.));
#16880=DIRECTION('',(0.,1.,0.));
#16881=DIRECTION('',(0.,0.,-1.));
#16882=DIRECTION('',(0.,-1.,0.));
#16883=DIRECTION('',(1.,0.,0.));
#16884=DIRECTION('',(0.,0.,-1.));
#16885=DIRECTION('',(0.,-1.,0.));
#16886=DIRECTION('',(0.,0.,-1.));
#16887=DIRECTION('',(0.,-1.,0.));
#16888=DIRECTION('',(0.,0.,-1.));
#16889=DIRECTION('',(1.,0.,0.));
#16890=DIRECTION('',(0.,0.,-1.));
#16891=DIRECTION('',(-1.,0.,0.));
#16892=DIRECTION('',(1.,0.,0.));
#16893=DIRECTION('',(0.,0.,1.));
#16894=DIRECTION('',(1.,0.,0.));
#16895=DIRECTION('',(0.,0.,-1.));
#16896=DIRECTION('',(0.,1.,0.));
#16897=DIRECTION('',(0.,0.,-1.));
#16898=DIRECTION('',(0.,-1.,0.));
#16899=DIRECTION('',(1.,0.,0.));
#16900=DIRECTION('',(0.,0.,-1.));
#16901=DIRECTION('',(0.,-1.,0.));
#16902=DIRECTION('',(0.,0.,-1.));
#16903=DIRECTION('',(0.,-1.,0.));
#16904=DIRECTION('',(0.,0.,-1.));
#16905=DIRECTION('',(1.,0.,0.));
#16906=DIRECTION('',(0.,0.,-1.));
#16907=DIRECTION('',(-1.,0.,0.));
#16908=DIRECTION('',(1.,0.,0.));
#16909=DIRECTION('',(0.,0.,1.));
#16910=DIRECTION('',(1.,0.,0.));
#16911=DIRECTION('',(0.,0.,-1.));
#16912=DIRECTION('',(0.,1.,0.));
#16913=DIRECTION('',(0.,0.,-1.));
#16914=DIRECTION('',(0.,-1.,0.));
#16915=DIRECTION('',(1.,0.,0.));
#16916=DIRECTION('',(0.,0.,-1.));
#16917=DIRECTION('',(0.,-1.,0.));
#16918=DIRECTION('',(0.,0.,-1.));
#16919=DIRECTION('',(0.,-1.,0.));
#16920=DIRECTION('',(0.,0.,-1.));
#16921=DIRECTION('',(1.,0.,0.));
#16922=DIRECTION('',(0.,0.,-1.));
#16923=DIRECTION('',(-1.,0.,0.));
#16924=DIRECTION('',(1.,0.,0.));
#16925=DIRECTION('',(0.,0.,1.));
#16926=DIRECTION('',(1.,0.,0.));
#16927=DIRECTION('',(0.,0.,-1.));
#16928=DIRECTION('',(0.,1.,0.));
#16929=DIRECTION('',(0.,0.,-1.));
#16930=DIRECTION('',(0.,-1.,0.));
#16931=DIRECTION('',(1.,0.,0.));
#16932=DIRECTION('',(0.,0.,-1.));
#16933=DIRECTION('',(0.,-1.,0.));
#16934=DIRECTION('',(0.,0.,-1.));
#16935=DIRECTION('',(0.,-1.,0.));
#16936=DIRECTION('',(0.,0.,-1.));
#16937=DIRECTION('',(1.,0.,0.));
#16938=DIRECTION('',(0.,0.,-1.));
#16939=DIRECTION('',(-1.,0.,0.));
#16940=DIRECTION('',(1.,0.,0.));
#16941=DIRECTION('',(0.,0.,1.));
#16942=DIRECTION('',(1.,0.,0.));
#16943=DIRECTION('',(0.,0.,-1.));
#16944=DIRECTION('',(0.,1.,0.));
#16945=DIRECTION('',(0.,0.,-1.));
#16946=DIRECTION('',(0.,-1.,0.));
#16947=DIRECTION('',(1.,0.,0.));
#16948=DIRECTION('',(0.,0.,-1.));
#16949=DIRECTION('',(0.,-1.,0.));
#16950=DIRECTION('',(0.,0.,-1.));
#16951=DIRECTION('',(0.,-1.,0.));
#16952=DIRECTION('',(0.,0.,-1.));
#16953=DIRECTION('',(1.,0.,0.));
#16954=DIRECTION('',(0.,0.,-1.));
#16955=DIRECTION('',(-1.,0.,0.));
#16956=DIRECTION('',(1.,0.,0.));
#16957=DIRECTION('',(0.,0.,1.));
#16958=DIRECTION('',(1.,0.,0.));
#16959=DIRECTION('',(0.,0.,-1.));
#16960=DIRECTION('',(0.,1.,0.));
#16961=DIRECTION('',(0.,0.,-1.));
#16962=DIRECTION('',(0.,-1.,0.));
#16963=DIRECTION('',(1.,0.,0.));
#16964=DIRECTION('',(0.,0.,-1.));
#16965=DIRECTION('',(0.,-1.,0.));
#16966=DIRECTION('',(0.,0.,-1.));
#16967=DIRECTION('',(0.,-1.,0.));
#16968=DIRECTION('',(0.,0.,-1.));
#16969=DIRECTION('',(1.,0.,0.));
#16970=DIRECTION('',(0.,0.,-1.));
#16971=DIRECTION('',(-1.,0.,0.));
#16972=DIRECTION('',(1.,0.,0.));
#16973=DIRECTION('',(0.,0.,1.));
#16974=DIRECTION('',(1.,0.,0.));
#16975=DIRECTION('',(0.,0.,-1.));
#16976=DIRECTION('',(0.,1.,0.));
#16977=DIRECTION('',(0.,0.,-1.));
#16978=DIRECTION('',(0.,-1.,0.));
#16979=DIRECTION('',(1.,0.,0.));
#16980=DIRECTION('',(0.,0.,-1.));
#16981=DIRECTION('',(0.,-1.,0.));
#16982=DIRECTION('',(0.,0.,-1.));
#16983=DIRECTION('',(0.,-1.,0.));
#16984=DIRECTION('',(0.,0.,-1.));
#16985=DIRECTION('',(1.,0.,0.));
#16986=DIRECTION('',(0.,0.,-1.));
#16987=DIRECTION('',(-1.,0.,0.));
#16988=DIRECTION('',(1.,0.,0.));
#16989=DIRECTION('',(0.,0.,1.));
#16990=DIRECTION('',(1.,0.,0.));
#16991=DIRECTION('',(0.,0.,-1.));
#16992=DIRECTION('',(0.,1.,0.));
#16993=DIRECTION('',(0.,0.,-1.));
#16994=DIRECTION('',(0.,-1.,0.));
#16995=DIRECTION('',(1.,0.,0.));
#16996=DIRECTION('',(0.,0.,-1.));
#16997=DIRECTION('',(0.,-1.,0.));
#16998=DIRECTION('',(0.,0.,-1.));
#16999=DIRECTION('',(0.,-1.,0.));
#17000=DIRECTION('',(0.,0.,-1.));
#17001=DIRECTION('',(1.,0.,0.));
#17002=DIRECTION('',(0.,0.,-1.));
#17003=DIRECTION('',(-1.,0.,0.));
#17004=DIRECTION('',(1.,0.,0.));
#17005=DIRECTION('',(0.,0.,1.));
#17006=DIRECTION('',(1.,0.,0.));
#17007=DIRECTION('',(0.,0.,-1.));
#17008=DIRECTION('',(0.,1.,0.));
#17009=DIRECTION('',(0.,0.,-1.));
#17010=DIRECTION('',(0.,-1.,0.));
#17011=DIRECTION('',(1.,0.,0.));
#17012=DIRECTION('',(0.,0.,-1.));
#17013=DIRECTION('',(0.,-1.,0.));
#17014=DIRECTION('',(0.,0.,-1.));
#17015=DIRECTION('',(0.,-1.,0.));
#17016=DIRECTION('',(0.,0.,-1.));
#17017=DIRECTION('',(1.,0.,0.));
#17018=DIRECTION('',(0.,0.,-1.));
#17019=DIRECTION('',(-1.,0.,0.));
#17020=DIRECTION('',(1.,0.,0.));
#17021=DIRECTION('',(0.,0.,1.));
#17022=DIRECTION('',(1.,0.,0.));
#17023=DIRECTION('',(0.,0.,-1.));
#17024=DIRECTION('',(0.,1.,0.));
#17025=DIRECTION('',(0.,0.,-1.));
#17026=DIRECTION('',(0.,-1.,0.));
#17027=DIRECTION('',(1.,0.,0.));
#17028=DIRECTION('',(0.,0.,-1.));
#17029=DIRECTION('',(0.,-1.,0.));
#17030=DIRECTION('',(0.,0.,-1.));
#17031=DIRECTION('',(0.,-1.,0.));
#17032=DIRECTION('',(0.,0.,-1.));
#17033=DIRECTION('',(1.,0.,0.));
#17034=DIRECTION('',(0.,0.,-1.));
#17035=DIRECTION('',(-1.,0.,0.));
#17036=DIRECTION('',(1.,0.,0.));
#17037=DIRECTION('',(0.,0.,1.));
#17038=DIRECTION('',(1.,0.,0.));
#17039=DIRECTION('',(0.,0.,-1.));
#17040=DIRECTION('',(0.,1.,0.));
#17041=DIRECTION('',(0.,0.,-1.));
#17042=DIRECTION('',(0.,-1.,0.));
#17043=DIRECTION('',(1.,0.,0.));
#17044=DIRECTION('',(0.,0.,-1.));
#17045=DIRECTION('',(0.,-1.,0.));
#17046=DIRECTION('',(0.,0.,-1.));
#17047=DIRECTION('',(0.,-1.,0.));
#17048=DIRECTION('',(0.,0.,-1.));
#17049=DIRECTION('',(1.,0.,0.));
#17050=DIRECTION('',(0.,0.,-1.));
#17051=DIRECTION('',(-1.,0.,0.));
#17052=DIRECTION('',(1.,0.,0.));
#17053=DIRECTION('',(0.,0.,1.));
#17054=DIRECTION('',(1.,0.,0.));
#17055=DIRECTION('',(0.,0.,-1.));
#17056=DIRECTION('',(0.,1.,0.));
#17057=DIRECTION('',(0.,0.,-1.));
#17058=DIRECTION('',(0.,-1.,0.));
#17059=DIRECTION('',(1.,0.,0.));
#17060=DIRECTION('',(0.,0.,-1.));
#17061=DIRECTION('',(0.,-1.,0.));
#17062=DIRECTION('',(0.,0.,-1.));
#17063=DIRECTION('',(0.,-1.,0.));
#17064=DIRECTION('',(0.,0.,-1.));
#17065=DIRECTION('',(1.,0.,0.));
#17066=DIRECTION('',(0.,0.,-1.));
#17067=DIRECTION('',(-1.,0.,0.));
#17068=DIRECTION('',(1.,0.,0.));
#17069=DIRECTION('',(0.,0.,1.));
#17070=DIRECTION('',(1.,0.,0.));
#17071=DIRECTION('',(0.,0.,-1.));
#17072=DIRECTION('',(0.,1.,0.));
#17073=DIRECTION('',(0.,0.,-1.));
#17074=DIRECTION('',(0.,-1.,0.));
#17075=DIRECTION('',(1.,0.,0.));
#17076=DIRECTION('',(0.,0.,-1.));
#17077=DIRECTION('',(0.,-1.,0.));
#17078=DIRECTION('',(0.,0.,-1.));
#17079=DIRECTION('',(0.,-1.,0.));
#17080=DIRECTION('',(0.,0.,-1.));
#17081=DIRECTION('',(1.,0.,0.));
#17082=DIRECTION('',(0.,0.,-1.));
#17083=DIRECTION('',(-1.,0.,0.));
#17084=DIRECTION('',(1.,0.,0.));
#17085=DIRECTION('',(0.,0.,1.));
#17086=DIRECTION('',(1.,0.,0.));
#17087=DIRECTION('',(0.,0.,-1.));
#17088=DIRECTION('',(0.,1.,0.));
#17089=DIRECTION('',(0.,0.,-1.));
#17090=DIRECTION('',(0.,-1.,0.));
#17091=DIRECTION('',(1.,0.,0.));
#17092=DIRECTION('',(0.,0.,-1.));
#17093=DIRECTION('',(0.,-1.,0.));
#17094=DIRECTION('',(0.,0.,-1.));
#17095=DIRECTION('',(0.,-1.,0.));
#17096=DIRECTION('',(0.,0.,-1.));
#17097=DIRECTION('',(1.,0.,0.));
#17098=DIRECTION('',(0.,0.,-1.));
#17099=DIRECTION('',(-1.,0.,0.));
#17100=DIRECTION('',(1.,0.,0.));
#17101=DIRECTION('',(0.,0.,1.));
#17102=DIRECTION('',(1.,0.,0.));
#17103=DIRECTION('',(0.,0.,-1.));
#17104=DIRECTION('',(0.,1.,0.));
#17105=DIRECTION('',(0.,0.,-1.));
#17106=DIRECTION('',(0.,-1.,0.));
#17107=DIRECTION('',(1.,0.,0.));
#17108=DIRECTION('',(0.,0.,-1.));
#17109=DIRECTION('',(0.,-1.,0.));
#17110=DIRECTION('',(0.,0.,-1.));
#17111=DIRECTION('',(0.,-1.,0.));
#17112=DIRECTION('',(0.,0.,-1.));
#17113=DIRECTION('',(1.,0.,0.));
#17114=DIRECTION('',(0.,0.,-1.));
#17115=DIRECTION('',(-1.,0.,0.));
#17116=DIRECTION('',(1.,0.,0.));
#17117=DIRECTION('',(0.,0.,1.));
#17118=DIRECTION('',(1.,0.,0.));
#17119=DIRECTION('',(0.,0.,-1.));
#17120=DIRECTION('',(0.,1.,0.));
#17121=DIRECTION('',(0.,0.,-1.));
#17122=DIRECTION('',(0.,-1.,0.));
#17123=DIRECTION('',(1.,0.,0.));
#17124=DIRECTION('',(0.,0.,-1.));
#17125=DIRECTION('',(0.,-1.,0.));
#17126=DIRECTION('',(0.,0.,-1.));
#17127=DIRECTION('',(0.,-1.,0.));
#17128=DIRECTION('',(0.,0.,-1.));
#17129=DIRECTION('',(1.,0.,0.));
#17130=DIRECTION('',(0.,0.,-1.));
#17131=DIRECTION('',(-1.,0.,0.));
#17132=DIRECTION('',(1.,0.,0.));
#17133=DIRECTION('',(0.,0.,1.));
#17134=DIRECTION('',(1.,0.,0.));
#17135=DIRECTION('',(0.,0.,-1.));
#17136=DIRECTION('',(0.,1.,0.));
#17137=DIRECTION('',(0.,0.,-1.));
#17138=DIRECTION('',(0.,-1.,0.));
#17139=DIRECTION('',(1.,0.,0.));
#17140=DIRECTION('',(0.,0.,-1.));
#17141=DIRECTION('',(0.,-1.,0.));
#17142=DIRECTION('',(0.,0.,-1.));
#17143=DIRECTION('',(0.,-1.,0.));
#17144=DIRECTION('',(0.,0.,-1.));
#17145=DIRECTION('',(1.,0.,0.));
#17146=DIRECTION('',(0.,0.,-1.));
#17147=DIRECTION('',(-1.,0.,0.));
#17148=DIRECTION('',(1.,0.,0.));
#17149=DIRECTION('',(0.,0.,1.));
#17150=DIRECTION('',(1.,0.,0.));
#17151=DIRECTION('',(0.,0.,-1.));
#17152=DIRECTION('',(0.,1.,0.));
#17153=DIRECTION('',(0.,0.,-1.));
#17154=DIRECTION('',(0.,-1.,0.));
#17155=DIRECTION('',(1.,0.,0.));
#17156=DIRECTION('',(0.,0.,-1.));
#17157=DIRECTION('',(0.,-1.,0.));
#17158=DIRECTION('',(0.,0.,-1.));
#17159=DIRECTION('',(0.,-1.,0.));
#17160=DIRECTION('',(0.,0.,-1.));
#17161=DIRECTION('',(1.,0.,0.));
#17162=DIRECTION('',(0.,0.,-1.));
#17163=DIRECTION('',(-1.,0.,0.));
#17164=DIRECTION('',(1.,0.,0.));
#17165=DIRECTION('',(0.,0.,1.));
#17166=DIRECTION('',(1.,0.,0.));
#17167=DIRECTION('',(0.,0.,-1.));
#17168=DIRECTION('',(0.,1.,0.));
#17169=DIRECTION('',(0.,0.,-1.));
#17170=DIRECTION('',(0.,-1.,0.));
#17171=DIRECTION('',(1.,0.,0.));
#17172=DIRECTION('',(0.,0.,-1.));
#17173=DIRECTION('',(0.,-1.,0.));
#17174=DIRECTION('',(0.,0.,-1.));
#17175=DIRECTION('',(0.,-1.,0.));
#17176=DIRECTION('',(0.,0.,-1.));
#17177=DIRECTION('',(1.,0.,0.));
#17178=DIRECTION('',(0.,0.,-1.));
#17179=DIRECTION('',(-1.,0.,0.));
#17180=DIRECTION('',(1.,0.,0.));
#17181=DIRECTION('',(0.,0.,1.));
#17182=DIRECTION('',(1.,0.,0.));
#17183=DIRECTION('',(0.,0.,-1.));
#17184=DIRECTION('',(0.,1.,0.));
#17185=DIRECTION('',(0.,0.,-1.));
#17186=DIRECTION('',(0.,-1.,0.));
#17187=DIRECTION('',(1.,0.,0.));
#17188=DIRECTION('',(0.,0.,-1.));
#17189=DIRECTION('',(0.,-1.,0.));
#17190=DIRECTION('',(0.,0.,-1.));
#17191=DIRECTION('',(0.,-1.,0.));
#17192=DIRECTION('',(0.,0.,-1.));
#17193=DIRECTION('',(1.,0.,0.));
#17194=DIRECTION('',(0.,0.,-1.));
#17195=DIRECTION('',(-1.,0.,0.));
#17196=DIRECTION('',(1.,0.,0.));
#17197=DIRECTION('',(0.,0.,1.));
#17198=DIRECTION('',(1.,0.,0.));
#17199=DIRECTION('',(0.,0.,-1.));
#17200=DIRECTION('',(0.,1.,0.));
#17201=DIRECTION('',(0.,0.,-1.));
#17202=DIRECTION('',(0.,-1.,0.));
#17203=DIRECTION('',(1.,0.,0.));
#17204=DIRECTION('',(0.,0.,-1.));
#17205=DIRECTION('',(0.,-1.,0.));
#17206=DIRECTION('',(0.,0.,-1.));
#17207=DIRECTION('',(0.,-1.,0.));
#17208=DIRECTION('',(0.,0.,-1.));
#17209=DIRECTION('',(1.,0.,0.));
#17210=DIRECTION('',(0.,0.,-1.));
#17211=DIRECTION('',(-1.,0.,0.));
#17212=DIRECTION('',(1.,0.,0.));
#17213=DIRECTION('',(0.,0.,1.));
#17214=DIRECTION('',(1.,0.,0.));
#17215=DIRECTION('',(0.,0.,-1.));
#17216=DIRECTION('',(0.,1.,0.));
#17217=DIRECTION('',(0.,0.,-1.));
#17218=DIRECTION('',(0.,-1.,0.));
#17219=DIRECTION('',(1.,0.,0.));
#17220=DIRECTION('',(0.,0.,-1.));
#17221=DIRECTION('',(0.,-1.,0.));
#17222=DIRECTION('',(0.,0.,-1.));
#17223=DIRECTION('',(0.,-1.,0.));
#17224=DIRECTION('',(0.,0.,-1.));
#17225=DIRECTION('',(1.,0.,0.));
#17226=DIRECTION('',(0.,0.,-1.));
#17227=DIRECTION('',(-1.,0.,0.));
#17228=DIRECTION('',(1.,0.,0.));
#17229=DIRECTION('',(0.,0.,1.));
#17230=DIRECTION('',(1.,0.,0.));
#17231=DIRECTION('',(0.,0.,-1.));
#17232=DIRECTION('',(0.,1.,0.));
#17233=DIRECTION('',(0.,0.,-1.));
#17234=DIRECTION('',(0.,-1.,0.));
#17235=DIRECTION('',(1.,0.,0.));
#17236=DIRECTION('',(0.,0.,-1.));
#17237=DIRECTION('',(0.,-1.,0.));
#17238=DIRECTION('',(0.,0.,-1.));
#17239=DIRECTION('',(0.,-1.,0.));
#17240=DIRECTION('',(0.,0.,-1.));
#17241=DIRECTION('',(1.,0.,0.));
#17242=DIRECTION('',(0.,0.,-1.));
#17243=DIRECTION('',(-1.,0.,0.));
#17244=DIRECTION('',(1.,0.,0.));
#17245=DIRECTION('',(0.,0.,1.));
#17246=DIRECTION('',(1.,0.,0.));
#17247=DIRECTION('',(0.,0.,-1.));
#17248=DIRECTION('',(0.,1.,0.));
#17249=DIRECTION('',(0.,0.,-1.));
#17250=DIRECTION('',(0.,-1.,0.));
#17251=DIRECTION('',(1.,0.,0.));
#17252=DIRECTION('',(0.,0.,-1.));
#17253=DIRECTION('',(0.,-1.,0.));
#17254=DIRECTION('',(0.,0.,-1.));
#17255=DIRECTION('',(0.,-1.,0.));
#17256=DIRECTION('',(0.,0.,-1.));
#17257=DIRECTION('',(1.,0.,0.));
#17258=DIRECTION('',(0.,0.,-1.));
#17259=DIRECTION('',(0.,0.,-1.));
#17260=DIRECTION('',(0.,1.,0.));
#17261=DIRECTION('',(0.,0.,-1.));
#17262=DIRECTION('',(0.,-1.,0.));
#17263=DIRECTION('',(1.,0.,0.));
#17264=DIRECTION('',(0.,0.,-1.));
#17265=DIRECTION('',(-1.,0.,0.));
#17266=DIRECTION('',(1.,0.,0.));
#17267=DIRECTION('',(0.,0.,1.));
#17268=DIRECTION('',(1.,0.,0.));
#17269=DIRECTION('',(0.,-1.,0.));
#17270=DIRECTION('',(0.,0.,-1.));
#17271=DIRECTION('',(0.,-1.,0.));
#17272=DIRECTION('',(0.,0.,1.));
#17273=DIRECTION('',(1.,0.,0.));
#17274=DIRECTION('',(0.,0.,-1.));
#17275=DIRECTION('',(1.,0.,0.));
#17276=DIRECTION('',(1.,0.,0.));
#17277=DIRECTION('',(1.,0.,0.));
#17278=DIRECTION('',(0.,-1.,0.));
#17279=DIRECTION('',(1.,0.,0.));
#17280=DIRECTION('',(-1.,0.,0.));
#17281=DIRECTION('',(1.,0.,0.));
#17282=DIRECTION('',(-1.,0.,0.));
#17283=DIRECTION('',(1.,0.,0.));
#17284=DIRECTION('',(-1.,0.,0.));
#17285=DIRECTION('',(1.,0.,0.));
#17286=DIRECTION('',(-1.,0.,0.));
#17287=DIRECTION('',(1.,0.,0.));
#17288=DIRECTION('',(-1.,0.,0.));
#17289=DIRECTION('',(1.,0.,0.));
#17290=DIRECTION('',(-1.,0.,0.));
#17291=DIRECTION('',(1.,0.,0.));
#17292=DIRECTION('',(-1.,0.,0.));
#17293=DIRECTION('',(1.,0.,0.));
#17294=DIRECTION('',(-1.,0.,0.));
#17295=DIRECTION('',(1.,0.,0.));
#17296=DIRECTION('',(-1.,0.,0.));
#17297=DIRECTION('',(1.,0.,0.));
#17298=DIRECTION('',(-1.,0.,0.));
#17299=DIRECTION('',(1.,0.,0.));
#17300=DIRECTION('',(-1.,0.,0.));
#17301=DIRECTION('',(1.,0.,0.));
#17302=DIRECTION('',(-1.,0.,0.));
#17303=DIRECTION('',(1.,0.,0.));
#17304=DIRECTION('',(-1.,0.,0.));
#17305=DIRECTION('',(1.,0.,0.));
#17306=DIRECTION('',(-1.,0.,0.));
#17307=DIRECTION('',(1.,0.,0.));
#17308=DIRECTION('',(-1.,0.,0.));
#17309=DIRECTION('',(1.,0.,0.));
#17310=DIRECTION('',(-1.,0.,0.));
#17311=DIRECTION('',(1.,0.,0.));
#17312=DIRECTION('',(-1.,0.,0.));
#17313=DIRECTION('',(1.,0.,0.));
#17314=DIRECTION('',(-1.,0.,0.));
#17315=DIRECTION('',(1.,0.,0.));
#17316=DIRECTION('',(-1.,0.,0.));
#17317=DIRECTION('',(1.,0.,0.));
#17318=DIRECTION('',(-1.,0.,0.));
#17319=DIRECTION('',(1.,0.,0.));
#17320=DIRECTION('',(-1.,0.,0.));
#17321=DIRECTION('',(1.,0.,0.));
#17322=DIRECTION('',(-1.,0.,0.));
#17323=DIRECTION('',(1.,0.,0.));
#17324=DIRECTION('',(-1.,0.,0.));
#17325=DIRECTION('',(1.,0.,0.));
#17326=DIRECTION('',(-1.,0.,0.));
#17327=DIRECTION('',(1.,0.,0.));
#17328=DIRECTION('',(-1.,0.,0.));
#17329=DIRECTION('',(1.,0.,0.));
#17330=DIRECTION('',(-1.,0.,0.));
#17331=DIRECTION('',(1.,0.,0.));
#17332=DIRECTION('',(-1.,0.,0.));
#17333=DIRECTION('',(1.,0.,0.));
#17334=DIRECTION('',(-1.,0.,0.));
#17335=DIRECTION('',(1.,0.,0.));
#17336=DIRECTION('',(-1.,0.,0.));
#17337=DIRECTION('',(1.,0.,0.));
#17338=DIRECTION('',(-1.,0.,0.));
#17339=DIRECTION('',(1.,0.,0.));
#17340=DIRECTION('',(-1.,0.,0.));
#17341=DIRECTION('',(1.,0.,0.));
#17342=DIRECTION('',(-1.,0.,0.));
#17343=DIRECTION('',(1.,0.,0.));
#17344=DIRECTION('',(-1.,0.,0.));
#17345=DIRECTION('',(1.,0.,0.));
#17346=DIRECTION('',(-1.,0.,0.));
#17347=DIRECTION('',(1.,0.,0.));
#17348=DIRECTION('',(-1.,0.,0.));
#17349=DIRECTION('',(1.,0.,0.));
#17350=DIRECTION('',(-1.,0.,0.));
#17351=DIRECTION('',(1.,0.,0.));
#17352=DIRECTION('',(-1.,0.,0.));
#17353=DIRECTION('',(1.,0.,0.));
#17354=DIRECTION('',(-1.,0.,0.));
#17355=DIRECTION('',(1.,0.,0.));
#17356=DIRECTION('',(-1.,0.,0.));
#17357=DIRECTION('',(1.,0.,0.));
#17358=DIRECTION('',(-1.,0.,0.));
#17359=DIRECTION('',(1.,0.,0.));
#17360=DIRECTION('',(-1.,0.,0.));
#17361=DIRECTION('',(1.,0.,0.));
#17362=DIRECTION('',(-1.,0.,0.));
#17363=DIRECTION('',(1.,0.,0.));
#17364=DIRECTION('',(-1.,0.,0.));
#17365=DIRECTION('',(1.,0.,0.));
#17366=DIRECTION('',(-1.,0.,0.));
#17367=DIRECTION('',(1.,0.,0.));
#17368=DIRECTION('',(-1.,0.,0.));
#17369=DIRECTION('',(1.,0.,0.));
#17370=DIRECTION('',(1.,0.,0.));
#17371=DIRECTION('',(-1.,0.,0.));
#17372=DIRECTION('',(1.,0.,0.));
#17373=DIRECTION('',(-1.,0.,0.));
#17374=DIRECTION('',(1.,0.,0.));
#17375=DIRECTION('',(-1.,0.,0.));
#17376=DIRECTION('',(1.,0.,0.));
#17377=DIRECTION('',(-1.,0.,0.));
#17378=DIRECTION('',(1.,0.,0.));
#17379=DIRECTION('',(-1.,0.,0.));
#17380=DIRECTION('',(1.,0.,0.));
#17381=DIRECTION('',(-1.,0.,0.));
#17382=DIRECTION('',(1.,0.,0.));
#17383=DIRECTION('',(-1.,0.,0.));
#17384=DIRECTION('',(1.,0.,0.));
#17385=DIRECTION('',(-1.,0.,0.));
#17386=DIRECTION('',(1.,0.,0.));
#17387=DIRECTION('',(-1.,0.,0.));
#17388=DIRECTION('',(1.,0.,0.));
#17389=DIRECTION('',(-1.,0.,0.));
#17390=DIRECTION('',(1.,0.,0.));
#17391=DIRECTION('',(-1.,0.,0.));
#17392=DIRECTION('',(1.,0.,0.));
#17393=DIRECTION('',(-1.,0.,0.));
#17394=DIRECTION('',(1.,0.,0.));
#17395=DIRECTION('',(-1.,0.,0.));
#17396=DIRECTION('',(1.,0.,0.));
#17397=DIRECTION('',(-1.,0.,0.));
#17398=DIRECTION('',(1.,0.,0.));
#17399=DIRECTION('',(-1.,0.,0.));
#17400=DIRECTION('',(1.,0.,0.));
#17401=DIRECTION('',(-1.,0.,0.));
#17402=DIRECTION('',(1.,0.,0.));
#17403=DIRECTION('',(-1.,0.,0.));
#17404=DIRECTION('',(1.,0.,0.));
#17405=DIRECTION('',(-1.,0.,0.));
#17406=DIRECTION('',(1.,0.,0.));
#17407=DIRECTION('',(-1.,0.,0.));
#17408=DIRECTION('',(1.,0.,0.));
#17409=DIRECTION('',(-1.,0.,0.));
#17410=DIRECTION('',(1.,0.,0.));
#17411=DIRECTION('',(-1.,0.,0.));
#17412=DIRECTION('',(1.,0.,0.));
#17413=DIRECTION('',(-1.,0.,0.));
#17414=DIRECTION('',(1.,0.,0.));
#17415=DIRECTION('',(-1.,0.,0.));
#17416=DIRECTION('',(1.,-1.38777878078145E-15,0.));
#17417=DIRECTION('',(0.,-1.,0.));
#17418=DIRECTION('',(1.,0.,0.));
#17419=DIRECTION('',(-1.30922526488816E-15,-1.,0.));
#17420=DIRECTION('',(1.,0.,0.));
#17421=DIRECTION('',(9.85847010309217E-16,1.,0.));
#17422=DIRECTION('',(-1.,0.,0.));
#17423=DIRECTION('',(0.,-1.,0.));
#17424=DIRECTION('',(1.,0.,0.));
#17425=DIRECTION('',(-3.63465871157045E-15,-1.,0.));
#17426=DIRECTION('',(1.,0.,0.));
#17427=DIRECTION('',(5.28677630773884E-15,1.,0.));
#17428=DIRECTION('',(-1.,0.,0.));
#17429=DIRECTION('',(1.,0.,0.));
#17430=DIRECTION('',(-1.,0.,0.));
#17431=DIRECTION('',(0.,1.,0.));
#17432=DIRECTION('',(1.,0.,0.));
#17433=DIRECTION('',(0.,1.,0.));
#17434=DIRECTION('',(0.,0.,1.));
#17435=DIRECTION('',(1.,0.,0.));
#17436=DIRECTION('',(-1.,0.,0.));
#17437=DIRECTION('',(0.,-1.,0.));
#17438=DIRECTION('',(1.,0.,0.));
#17439=DIRECTION('',(0.,1.,0.));
#17440=DIRECTION('',(0.,0.,1.));
#17441=DIRECTION('',(1.,0.,0.));
#17442=DIRECTION('',(0.,0.,-1.));
#17443=DIRECTION('',(2.08166817117217E-16,1.,0.));
#17444=DIRECTION('',(0.,0.,-1.));
#17445=DIRECTION('',(-1.,2.08166817117217E-16,0.));
#17446=DIRECTION('',(-2.08166817117217E-16,-1.,0.));
#17447=DIRECTION('',(0.,0.,1.));
#17448=DIRECTION('',(0.,0.,-1.));
#17449=DIRECTION('',(-1.,0.,0.));
#17450=DIRECTION('',(0.,0.,-1.));
#17451=DIRECTION('',(-1.,0.,0.));
#17452=DIRECTION('',(0.,-1.,0.));
#17453=DIRECTION('',(0.,0.,-1.));
#17454=DIRECTION('',(0.,0.,-1.));
#17455=DIRECTION('',(0.,0.,-1.));
#17456=DIRECTION('',(0.,1.,0.));
#17457=DIRECTION('',(-1.,0.,0.));
#17458=DIRECTION('',(0.,0.,1.));
#17459=DIRECTION('',(0.,1.,0.));
#17460=DIRECTION('',(1.,0.,0.));
#17461=DIRECTION('',(0.,-1.,0.));
#17462=DIRECTION('',(-1.,0.,0.));
#17463=DIRECTION('',(0.,1.,0.));
#17464=DIRECTION('',(1.,0.,0.));
#17465=DIRECTION('',(0.,-1.,0.));
#17466=DIRECTION('',(-1.,0.,0.));
#17467=DIRECTION('',(0.,1.,0.));
#17468=DIRECTION('',(1.,0.,0.));
#17469=DIRECTION('',(0.,-1.,0.));
#17470=DIRECTION('',(-1.,0.,0.));
#17471=DIRECTION('',(0.,1.,0.));
#17472=DIRECTION('',(1.,0.,0.));
#17473=DIRECTION('',(0.,-1.,0.));
#17474=DIRECTION('',(-1.,0.,0.));
#17475=DIRECTION('',(0.,1.,0.));
#17476=DIRECTION('',(1.,0.,0.));
#17477=DIRECTION('',(0.,-1.,0.));
#17478=DIRECTION('',(-1.,0.,0.));
#17479=DIRECTION('',(0.,1.,0.));
#17480=DIRECTION('',(1.,0.,0.));
#17481=DIRECTION('',(0.,-1.,0.));
#17482=DIRECTION('',(-1.,0.,0.));
#17483=DIRECTION('',(0.,1.,0.));
#17484=DIRECTION('',(1.,0.,0.));
#17485=DIRECTION('',(0.,-1.,0.));
#17486=DIRECTION('',(-1.,0.,0.));
#17487=DIRECTION('',(0.,1.,0.));
#17488=DIRECTION('',(1.,0.,0.));
#17489=DIRECTION('',(0.,-1.,0.));
#17490=DIRECTION('',(-1.,0.,0.));
#17491=DIRECTION('',(0.,1.,0.));
#17492=DIRECTION('',(1.,0.,0.));
#17493=DIRECTION('',(0.,-1.,0.));
#17494=DIRECTION('',(-1.,0.,0.));
#17495=DIRECTION('',(0.,1.,0.));
#17496=DIRECTION('',(1.,0.,0.));
#17497=DIRECTION('',(0.,-1.,0.));
#17498=DIRECTION('',(-1.,0.,0.));
#17499=DIRECTION('',(0.,1.,0.));
#17500=DIRECTION('',(1.,0.,0.));
#17501=DIRECTION('',(0.,-1.,0.));
#17502=DIRECTION('',(-1.,0.,0.));
#17503=DIRECTION('',(1.,0.,0.));
#17504=DIRECTION('',(0.,-1.,0.));
#17505=DIRECTION('',(-1.,0.,0.));
#17506=DIRECTION('',(0.,1.,0.));
#17507=DIRECTION('',(1.,0.,0.));
#17508=DIRECTION('',(0.,-1.,0.));
#17509=DIRECTION('',(-1.,0.,0.));
#17510=DIRECTION('',(0.,1.,0.));
#17511=DIRECTION('',(1.,0.,0.));
#17512=DIRECTION('',(0.,-1.,0.));
#17513=DIRECTION('',(-1.,0.,0.));
#17514=DIRECTION('',(0.,1.,0.));
#17515=DIRECTION('',(1.,0.,0.));
#17516=DIRECTION('',(0.,-1.,0.));
#17517=DIRECTION('',(-1.,0.,0.));
#17518=DIRECTION('',(0.,1.,0.));
#17519=DIRECTION('',(1.,0.,0.));
#17520=DIRECTION('',(5.28677630773884E-15,1.,0.));
#17521=DIRECTION('',(-1.,0.,0.));
#17522=DIRECTION('',(0.,-1.,0.));
#17523=DIRECTION('',(1.,0.,0.));
#17524=DIRECTION('',(-1.30922526488816E-15,-1.,0.));
#17525=DIRECTION('',(-1.,0.,0.));
#17526=DIRECTION('',(0.,1.,0.));
#17527=DIRECTION('',(0.,0.,1.));
#17528=DIRECTION('',(1.,0.,0.));
#17529=DIRECTION('',(0.,1.,0.));
#17530=DIRECTION('',(1.,0.,0.));
#17531=DIRECTION('',(0.,-1.,0.));
#17532=DIRECTION('',(-1.,0.,0.));
#17533=DIRECTION('',(0.,1.,0.));
#17534=DIRECTION('',(1.,0.,0.));
#17535=DIRECTION('',(0.,-1.,0.));
#17536=DIRECTION('',(-1.,0.,0.));
#17537=DIRECTION('',(0.,1.,0.));
#17538=DIRECTION('',(1.,0.,0.));
#17539=DIRECTION('',(0.,-1.,0.));
#17540=DIRECTION('',(-1.,0.,0.));
#17541=DIRECTION('',(0.,1.,0.));
#17542=DIRECTION('',(1.,0.,0.));
#17543=DIRECTION('',(0.,-1.,0.));
#17544=DIRECTION('',(-1.,0.,0.));
#17545=DIRECTION('',(0.,1.,0.));
#17546=DIRECTION('',(1.,0.,0.));
#17547=DIRECTION('',(0.,-1.,0.));
#17548=DIRECTION('',(-1.,0.,0.));
#17549=DIRECTION('',(0.,1.,0.));
#17550=DIRECTION('',(1.,0.,0.));
#17551=DIRECTION('',(0.,-1.,0.));
#17552=DIRECTION('',(-1.,0.,0.));
#17553=DIRECTION('',(0.,1.,0.));
#17554=DIRECTION('',(1.,0.,0.));
#17555=DIRECTION('',(0.,-1.,0.));
#17556=DIRECTION('',(-1.,0.,0.));
#17557=DIRECTION('',(0.,1.,0.));
#17558=DIRECTION('',(1.,0.,0.));
#17559=DIRECTION('',(0.,-1.,0.));
#17560=DIRECTION('',(-1.,0.,0.));
#17561=DIRECTION('',(0.,1.,0.));
#17562=DIRECTION('',(1.,0.,0.));
#17563=DIRECTION('',(0.,-1.,0.));
#17564=DIRECTION('',(-1.,0.,0.));
#17565=DIRECTION('',(0.,1.,0.));
#17566=DIRECTION('',(1.,0.,0.));
#17567=DIRECTION('',(0.,-1.,0.));
#17568=DIRECTION('',(-1.,0.,0.));
#17569=DIRECTION('',(0.,1.,0.));
#17570=DIRECTION('',(1.,0.,0.));
#17571=DIRECTION('',(0.,-1.,0.));
#17572=DIRECTION('',(-1.,0.,0.));
#17573=DIRECTION('',(0.,1.,0.));
#17574=DIRECTION('',(1.,0.,0.));
#17575=DIRECTION('',(-4.16333634234434E-16,-1.,0.));
#17576=DIRECTION('',(-1.,0.,0.));
#17577=DIRECTION('',(0.,1.,0.));
#17578=DIRECTION('',(1.,0.,0.));
#17579=DIRECTION('',(-3.81639164714898E-16,-1.,0.));
#17580=DIRECTION('',(-1.,0.,0.));
#17581=DIRECTION('',(0.,1.,0.));
#17582=DIRECTION('',(1.,0.,0.));
#17583=DIRECTION('',(-3.81639164714898E-16,-1.,0.));
#17584=DIRECTION('',(-1.,0.,0.));
#17585=DIRECTION('',(0.,1.,0.));
#17586=DIRECTION('',(1.,0.,0.));
#17587=DIRECTION('',(-4.16333634234434E-16,-1.,0.));
#17588=DIRECTION('',(-1.,0.,0.));
#17589=DIRECTION('',(-1.,0.,0.));
#17590=DIRECTION('',(-3.63465871157045E-15,-1.,0.));
#17591=DIRECTION('',(1.,0.,0.));
#17592=DIRECTION('',(1.38777878078145E-16,-1.,0.));
#17593=DIRECTION('',(9.85847010309217E-16,1.,0.));
#17594=DIRECTION('',(1.,0.,0.));
#17595=DIRECTION('',(0.,1.,0.));
#17596=DIRECTION('',(0.,0.,1.));
#17597=DIRECTION('',(1.,0.,0.));
#17598=DIRECTION('',(0.,0.,-1.));
#17599=DIRECTION('',(0.,0.,-1.));
#17600=DIRECTION('',(0.,0.,-1.));
#17601=DIRECTION('',(-1.,0.,0.));
#17602=DIRECTION('',(0.,0.,-1.));
#17603=DIRECTION('',(0.,-1.,0.));
#17604=DIRECTION('',(0.,0.,-1.));
#17605=DIRECTION('',(0.,0.,-1.));
#17606=DIRECTION('',(0.,0.,-1.));
#17607=DIRECTION('',(0.,0.,-1.));
#17608=DIRECTION('',(1.,0.,0.));
#17609=DIRECTION('',(0.,0.,-1.));
#17610=DIRECTION('',(0.,1.,0.));
#17611=DIRECTION('',(0.,0.,1.));
#17612=DIRECTION('',(-1.,0.,0.));
#17613=DIRECTION('',(1.,0.,0.));
#17614=DIRECTION('',(0.,0.,1.));
#17615=DIRECTION('',(1.,0.,0.));
#17616=DIRECTION('',(-1.,0.,0.));
#17617=DIRECTION('',(1.,0.,0.));
#17618=DIRECTION('',(0.,0.,1.));
#17619=DIRECTION('',(1.,0.,0.));
#17620=DIRECTION('',(0.,-1.,0.));
#17621=DIRECTION('',(1.,0.,0.));
#17622=DIRECTION('',(0.,1.,0.));
#17623=DIRECTION('',(-1.,0.,0.));
#17624=DIRECTION('',(0.,-1.,0.));
#17625=DIRECTION('',(1.,0.,0.));
#17626=DIRECTION('',(0.,1.,0.));
#17627=DIRECTION('',(-1.,0.,0.));
#17628=DIRECTION('',(0.,-1.,0.));
#17629=DIRECTION('',(1.,0.,0.));
#17630=DIRECTION('',(0.,1.,0.));
#17631=DIRECTION('',(-1.,0.,0.));
#17632=DIRECTION('',(2.47817639425258E-16,-1.,0.));
#17633=DIRECTION('',(1.,2.56996070515082E-16,0.));
#17634=DIRECTION('',(-7.43452918275774E-16,1.,0.));
#17635=DIRECTION('',(-1.,0.,0.));
#17636=DIRECTION('',(0.,-1.,0.));
#17637=DIRECTION('',(1.,0.,0.));
#17638=DIRECTION('',(0.,1.,0.));
#17639=DIRECTION('',(-1.,0.,0.));
#17640=DIRECTION('',(0.,-1.,0.));
#17641=DIRECTION('',(-1.,0.,0.));
#17642=DIRECTION('',(0.,1.,0.));
#17643=DIRECTION('',(1.,0.,0.));
#17644=DIRECTION('',(0.,-1.,0.));
#17645=DIRECTION('',(1.,0.,0.));
#17646=DIRECTION('',(0.,1.,0.));
#17647=DIRECTION('',(-1.,0.,0.));
#17648=DIRECTION('',(0.,-1.,0.));
#17649=DIRECTION('',(1.,0.,0.));
#17650=DIRECTION('',(0.,1.,0.));
#17651=DIRECTION('',(-1.,0.,0.));
#17652=DIRECTION('',(0.,-1.,0.));
#17653=DIRECTION('',(1.,0.,0.));
#17654=DIRECTION('',(0.,1.,0.));
#17655=DIRECTION('',(-1.,0.,0.));
#17656=DIRECTION('',(0.,-1.,0.));
#17657=DIRECTION('',(1.,0.,0.));
#17658=DIRECTION('',(0.,1.,0.));
#17659=DIRECTION('',(-1.,0.,0.));
#17660=DIRECTION('',(2.47817639425258E-16,-1.,0.));
#17661=DIRECTION('',(1.,5.13992141030165E-16,0.));
#17662=DIRECTION('',(0.,1.,0.));
#17663=DIRECTION('',(-1.,0.,0.));
#17664=DIRECTION('',(0.,0.,1.));
#17665=DIRECTION('',(1.,0.,0.));
#17666=DIRECTION('',(0.,0.,-1.));
#17667=DIRECTION('',(0.,-1.,0.));
#17668=DIRECTION('',(0.,0.,-1.));
#17669=DIRECTION('',(1.,0.,0.));
#17670=DIRECTION('',(0.,0.,-1.));
#17671=DIRECTION('',(0.,0.,-1.));
#17672=DIRECTION('',(1.,0.,0.));
#17673=DIRECTION('',(0.,1.,0.));
#17674=DIRECTION('',(0.,0.,1.));
#17675=DIRECTION('',(0.,0.,-1.));
#17676=DIRECTION('',(0.,1.,0.));
#17677=DIRECTION('',(-1.,0.,0.));
#17678=DIRECTION('',(0.,0.,1.));
#17679=DIRECTION('',(-1.,0.,0.));
#17680=DIRECTION('',(0.,-1.,0.));
#17681=DIRECTION('',(0.,0.,-1.));
#17682=DIRECTION('',(0.,0.,1.));
#17683=DIRECTION('',(0.,1.,0.));
#17684=DIRECTION('',(0.,0.,1.));
#17685=DIRECTION('',(1.,0.,0.));
#17686=DIRECTION('',(0.,0.,-1.));
#17687=DIRECTION('',(-1.,0.,0.));
#17688=DIRECTION('',(0.,0.,1.));
#17689=DIRECTION('',(0.,1.,0.));
#17690=DIRECTION('',(0.,0.,1.));
#17691=DIRECTION('',(0.,-1.,0.));
#17692=DIRECTION('',(0.,0.,1.));
#17693=DIRECTION('',(-1.,0.,0.));
#17694=DIRECTION('',(0.,0.,1.));
#17695=DIRECTION('',(1.,0.,0.));
#17696=DIRECTION('',(0.,-1.,0.));
#17697=DIRECTION('',(0.,0.,-1.));
#17698=DIRECTION('',(0.,0.,1.));
#17699=DIRECTION('',(1.,0.,0.));
#17700=DIRECTION('',(0.,0.,1.));
#17701=DIRECTION('',(0.,1.,0.));
#17702=DIRECTION('',(0.,0.,1.));
#17703=DIRECTION('',(1.,0.,0.));
#17704=DIRECTION('',(0.,0.,-1.));
#17705=DIRECTION('',(-1.,0.,0.));
#17706=DIRECTION('',(0.,0.,1.));
#17707=DIRECTION('',(0.,1.,0.));
#17708=DIRECTION('',(0.,0.,1.));
#17709=DIRECTION('',(0.,-1.,0.));
#17710=DIRECTION('',(0.,0.,1.));
#17711=DIRECTION('',(-1.,0.,0.));
#17712=DIRECTION('',(0.,0.,1.));
#17713=DIRECTION('',(1.,0.,0.));
#17714=DIRECTION('',(0.,-1.,0.));
#17715=DIRECTION('',(0.,0.,-1.));
#17716=DIRECTION('',(0.,0.,1.));
#17717=DIRECTION('',(1.,0.,0.));
#17718=DIRECTION('',(0.,0.,1.));
#17719=DIRECTION('',(-2.47817639425258E-16,1.,0.));
#17720=DIRECTION('',(0.,0.,1.));
#17721=DIRECTION('',(1.,2.47817639425258E-16,0.));
#17722=DIRECTION('',(-2.46330733588707E-16,1.,0.));
#17723=DIRECTION('',(-1.,-2.56996070515082E-16,0.));
#17724=DIRECTION('',(0.,0.,1.));
#17725=DIRECTION('',(-2.56996070515082E-16,1.,0.));
#17726=DIRECTION('',(-1.,-2.56739074444567E-16,0.));
#17727=DIRECTION('',(7.43452918275774E-16,-1.,0.));
#17728=DIRECTION('',(0.,0.,1.));
#17729=DIRECTION('',(-1.,-7.43452918275774E-16,0.));
#17730=DIRECTION('',(7.42461647718073E-16,-1.,0.));
#17731=DIRECTION('',(1.,0.,0.));
#17732=DIRECTION('',(0.,-1.,0.));
#17733=DIRECTION('',(0.,0.,-1.));
#17734=DIRECTION('',(0.,0.,1.));
#17735=DIRECTION('',(1.,0.,0.));
#17736=DIRECTION('',(0.,0.,1.));
#17737=DIRECTION('',(0.,1.,0.));
#17738=DIRECTION('',(0.,0.,1.));
#17739=DIRECTION('',(1.,0.,0.));
#17740=DIRECTION('',(0.,0.,-1.));
#17741=DIRECTION('',(-1.,0.,0.));
#17742=DIRECTION('',(0.,0.,1.));
#17743=DIRECTION('',(0.,1.,0.));
#17744=DIRECTION('',(0.,0.,1.));
#17745=DIRECTION('',(0.,-1.,0.));
#17746=DIRECTION('',(0.,0.,1.));
#17747=DIRECTION('',(-1.,0.,0.));
#17748=DIRECTION('',(0.,0.,1.));
#17749=DIRECTION('',(1.,0.,0.));
#17750=DIRECTION('',(0.,-1.,0.));
#17751=DIRECTION('',(0.,0.,-1.));
#17752=DIRECTION('',(0.,0.,1.));
#17753=DIRECTION('',(1.,0.,0.));
#17754=DIRECTION('',(0.,0.,1.));
#17755=DIRECTION('',(0.,1.,0.));
#17756=DIRECTION('',(0.,0.,1.));
#17757=DIRECTION('',(1.,0.,0.));
#17758=DIRECTION('',(0.,0.,-1.));
#17759=DIRECTION('',(-1.,0.,0.));
#17760=DIRECTION('',(0.,0.,1.));
#17761=DIRECTION('',(0.,1.,0.));
#17762=DIRECTION('',(0.,0.,1.));
#17763=DIRECTION('',(0.,-1.,0.));
#17764=DIRECTION('',(0.,0.,1.));
#17765=DIRECTION('',(-1.,0.,0.));
#17766=DIRECTION('',(0.,0.,1.));
#17767=DIRECTION('',(1.,0.,0.));
#17768=DIRECTION('',(0.,-1.,0.));
#17769=DIRECTION('',(0.,0.,-1.));
#17770=DIRECTION('',(0.,0.,1.));
#17771=DIRECTION('',(1.,0.,0.));
#17772=DIRECTION('',(0.,0.,1.));
#17773=DIRECTION('',(0.,1.,0.));
#17774=DIRECTION('',(0.,0.,1.));
#17775=DIRECTION('',(1.,0.,0.));
#17776=DIRECTION('',(0.,0.,-1.));
#17777=DIRECTION('',(-1.,0.,0.));
#17778=DIRECTION('',(0.,0.,1.));
#17779=DIRECTION('',(0.,1.,0.));
#17780=DIRECTION('',(0.,0.,1.));
#17781=DIRECTION('',(0.,-1.,0.));
#17782=DIRECTION('',(0.,0.,1.));
#17783=DIRECTION('',(-1.,0.,0.));
#17784=DIRECTION('',(0.,0.,1.));
#17785=DIRECTION('',(1.,0.,0.));
#17786=DIRECTION('',(0.,-1.,0.));
#17787=DIRECTION('',(0.,0.,-1.));
#17788=DIRECTION('',(0.,0.,1.));
#17789=DIRECTION('',(1.,0.,0.));
#17790=DIRECTION('',(0.,0.,1.));
#17791=DIRECTION('',(0.,1.,0.));
#17792=DIRECTION('',(0.,0.,1.));
#17793=DIRECTION('',(1.,0.,0.));
#17794=DIRECTION('',(0.,0.,-1.));
#17795=DIRECTION('',(-1.,0.,0.));
#17796=DIRECTION('',(0.,0.,1.));
#17797=DIRECTION('',(0.,1.,0.));
#17798=DIRECTION('',(0.,0.,1.));
#17799=DIRECTION('',(0.,-1.,0.));
#17800=DIRECTION('',(0.,0.,1.));
#17801=DIRECTION('',(-1.,0.,0.));
#17802=DIRECTION('',(0.,0.,1.));
#17803=DIRECTION('',(1.,0.,0.));
#17804=DIRECTION('',(0.,-1.,0.));
#17805=DIRECTION('',(0.,0.,-1.));
#17806=DIRECTION('',(0.,0.,1.));
#17807=DIRECTION('',(1.,0.,0.));
#17808=DIRECTION('',(0.,0.,1.));
#17809=DIRECTION('',(0.,1.,0.));
#17810=DIRECTION('',(0.,0.,1.));
#17811=DIRECTION('',(1.,0.,0.));
#17812=DIRECTION('',(0.,0.,-1.));
#17813=DIRECTION('',(-1.,0.,0.));
#17814=DIRECTION('',(0.,0.,1.));
#17815=DIRECTION('',(0.,1.,0.));
#17816=DIRECTION('',(0.,0.,1.));
#17817=DIRECTION('',(0.,-1.,0.));
#17818=DIRECTION('',(0.,0.,1.));
#17819=DIRECTION('',(-1.,0.,0.));
#17820=DIRECTION('',(0.,0.,1.));
#17821=DIRECTION('',(1.,0.,0.));
#17822=DIRECTION('',(0.,-1.,0.));
#17823=DIRECTION('',(0.,0.,-1.));
#17824=DIRECTION('',(0.,0.,1.));
#17825=DIRECTION('',(1.,0.,0.));
#17826=DIRECTION('',(0.,0.,1.));
#17827=DIRECTION('',(0.,1.,0.));
#17828=DIRECTION('',(0.,0.,1.));
#17829=DIRECTION('',(1.,0.,0.));
#17830=DIRECTION('',(0.,0.,-1.));
#17831=DIRECTION('',(-1.,0.,0.));
#17832=DIRECTION('',(0.,0.,1.));
#17833=DIRECTION('',(0.,1.,0.));
#17834=DIRECTION('',(0.,0.,1.));
#17835=DIRECTION('',(0.,-1.,0.));
#17836=DIRECTION('',(0.,0.,1.));
#17837=DIRECTION('',(-1.,0.,0.));
#17838=DIRECTION('',(0.,0.,1.));
#17839=DIRECTION('',(1.,0.,0.));
#17840=DIRECTION('',(0.,-1.,0.));
#17841=DIRECTION('',(0.,0.,-1.));
#17842=DIRECTION('',(0.,0.,1.));
#17843=DIRECTION('',(1.,0.,0.));
#17844=DIRECTION('',(0.,0.,1.));
#17845=DIRECTION('',(-2.47817639425258E-16,1.,0.));
#17846=DIRECTION('',(0.,0.,1.));
#17847=DIRECTION('',(1.,2.47817639425258E-16,0.));
#17848=DIRECTION('',(-2.4980018054066E-16,1.,0.));
#17849=DIRECTION('',(-1.,-5.13992141030165E-16,0.));
#17850=DIRECTION('',(0.,0.,1.));
#17851=DIRECTION('',(-5.13992141030165E-16,1.,0.));
#17852=DIRECTION('',(-1.,-5.13478148889135E-16,0.));
#17853=DIRECTION('',(0.,-1.,0.));
#17854=DIRECTION('',(0.,0.,1.));
#17855=DIRECTION('',(-1.,0.,0.));
#17856=DIRECTION('',(0.,0.,1.));
#17857=DIRECTION('',(1.,0.,0.));
#17858=DIRECTION('',(0.,-1.,0.));
#17859=DIRECTION('',(0.,0.,-1.));
#17860=DIRECTION('',(0.,0.,1.));
#17861=DIRECTION('',(1.,0.,0.));
#17862=DIRECTION('',(0.,1.,0.));
#17863=DIRECTION('',(-1.,0.,0.));
#17864=DIRECTION('',(0.,0.,1.));
#17865=DIRECTION('',(0.,-1.,0.));
#17866=DIRECTION('',(1.,0.,0.));
#17867=DIRECTION('',(0.,0.,-1.));
#17868=DIRECTION('',(0.,0.,1.));
#17869=DIRECTION('',(1.,0.,0.));
#17870=DIRECTION('',(0.,0.,-1.));
#17871=DIRECTION('',(0.,1.,0.));
#17872=DIRECTION('',(0.,0.,-1.));
#17873=DIRECTION('',(-1.,0.,0.));
#17874=DIRECTION('',(0.,0.,1.));
#17875=DIRECTION('',(1.,0.,0.));
#17876=DIRECTION('',(0.,0.,-1.));
#17877=DIRECTION('',(0.,1.,0.));
#17878=DIRECTION('',(0.,0.,1.));
#17879=DIRECTION('',(0.,-1.,0.));
#17880=DIRECTION('',(0.,0.,-1.));
#17881=DIRECTION('',(1.,0.,0.));
#17882=DIRECTION('',(0.,0.,-1.));
#17883=DIRECTION('',(-1.,0.,0.));
#17884=DIRECTION('',(0.,-1.,0.));
#17885=DIRECTION('',(0.,0.,-1.));
#17886=DIRECTION('',(0.,0.,-1.));
#17887=DIRECTION('',(-1.,0.,0.));
#17888=DIRECTION('',(0.,0.,-1.));
#17889=DIRECTION('',(0.,1.,0.));
#17890=DIRECTION('',(0.,0.,-1.));
#17891=DIRECTION('',(-1.,0.,0.));
#17892=DIRECTION('',(0.,0.,1.));
#17893=DIRECTION('',(1.,0.,0.));
#17894=DIRECTION('',(0.,0.,-1.));
#17895=DIRECTION('',(0.,1.,0.));
#17896=DIRECTION('',(0.,0.,1.));
#17897=DIRECTION('',(0.,-1.,0.));
#17898=DIRECTION('',(0.,0.,-1.));
#17899=DIRECTION('',(1.,0.,0.));
#17900=DIRECTION('',(0.,0.,-1.));
#17901=DIRECTION('',(-1.,0.,0.));
#17902=DIRECTION('',(0.,-1.,0.));
#17903=DIRECTION('',(0.,0.,-1.));
#17904=DIRECTION('',(0.,0.,-1.));
#17905=DIRECTION('',(-1.,0.,0.));
#17906=DIRECTION('',(0.,0.,-1.));
#17907=DIRECTION('',(0.,1.,0.));
#17908=DIRECTION('',(0.,0.,-1.));
#17909=DIRECTION('',(-1.,0.,0.));
#17910=DIRECTION('',(0.,0.,1.));
#17911=DIRECTION('',(1.,0.,0.));
#17912=DIRECTION('',(0.,0.,-1.));
#17913=DIRECTION('',(0.,1.,0.));
#17914=DIRECTION('',(0.,0.,1.));
#17915=DIRECTION('',(0.,-1.,0.));
#17916=DIRECTION('',(0.,0.,-1.));
#17917=DIRECTION('',(1.,0.,0.));
#17918=DIRECTION('',(0.,0.,-1.));
#17919=DIRECTION('',(-1.,0.,0.));
#17920=DIRECTION('',(0.,-1.,0.));
#17921=DIRECTION('',(0.,0.,-1.));
#17922=DIRECTION('',(0.,0.,-1.));
#17923=DIRECTION('',(-1.,0.,0.));
#17924=DIRECTION('',(0.,0.,-1.));
#17925=DIRECTION('',(0.,1.,0.));
#17926=DIRECTION('',(0.,0.,-1.));
#17927=DIRECTION('',(-1.,0.,0.));
#17928=DIRECTION('',(0.,0.,1.));
#17929=DIRECTION('',(1.,0.,0.));
#17930=DIRECTION('',(0.,0.,-1.));
#17931=DIRECTION('',(0.,1.,0.));
#17932=DIRECTION('',(0.,0.,1.));
#17933=DIRECTION('',(0.,-1.,0.));
#17934=DIRECTION('',(0.,0.,-1.));
#17935=DIRECTION('',(1.,0.,0.));
#17936=DIRECTION('',(0.,0.,-1.));
#17937=DIRECTION('',(-1.,0.,0.));
#17938=DIRECTION('',(0.,-1.,0.));
#17939=DIRECTION('',(0.,0.,-1.));
#17940=DIRECTION('',(0.,0.,-1.));
#17941=DIRECTION('',(-1.,0.,0.));
#17942=DIRECTION('',(0.,0.,-1.));
#17943=DIRECTION('',(0.,1.,0.));
#17944=DIRECTION('',(0.,0.,-1.));
#17945=DIRECTION('',(-1.,0.,0.));
#17946=DIRECTION('',(0.,0.,1.));
#17947=DIRECTION('',(1.,0.,0.));
#17948=DIRECTION('',(0.,0.,-1.));
#17949=DIRECTION('',(0.,1.,0.));
#17950=DIRECTION('',(0.,0.,1.));
#17951=DIRECTION('',(0.,-1.,0.));
#17952=DIRECTION('',(0.,0.,-1.));
#17953=DIRECTION('',(1.,0.,0.));
#17954=DIRECTION('',(0.,0.,-1.));
#17955=DIRECTION('',(-1.,0.,0.));
#17956=DIRECTION('',(0.,-1.,0.));
#17957=DIRECTION('',(0.,0.,-1.));
#17958=DIRECTION('',(0.,0.,-1.));
#17959=DIRECTION('',(-1.,0.,0.));
#17960=DIRECTION('',(0.,0.,-1.));
#17961=DIRECTION('',(0.,1.,0.));
#17962=DIRECTION('',(0.,0.,-1.));
#17963=DIRECTION('',(-1.,0.,0.));
#17964=DIRECTION('',(0.,0.,1.));
#17965=DIRECTION('',(1.,0.,0.));
#17966=DIRECTION('',(0.,0.,-1.));
#17967=DIRECTION('',(0.,1.,0.));
#17968=DIRECTION('',(0.,0.,1.));
#17969=DIRECTION('',(0.,-1.,0.));
#17970=DIRECTION('',(0.,0.,-1.));
#17971=DIRECTION('',(1.,0.,0.));
#17972=DIRECTION('',(0.,0.,-1.));
#17973=DIRECTION('',(-1.,0.,0.));
#17974=DIRECTION('',(0.,-1.,0.));
#17975=DIRECTION('',(0.,0.,-1.));
#17976=DIRECTION('',(0.,0.,-1.));
#17977=DIRECTION('',(-1.,0.,0.));
#17978=DIRECTION('',(0.,0.,-1.));
#17979=DIRECTION('',(0.,1.,0.));
#17980=DIRECTION('',(0.,0.,-1.));
#17981=DIRECTION('',(-1.,0.,0.));
#17982=DIRECTION('',(0.,0.,1.));
#17983=DIRECTION('',(1.,0.,0.));
#17984=DIRECTION('',(0.,0.,-1.));
#17985=DIRECTION('',(0.,1.,0.));
#17986=DIRECTION('',(0.,0.,1.));
#17987=DIRECTION('',(0.,-1.,0.));
#17988=DIRECTION('',(0.,0.,-1.));
#17989=DIRECTION('',(1.,0.,0.));
#17990=DIRECTION('',(0.,0.,-1.));
#17991=DIRECTION('',(-1.,0.,0.));
#17992=DIRECTION('',(0.,-1.,0.));
#17993=DIRECTION('',(0.,0.,-1.));
#17994=DIRECTION('',(0.,0.,-1.));
#17995=DIRECTION('',(-1.,0.,0.));
#17996=DIRECTION('',(0.,0.,-1.));
#17997=DIRECTION('',(0.,1.,0.));
#17998=DIRECTION('',(0.,0.,-1.));
#17999=DIRECTION('',(-1.,0.,0.));
#18000=DIRECTION('',(0.,0.,1.));
#18001=DIRECTION('',(1.,0.,0.));
#18002=DIRECTION('',(0.,0.,-1.));
#18003=DIRECTION('',(0.,1.,0.));
#18004=DIRECTION('',(0.,0.,1.));
#18005=DIRECTION('',(0.,-1.,0.));
#18006=DIRECTION('',(0.,0.,-1.));
#18007=DIRECTION('',(1.,0.,0.));
#18008=DIRECTION('',(0.,0.,-1.));
#18009=DIRECTION('',(-1.,0.,0.));
#18010=DIRECTION('',(0.,-1.,0.));
#18011=DIRECTION('',(0.,0.,-1.));
#18012=DIRECTION('',(0.,0.,-1.));
#18013=DIRECTION('',(-1.,0.,0.));
#18014=DIRECTION('',(0.,0.,-1.));
#18015=DIRECTION('',(0.,1.,0.));
#18016=DIRECTION('',(0.,0.,-1.));
#18017=DIRECTION('',(-1.,0.,0.));
#18018=DIRECTION('',(0.,0.,1.));
#18019=DIRECTION('',(1.,0.,0.));
#18020=DIRECTION('',(0.,0.,-1.));
#18021=DIRECTION('',(0.,1.,0.));
#18022=DIRECTION('',(0.,0.,1.));
#18023=DIRECTION('',(0.,-1.,0.));
#18024=DIRECTION('',(0.,0.,-1.));
#18025=DIRECTION('',(1.,0.,0.));
#18026=DIRECTION('',(0.,0.,-1.));
#18027=DIRECTION('',(-1.,0.,0.));
#18028=DIRECTION('',(0.,-1.,0.));
#18029=DIRECTION('',(0.,0.,-1.));
#18030=DIRECTION('',(0.,0.,-1.));
#18031=DIRECTION('',(-1.,0.,0.));
#18032=DIRECTION('',(0.,0.,-1.));
#18033=DIRECTION('',(0.,1.,0.));
#18034=DIRECTION('',(0.,0.,-1.));
#18035=DIRECTION('',(-1.,0.,0.));
#18036=DIRECTION('',(0.,0.,1.));
#18037=DIRECTION('',(1.,0.,0.));
#18038=DIRECTION('',(0.,0.,-1.));
#18039=DIRECTION('',(0.,1.,0.));
#18040=DIRECTION('',(0.,0.,1.));
#18041=DIRECTION('',(0.,-1.,0.));
#18042=DIRECTION('',(0.,0.,-1.));
#18043=DIRECTION('',(1.,0.,0.));
#18044=DIRECTION('',(0.,0.,-1.));
#18045=DIRECTION('',(-1.,0.,0.));
#18046=DIRECTION('',(0.,-1.,0.));
#18047=DIRECTION('',(0.,0.,-1.));
#18048=DIRECTION('',(0.,0.,-1.));
#18049=DIRECTION('',(-1.,0.,0.));
#18050=DIRECTION('',(0.,0.,-1.));
#18051=DIRECTION('',(0.,1.,0.));
#18052=DIRECTION('',(0.,0.,-1.));
#18053=DIRECTION('',(-1.,0.,0.));
#18054=DIRECTION('',(0.,0.,1.));
#18055=DIRECTION('',(1.,0.,0.));
#18056=DIRECTION('',(0.,0.,-1.));
#18057=DIRECTION('',(0.,1.,0.));
#18058=DIRECTION('',(0.,0.,1.));
#18059=DIRECTION('',(0.,-1.,0.));
#18060=DIRECTION('',(0.,0.,-1.));
#18061=DIRECTION('',(1.,0.,0.));
#18062=DIRECTION('',(0.,0.,-1.));
#18063=DIRECTION('',(-1.,0.,0.));
#18064=DIRECTION('',(0.,-1.,0.));
#18065=DIRECTION('',(0.,0.,-1.));
#18066=DIRECTION('',(0.,0.,-1.));
#18067=DIRECTION('',(-1.,0.,0.));
#18068=DIRECTION('',(0.,0.,-1.));
#18069=DIRECTION('',(0.,1.,0.));
#18070=DIRECTION('',(0.,0.,-1.));
#18071=DIRECTION('',(-1.,0.,0.));
#18072=DIRECTION('',(0.,0.,1.));
#18073=DIRECTION('',(1.,0.,0.));
#18074=DIRECTION('',(0.,0.,-1.));
#18075=DIRECTION('',(0.,1.,0.));
#18076=DIRECTION('',(0.,0.,1.));
#18077=DIRECTION('',(0.,-1.,0.));
#18078=DIRECTION('',(0.,0.,-1.));
#18079=DIRECTION('',(1.,0.,0.));
#18080=DIRECTION('',(0.,0.,-1.));
#18081=DIRECTION('',(-1.,0.,0.));
#18082=DIRECTION('',(0.,-1.,0.));
#18083=DIRECTION('',(0.,0.,-1.));
#18084=DIRECTION('',(0.,0.,-1.));
#18085=DIRECTION('',(-1.,0.,0.));
#18086=DIRECTION('',(0.,0.,-1.));
#18087=DIRECTION('',(0.,1.,0.));
#18088=DIRECTION('',(0.,0.,-1.));
#18089=DIRECTION('',(-1.,0.,0.));
#18090=DIRECTION('',(0.,0.,1.));
#18091=DIRECTION('',(1.,0.,0.));
#18092=DIRECTION('',(0.,0.,-1.));
#18093=DIRECTION('',(0.,1.,0.));
#18094=DIRECTION('',(0.,0.,1.));
#18095=DIRECTION('',(0.,-1.,0.));
#18096=DIRECTION('',(0.,0.,-1.));
#18097=DIRECTION('',(1.,0.,0.));
#18098=DIRECTION('',(0.,0.,-1.));
#18099=DIRECTION('',(-1.,0.,0.));
#18100=DIRECTION('',(0.,-1.,0.));
#18101=DIRECTION('',(0.,0.,-1.));
#18102=DIRECTION('',(0.,0.,-1.));
#18103=DIRECTION('',(-1.,0.,0.));
#18104=DIRECTION('',(0.,0.,-1.));
#18105=DIRECTION('',(0.,1.,0.));
#18106=DIRECTION('',(0.,0.,-1.));
#18107=DIRECTION('',(-1.,0.,0.));
#18108=DIRECTION('',(0.,0.,1.));
#18109=DIRECTION('',(1.,0.,0.));
#18110=DIRECTION('',(0.,0.,-1.));
#18111=DIRECTION('',(0.,1.,0.));
#18112=DIRECTION('',(0.,0.,1.));
#18113=DIRECTION('',(0.,-1.,0.));
#18114=DIRECTION('',(0.,0.,-1.));
#18115=DIRECTION('',(1.,0.,0.));
#18116=DIRECTION('',(0.,0.,-1.));
#18117=DIRECTION('',(-1.,0.,0.));
#18118=DIRECTION('',(0.,-1.,0.));
#18119=DIRECTION('',(0.,0.,-1.));
#18120=DIRECTION('',(0.,0.,-1.));
#18121=DIRECTION('',(-1.,0.,0.));
#18122=DIRECTION('',(0.,0.,-1.));
#18123=DIRECTION('',(0.,1.,0.));
#18124=DIRECTION('',(0.,0.,-1.));
#18125=DIRECTION('',(-1.,0.,0.));
#18126=DIRECTION('',(0.,0.,1.));
#18127=DIRECTION('',(1.,0.,0.));
#18128=DIRECTION('',(0.,0.,-1.));
#18129=DIRECTION('',(0.,1.,0.));
#18130=DIRECTION('',(0.,0.,1.));
#18131=DIRECTION('',(0.,-1.,0.));
#18132=DIRECTION('',(0.,0.,-1.));
#18133=DIRECTION('',(1.,0.,0.));
#18134=DIRECTION('',(0.,0.,-1.));
#18135=DIRECTION('',(-1.,0.,0.));
#18136=DIRECTION('',(0.,-1.,0.));
#18137=DIRECTION('',(0.,0.,-1.));
#18138=DIRECTION('',(0.,0.,-1.));
#18139=DIRECTION('',(-1.,0.,0.));
#18140=DIRECTION('',(0.,0.,-1.));
#18141=DIRECTION('',(0.,1.,0.));
#18142=DIRECTION('',(0.,0.,-1.));
#18143=DIRECTION('',(-1.,0.,0.));
#18144=DIRECTION('',(0.,0.,1.));
#18145=DIRECTION('',(1.,0.,0.));
#18146=DIRECTION('',(0.,0.,-1.));
#18147=DIRECTION('',(0.,1.,0.));
#18148=DIRECTION('',(0.,0.,1.));
#18149=DIRECTION('',(0.,-1.,0.));
#18150=DIRECTION('',(0.,0.,-1.));
#18151=DIRECTION('',(1.,0.,0.));
#18152=DIRECTION('',(0.,0.,-1.));
#18153=DIRECTION('',(-1.,0.,0.));
#18154=DIRECTION('',(0.,-1.,0.));
#18155=DIRECTION('',(0.,0.,-1.));
#18156=DIRECTION('',(0.,0.,-1.));
#18157=DIRECTION('',(-1.,0.,0.));
#18158=DIRECTION('',(0.,0.,-1.));
#18159=DIRECTION('',(0.,1.,0.));
#18160=DIRECTION('',(0.,0.,-1.));
#18161=DIRECTION('',(-1.,0.,0.));
#18162=DIRECTION('',(0.,0.,1.));
#18163=DIRECTION('',(1.,0.,0.));
#18164=DIRECTION('',(0.,0.,-1.));
#18165=DIRECTION('',(0.,1.,0.));
#18166=DIRECTION('',(0.,0.,1.));
#18167=DIRECTION('',(0.,-1.,0.));
#18168=DIRECTION('',(0.,0.,-1.));
#18169=DIRECTION('',(1.,0.,0.));
#18170=DIRECTION('',(0.,0.,-1.));
#18171=DIRECTION('',(-1.,0.,0.));
#18172=DIRECTION('',(0.,-1.,0.));
#18173=DIRECTION('',(0.,0.,-1.));
#18174=DIRECTION('',(0.,0.,-1.));
#18175=DIRECTION('',(-1.,0.,0.));
#18176=DIRECTION('',(0.,0.,-1.));
#18177=DIRECTION('',(0.,1.,0.));
#18178=DIRECTION('',(0.,0.,-1.));
#18179=DIRECTION('',(-1.,0.,0.));
#18180=DIRECTION('',(0.,0.,1.));
#18181=DIRECTION('',(1.,0.,0.));
#18182=DIRECTION('',(0.,0.,-1.));
#18183=DIRECTION('',(0.,1.,0.));
#18184=DIRECTION('',(0.,0.,1.));
#18185=DIRECTION('',(0.,-1.,0.));
#18186=DIRECTION('',(0.,0.,-1.));
#18187=DIRECTION('',(1.,0.,0.));
#18188=DIRECTION('',(0.,0.,-1.));
#18189=DIRECTION('',(-1.,0.,0.));
#18190=DIRECTION('',(0.,-1.,0.));
#18191=DIRECTION('',(0.,0.,-1.));
#18192=DIRECTION('',(0.,0.,-1.));
#18193=DIRECTION('',(-1.,0.,0.));
#18194=DIRECTION('',(0.,0.,-1.));
#18195=DIRECTION('',(0.,1.,0.));
#18196=DIRECTION('',(0.,0.,-1.));
#18197=DIRECTION('',(-1.,0.,0.));
#18198=DIRECTION('',(0.,0.,1.));
#18199=DIRECTION('',(1.,0.,0.));
#18200=DIRECTION('',(0.,0.,-1.));
#18201=DIRECTION('',(0.,1.,0.));
#18202=DIRECTION('',(0.,0.,1.));
#18203=DIRECTION('',(0.,-1.,0.));
#18204=DIRECTION('',(0.,0.,-1.));
#18205=DIRECTION('',(1.,0.,0.));
#18206=DIRECTION('',(0.,0.,-1.));
#18207=DIRECTION('',(-1.,0.,0.));
#18208=DIRECTION('',(0.,-1.,0.));
#18209=DIRECTION('',(0.,0.,-1.));
#18210=DIRECTION('',(0.,0.,-1.));
#18211=DIRECTION('',(-1.,0.,0.));
#18212=DIRECTION('',(0.,0.,-1.));
#18213=DIRECTION('',(0.,1.,0.));
#18214=DIRECTION('',(0.,0.,-1.));
#18215=DIRECTION('',(-1.,0.,0.));
#18216=DIRECTION('',(0.,0.,1.));
#18217=DIRECTION('',(1.,0.,0.));
#18218=DIRECTION('',(0.,0.,-1.));
#18219=DIRECTION('',(0.,1.,0.));
#18220=DIRECTION('',(0.,0.,1.));
#18221=DIRECTION('',(0.,-1.,0.));
#18222=DIRECTION('',(0.,0.,-1.));
#18223=DIRECTION('',(1.,0.,0.));
#18224=DIRECTION('',(0.,0.,-1.));
#18225=DIRECTION('',(-1.,0.,0.));
#18226=DIRECTION('',(0.,-1.,0.));
#18227=DIRECTION('',(0.,0.,-1.));
#18228=DIRECTION('',(0.,0.,-1.));
#18229=DIRECTION('',(-1.,0.,0.));
#18230=DIRECTION('',(0.,0.,-1.));
#18231=DIRECTION('',(0.,1.,0.));
#18232=DIRECTION('',(0.,0.,-1.));
#18233=DIRECTION('',(-1.,0.,0.));
#18234=DIRECTION('',(0.,0.,1.));
#18235=DIRECTION('',(1.,0.,0.));
#18236=DIRECTION('',(0.,0.,-1.));
#18237=DIRECTION('',(0.,1.,0.));
#18238=DIRECTION('',(0.,0.,1.));
#18239=DIRECTION('',(0.,-1.,0.));
#18240=DIRECTION('',(0.,0.,-1.));
#18241=DIRECTION('',(1.,0.,0.));
#18242=DIRECTION('',(0.,0.,-1.));
#18243=DIRECTION('',(-1.,0.,0.));
#18244=DIRECTION('',(0.,-1.,0.));
#18245=DIRECTION('',(0.,0.,-1.));
#18246=DIRECTION('',(0.,0.,-1.));
#18247=DIRECTION('',(-1.,0.,0.));
#18248=DIRECTION('',(0.,0.,-1.));
#18249=DIRECTION('',(0.,1.,0.));
#18250=DIRECTION('',(0.,0.,-1.));
#18251=DIRECTION('',(-1.,0.,0.));
#18252=DIRECTION('',(0.,0.,1.));
#18253=DIRECTION('',(1.,0.,0.));
#18254=DIRECTION('',(0.,0.,-1.));
#18255=DIRECTION('',(0.,1.,0.));
#18256=DIRECTION('',(0.,0.,1.));
#18257=DIRECTION('',(0.,-1.,0.));
#18258=DIRECTION('',(0.,0.,-1.));
#18259=DIRECTION('',(1.,0.,0.));
#18260=DIRECTION('',(0.,0.,-1.));
#18261=DIRECTION('',(-1.,0.,0.));
#18262=DIRECTION('',(0.,-1.,0.));
#18263=DIRECTION('',(0.,0.,-1.));
#18264=DIRECTION('',(0.,0.,-1.));
#18265=DIRECTION('',(-1.,0.,0.));
#18266=DIRECTION('',(0.,0.,-1.));
#18267=DIRECTION('',(0.,-1.,0.));
#18268=DIRECTION('',(0.,0.,-1.));
#18269=DIRECTION('',(1.,0.,0.));
#18270=DIRECTION('',(0.,0.,-1.));
#18271=DIRECTION('',(0.,0.,-1.));
#18272=DIRECTION('',(1.,0.,0.));
#18273=DIRECTION('',(0.,1.,0.));
#18274=DIRECTION('',(0.,0.,1.));
#18275=DIRECTION('',(0.,0.,-1.));
#18276=DIRECTION('',(0.,1.,0.));
#18277=DIRECTION('',(-1.,0.,0.));
#18278=DIRECTION('',(0.,0.,1.));
#18279=DIRECTION('',(-1.,0.,0.));
#18280=DIRECTION('',(0.,-1.,0.));
#18281=DIRECTION('',(0.,0.,-1.));
#18282=DIRECTION('',(0.,0.,1.));
#18283=DIRECTION('',(1.,0.,0.));
#18284=DIRECTION('',(0.,0.,-1.));
#18285=DIRECTION('',(0.,-1.,0.));
#18286=DIRECTION('',(0.,0.,-1.));
#18287=DIRECTION('',(1.,0.,0.));
#18288=DIRECTION('',(0.,0.,-1.));
#18289=DIRECTION('',(0.,0.,-1.));
#18290=DIRECTION('',(1.,0.,0.));
#18291=DIRECTION('',(0.,1.,0.));
#18292=DIRECTION('',(0.,0.,1.));
#18293=DIRECTION('',(0.,0.,-1.));
#18294=DIRECTION('',(0.,1.,0.));
#18295=DIRECTION('',(-1.,0.,0.));
#18296=DIRECTION('',(0.,0.,1.));
#18297=DIRECTION('',(-1.,0.,0.));
#18298=DIRECTION('',(0.,-1.,0.));
#18299=DIRECTION('',(0.,0.,-1.));
#18300=DIRECTION('',(0.,0.,1.));
#18301=DIRECTION('',(1.,0.,0.));
#18302=DIRECTION('',(0.,0.,-1.));
#18303=DIRECTION('',(0.,-1.,0.));
#18304=DIRECTION('',(0.,0.,-1.));
#18305=DIRECTION('',(1.,0.,0.));
#18306=DIRECTION('',(0.,0.,-1.));
#18307=DIRECTION('',(0.,0.,-1.));
#18308=DIRECTION('',(1.,0.,0.));
#18309=DIRECTION('',(0.,1.,0.));
#18310=DIRECTION('',(0.,0.,1.));
#18311=DIRECTION('',(0.,0.,-1.));
#18312=DIRECTION('',(0.,1.,0.));
#18313=DIRECTION('',(-1.,0.,0.));
#18314=DIRECTION('',(0.,0.,1.));
#18315=DIRECTION('',(-1.,0.,0.));
#18316=DIRECTION('',(0.,-1.,0.));
#18317=DIRECTION('',(0.,0.,-1.));
#18318=DIRECTION('',(0.,0.,1.));
#18319=DIRECTION('',(1.,0.,0.));
#18320=DIRECTION('',(0.,0.,-1.));
#18321=DIRECTION('',(0.,-1.,0.));
#18322=DIRECTION('',(0.,0.,-1.));
#18323=DIRECTION('',(1.,0.,0.));
#18324=DIRECTION('',(0.,0.,-1.));
#18325=DIRECTION('',(0.,0.,-1.));
#18326=DIRECTION('',(1.,0.,0.));
#18327=DIRECTION('',(0.,1.,0.));
#18328=DIRECTION('',(0.,0.,1.));
#18329=DIRECTION('',(0.,0.,-1.));
#18330=DIRECTION('',(0.,1.,0.));
#18331=DIRECTION('',(-1.,0.,0.));
#18332=DIRECTION('',(0.,0.,1.));
#18333=DIRECTION('',(-1.,0.,0.));
#18334=DIRECTION('',(0.,-1.,0.));
#18335=DIRECTION('',(0.,0.,-1.));
#18336=DIRECTION('',(0.,0.,1.));
#18337=DIRECTION('',(1.,0.,0.));
#18338=DIRECTION('',(0.,0.,1.));
#18339=DIRECTION('',(0.,0.,-1.));
#18340=DIRECTION('',(0.,0.,-1.));
#18341=DIRECTION('',(0.,1.,0.));
#18342=DIRECTION('',(0.,0.,1.));
#18343=DIRECTION('',(0.,0.,-1.));
#18344=DIRECTION('',(-1.,0.,0.));
#18345=DIRECTION('',(0.,0.,1.));
#18346=DIRECTION('',(0.,0.,1.));
#18347=DIRECTION('',(0.,0.,-1.));
#18348=DIRECTION('',(0.,-1.,0.));
#18349=DIRECTION('',(0.,0.,-1.));
#18350=DIRECTION('',(0.,0.,1.));
#18351=DIRECTION('',(1.,0.,0.));
#18352=DIRECTION('',(0.,0.,-1.));
#18353=DIRECTION('',(0.,0.,-1.));
#18354=DIRECTION('',(0.,1.,0.));
#18355=DIRECTION('',(0.,0.,1.));
#18356=DIRECTION('',(1.38777878078145E-16,-1.,0.));
#18357=DIRECTION('',(1.,1.38777878078145E-16,0.));
#18358=DIRECTION('',(-1.38777878078145E-16,1.,0.));
#18359=DIRECTION('',(0.,-1.,0.));
#18360=DIRECTION('',(0.,0.,1.));
#18361=DIRECTION('',(1.,0.,0.));
#18362=DIRECTION('',(0.,0.,-1.));
#18363=DIRECTION('',(0.,1.,0.));
#18364=DIRECTION('',(0.,0.,-1.));
#18365=DIRECTION('',(-1.,0.,0.));
#18366=DIRECTION('',(0.,0.,1.));
#18367=DIRECTION('',(1.,0.,0.));
#18368=DIRECTION('',(0.,0.,-1.));
#18369=DIRECTION('',(0.,1.,0.));
#18370=DIRECTION('',(0.,0.,1.));
#18371=DIRECTION('',(-4.16333634234434E-16,-1.,0.));
#18372=DIRECTION('',(0.,0.,-1.));
#18373=DIRECTION('',(1.,-4.16333634234434E-16,0.));
#18374=DIRECTION('',(4.16333634234434E-16,1.,0.));
#18375=DIRECTION('',(-1.,0.,0.));
#18376=DIRECTION('',(0.,-1.,0.));
#18377=DIRECTION('',(0.,0.,-1.));
#18378=DIRECTION('',(0.,0.,-1.));
#18379=DIRECTION('',(-1.,0.,0.));
#18380=DIRECTION('',(0.,0.,-1.));
#18381=DIRECTION('',(0.,1.,0.));
#18382=DIRECTION('',(0.,0.,-1.));
#18383=DIRECTION('',(-1.,0.,0.));
#18384=DIRECTION('',(0.,0.,1.));
#18385=DIRECTION('',(1.,0.,0.));
#18386=DIRECTION('',(0.,0.,-1.));
#18387=DIRECTION('',(0.,1.,0.));
#18388=DIRECTION('',(0.,0.,1.));
#18389=DIRECTION('',(-3.81639164714898E-16,-1.,0.));
#18390=DIRECTION('',(0.,0.,-1.));
#18391=DIRECTION('',(1.,-3.81639164714898E-16,0.));
#18392=DIRECTION('',(3.81639164714898E-16,1.,0.));
#18393=DIRECTION('',(-1.,0.,0.));
#18394=DIRECTION('',(0.,-1.,0.));
#18395=DIRECTION('',(0.,0.,-1.));
#18396=DIRECTION('',(0.,0.,-1.));
#18397=DIRECTION('',(-1.,0.,0.));
#18398=DIRECTION('',(0.,0.,-1.));
#18399=DIRECTION('',(0.,1.,0.));
#18400=DIRECTION('',(0.,0.,-1.));
#18401=DIRECTION('',(-1.,0.,0.));
#18402=DIRECTION('',(0.,0.,1.));
#18403=DIRECTION('',(1.,0.,0.));
#18404=DIRECTION('',(0.,0.,-1.));
#18405=DIRECTION('',(0.,1.,0.));
#18406=DIRECTION('',(0.,0.,1.));
#18407=DIRECTION('',(-3.81639164714898E-16,-1.,0.));
#18408=DIRECTION('',(0.,0.,-1.));
#18409=DIRECTION('',(1.,-3.81639164714898E-16,0.));
#18410=DIRECTION('',(3.81639164714898E-16,1.,0.));
#18411=DIRECTION('',(-1.,0.,0.));
#18412=DIRECTION('',(0.,-1.,0.));
#18413=DIRECTION('',(0.,0.,-1.));
#18414=DIRECTION('',(0.,0.,-1.));
#18415=DIRECTION('',(-1.,0.,0.));
#18416=DIRECTION('',(0.,0.,-1.));
#18417=DIRECTION('',(0.,1.,0.));
#18418=DIRECTION('',(0.,0.,-1.));
#18419=DIRECTION('',(-1.,0.,0.));
#18420=DIRECTION('',(0.,0.,1.));
#18421=DIRECTION('',(1.,0.,0.));
#18422=DIRECTION('',(0.,0.,-1.));
#18423=DIRECTION('',(0.,1.,0.));
#18424=DIRECTION('',(0.,0.,1.));
#18425=DIRECTION('',(-4.16333634234434E-16,-1.,0.));
#18426=DIRECTION('',(0.,0.,-1.));
#18427=DIRECTION('',(1.,-4.16333634234434E-16,0.));
#18428=DIRECTION('',(4.16333634234434E-16,1.,0.));
#18429=DIRECTION('',(-1.,0.,0.));
#18430=DIRECTION('',(0.,-1.,0.));
#18431=DIRECTION('',(0.,0.,-1.));
#18432=DIRECTION('',(0.,0.,-1.));
#18433=DIRECTION('',(-1.,0.,0.));
#18434=DIRECTION('',(0.,0.,1.));
#18435=DIRECTION('',(0.,0.,-1.));
#18436=DIRECTION('',(1.,0.,0.));
#18437=DIRECTION('',(0.,0.,-1.));
#18438=DIRECTION('',(-1.,9.85847010309217E-16,0.));
#18439=DIRECTION('',(-9.85322934354826E-16,-1.,0.));
#18440=DIRECTION('',(1.,-1.30922526488816E-15,0.));
#18441=DIRECTION('',(1.30451205393456E-15,1.,0.));
#18442=DIRECTION('',(1.,-3.63465871157045E-15,0.));
#18443=DIRECTION('',(3.63598040564739E-15,1.,0.));
#18444=DIRECTION('',(-1.,5.28677630773884E-15,0.));
#18445=DIRECTION('',(-5.28743715477731E-15,-1.,0.));
#18446=DIRECTION('',(0.,1.,0.));
#18447=DIRECTION('',(0.,0.,1.));
#18448=DIRECTION('',(0.,1.,0.));
#18449=DIRECTION('',(0.,0.,1.));
#18450=DIRECTION('',(-1.,0.,0.));
#18451=DIRECTION('',(0.,0.,1.));
#18452=DIRECTION('',(-1.,0.,0.));
#18453=DIRECTION('',(0.,0.,1.));
#18454=DIRECTION('',(0.,1.,0.));
#18455=DIRECTION('',(0.,0.,1.));
#18456=DIRECTION('',(0.,-1.,0.));
#18457=DIRECTION('',(0.,0.,-1.));
#18458=DIRECTION('',(0.,1.,0.));
#18459=DIRECTION('',(0.,0.,1.));
#18460=DIRECTION('',(0.,-1.,0.));
#18461=DIRECTION('',(0.,0.,-1.));
#18462=DIRECTION('',(0.,1.,0.));
#18463=DIRECTION('',(0.,0.,1.));
#18464=DIRECTION('',(0.,-1.,0.));
#18465=DIRECTION('',(0.,0.,-1.));
#18466=DIRECTION('',(0.,1.,0.));
#18467=DIRECTION('',(0.,0.,1.));
#18468=DIRECTION('',(0.,-1.,0.));
#18469=DIRECTION('',(0.,0.,-1.));
#18470=DIRECTION('',(0.,1.,0.));
#18471=DIRECTION('',(0.,0.,1.));
#18472=DIRECTION('',(0.,-1.,0.));
#18473=DIRECTION('',(0.,0.,-1.));
#18474=DIRECTION('',(0.,1.,0.));
#18475=DIRECTION('',(0.,0.,1.));
#18476=DIRECTION('',(0.,-1.,0.));
#18477=DIRECTION('',(0.,0.,-1.));
#18478=DIRECTION('',(0.,1.,0.));
#18479=DIRECTION('',(0.,0.,1.));
#18480=DIRECTION('',(0.,-1.,0.));
#18481=DIRECTION('',(0.,0.,-1.));
#18482=DIRECTION('',(0.,1.,0.));
#18483=DIRECTION('',(0.,0.,1.));
#18484=DIRECTION('',(0.,-1.,0.));
#18485=DIRECTION('',(0.,0.,-1.));
#18486=DIRECTION('',(0.,1.,0.));
#18487=DIRECTION('',(0.,0.,1.));
#18488=DIRECTION('',(0.,-1.,0.));
#18489=DIRECTION('',(0.,0.,-1.));
#18490=DIRECTION('',(0.,1.,0.));
#18491=DIRECTION('',(0.,0.,1.));
#18492=DIRECTION('',(0.,-1.,0.));
#18493=DIRECTION('',(0.,0.,-1.));
#18494=DIRECTION('',(0.,1.,0.));
#18495=DIRECTION('',(0.,0.,1.));
#18496=DIRECTION('',(0.,-1.,0.));
#18497=DIRECTION('',(0.,0.,-1.));
#18498=DIRECTION('',(0.,1.,0.));
#18499=DIRECTION('',(0.,0.,1.));
#18500=DIRECTION('',(0.,-1.,0.));
#18501=DIRECTION('',(0.,0.,-1.));
#18502=DIRECTION('',(0.,1.,0.));
#18503=DIRECTION('',(0.,0.,1.));
#18504=DIRECTION('',(0.,-1.,0.));
#18505=DIRECTION('',(0.,0.,-1.));
#18506=DIRECTION('',(0.,1.,0.));
#18507=DIRECTION('',(0.,0.,1.));
#18508=DIRECTION('',(0.,-1.,0.));
#18509=DIRECTION('',(0.,0.,-1.));
#18510=DIRECTION('',(0.,1.,0.));
#18511=DIRECTION('',(0.,0.,1.));
#18512=DIRECTION('',(0.,-1.,0.));
#18513=DIRECTION('',(0.,0.,-1.));
#18514=DIRECTION('',(0.,1.,0.));
#18515=DIRECTION('',(0.,0.,1.));
#18516=DIRECTION('',(0.,-1.,0.));
#18517=DIRECTION('',(0.,0.,-1.));
#18518=DIRECTION('',(0.,1.,0.));
#18519=DIRECTION('',(0.,0.,1.));
#18520=DIRECTION('',(0.,-1.,0.));
#18521=DIRECTION('',(0.,0.,-1.));
#18522=DIRECTION('',(0.,1.,0.));
#18523=DIRECTION('',(0.,0.,1.));
#18524=DIRECTION('',(0.,-1.,0.));
#18525=DIRECTION('',(0.,0.,-1.));
#18526=DIRECTION('',(0.,1.,0.));
#18527=DIRECTION('',(0.,0.,1.));
#18528=DIRECTION('',(0.,-1.,0.));
#18529=DIRECTION('',(0.,0.,-1.));
#18530=DIRECTION('',(0.,1.,0.));
#18531=DIRECTION('',(0.,0.,1.));
#18532=DIRECTION('',(0.,-1.,0.));
#18533=DIRECTION('',(0.,0.,-1.));
#18534=DIRECTION('',(0.,1.,0.));
#18535=DIRECTION('',(0.,0.,1.));
#18536=DIRECTION('',(0.,-1.,0.));
#18537=DIRECTION('',(0.,0.,-1.));
#18538=DIRECTION('',(0.,1.,0.));
#18539=DIRECTION('',(0.,0.,1.));
#18540=DIRECTION('',(0.,-1.,0.));
#18541=DIRECTION('',(0.,0.,-1.));
#18542=DIRECTION('',(0.,1.,0.));
#18543=DIRECTION('',(0.,0.,1.));
#18544=DIRECTION('',(0.,-1.,0.));
#18545=DIRECTION('',(0.,0.,-1.));
#18546=DIRECTION('',(0.,1.,0.));
#18547=DIRECTION('',(0.,0.,1.));
#18548=DIRECTION('',(0.,-1.,0.));
#18549=DIRECTION('',(0.,0.,-1.));
#18550=DIRECTION('',(0.,1.,0.));
#18551=DIRECTION('',(0.,0.,1.));
#18552=DIRECTION('',(0.,-1.,0.));
#18553=DIRECTION('',(0.,0.,-1.));
#18554=DIRECTION('',(0.,1.,0.));
#18555=DIRECTION('',(0.,0.,1.));
#18556=DIRECTION('',(0.,-1.,0.));
#18557=DIRECTION('',(0.,0.,-1.));
#18558=DIRECTION('',(0.,1.,0.));
#18559=DIRECTION('',(0.,0.,1.));
#18560=DIRECTION('',(0.,-1.,0.));
#18561=DIRECTION('',(0.,0.,-1.));
#18562=DIRECTION('',(0.,1.,0.));
#18563=DIRECTION('',(0.,0.,1.));
#18564=DIRECTION('',(0.,-1.,0.));
#18565=DIRECTION('',(0.,0.,-1.));
#18566=DIRECTION('',(0.,1.,0.));
#18567=DIRECTION('',(0.,0.,1.));
#18568=DIRECTION('',(0.,-1.,0.));
#18569=DIRECTION('',(0.,0.,-1.));
#18570=DIRECTION('',(0.,1.,0.));
#18571=DIRECTION('',(0.,0.,1.));
#18572=DIRECTION('',(0.,-1.,0.));
#18573=DIRECTION('',(0.,0.,-1.));
#18574=DIRECTION('',(0.,1.,0.));
#18575=DIRECTION('',(0.,0.,1.));
#18576=DIRECTION('',(0.,-1.,0.));
#18577=DIRECTION('',(0.,0.,-1.));
#18578=DIRECTION('',(0.,1.,0.));
#18579=DIRECTION('',(0.,0.,1.));
#18580=DIRECTION('',(0.,-1.,0.));
#18581=DIRECTION('',(0.,0.,-1.));
#18582=DIRECTION('',(0.,1.,0.));
#18583=DIRECTION('',(0.,0.,1.));
#18584=DIRECTION('',(0.,-1.,0.));
#18585=DIRECTION('',(0.,0.,-1.));
#18586=DIRECTION('',(0.,1.,0.));
#18587=DIRECTION('',(0.,0.,1.));
#18588=DIRECTION('',(0.,-1.,0.));
#18589=DIRECTION('',(0.,0.,-1.));
#18590=DIRECTION('',(0.,1.,0.));
#18591=DIRECTION('',(0.,0.,1.));
#18592=DIRECTION('',(0.,-1.,0.));
#18593=DIRECTION('',(0.,0.,-1.));
#18594=DIRECTION('',(0.,1.,0.));
#18595=DIRECTION('',(0.,0.,1.));
#18596=DIRECTION('',(0.,-1.,0.));
#18597=DIRECTION('',(0.,0.,-1.));
#18598=DIRECTION('',(0.,-1.,0.));
#18599=DIRECTION('',(0.,0.,-1.));
#18600=DIRECTION('',(0.,1.,0.));
#18601=DIRECTION('',(0.,0.,1.));
#18602=DIRECTION('',(0.,1.,0.));
#18603=DIRECTION('',(0.,0.,1.));
#18604=DIRECTION('',(0.,-1.,0.));
#18605=DIRECTION('',(0.,0.,-1.));
#18606=DIRECTION('',(0.,1.,0.));
#18607=DIRECTION('',(0.,0.,1.));
#18608=DIRECTION('',(0.,-1.,0.));
#18609=DIRECTION('',(0.,0.,-1.));
#18610=DIRECTION('',(0.,1.,0.));
#18611=DIRECTION('',(0.,0.,1.));
#18612=DIRECTION('',(0.,-1.,0.));
#18613=DIRECTION('',(0.,0.,-1.));
#18614=DIRECTION('',(0.,1.,0.));
#18615=DIRECTION('',(0.,0.,1.));
#18616=DIRECTION('',(0.,-1.,0.));
#18617=DIRECTION('',(0.,0.,-1.));
#18618=DIRECTION('',(0.,1.,0.));
#18619=DIRECTION('',(0.,0.,1.));
#18620=DIRECTION('',(0.,-1.,0.));
#18621=DIRECTION('',(0.,0.,-1.));
#18622=DIRECTION('',(0.,1.,0.));
#18623=DIRECTION('',(0.,0.,1.));
#18624=DIRECTION('',(0.,-1.,0.));
#18625=DIRECTION('',(0.,0.,-1.));
#18626=DIRECTION('',(0.,1.,0.));
#18627=DIRECTION('',(0.,0.,1.));
#18628=DIRECTION('',(0.,-1.,0.));
#18629=DIRECTION('',(0.,0.,-1.));
#18630=DIRECTION('',(0.,1.,0.));
#18631=DIRECTION('',(0.,0.,1.));
#18632=DIRECTION('',(0.,-1.,0.));
#18633=DIRECTION('',(0.,0.,-1.));
#18634=DIRECTION('',(0.,1.,0.));
#18635=DIRECTION('',(0.,0.,1.));
#18636=DIRECTION('',(0.,-1.,0.));
#18637=DIRECTION('',(0.,0.,-1.));
#18638=DIRECTION('',(0.,1.,0.));
#18639=DIRECTION('',(0.,0.,1.));
#18640=DIRECTION('',(0.,-1.,0.));
#18641=DIRECTION('',(0.,0.,-1.));
#18642=DIRECTION('',(0.,1.,0.));
#18643=DIRECTION('',(0.,0.,1.));
#18644=DIRECTION('',(0.,-1.,0.));
#18645=DIRECTION('',(0.,0.,-1.));
#18646=DIRECTION('',(0.,1.,0.));
#18647=DIRECTION('',(0.,0.,1.));
#18648=DIRECTION('',(0.,-1.,0.));
#18649=DIRECTION('',(0.,0.,-1.));
#18650=DIRECTION('',(0.,1.,0.));
#18651=DIRECTION('',(0.,0.,1.));
#18652=DIRECTION('',(0.,-1.,0.));
#18653=DIRECTION('',(0.,0.,-1.));
#18654=DIRECTION('',(0.,1.,0.));
#18655=DIRECTION('',(0.,0.,1.));
#18656=DIRECTION('',(0.,-1.,0.));
#18657=DIRECTION('',(0.,0.,-1.));
#18658=DIRECTION('',(0.,1.,0.));
#18659=DIRECTION('',(0.,0.,1.));
#18660=DIRECTION('',(0.,-1.,0.));
#18661=DIRECTION('',(0.,0.,-1.));
#18662=DIRECTION('',(0.,1.,0.));
#18663=DIRECTION('',(0.,0.,1.));
#18664=DIRECTION('',(0.,-1.,0.));
#18665=DIRECTION('',(0.,0.,-1.));
#18666=DIRECTION('',(0.,1.,0.));
#18667=DIRECTION('',(0.,0.,1.));
#18668=DIRECTION('',(0.,-1.,0.));
#18669=DIRECTION('',(0.,0.,-1.));
#18670=DIRECTION('',(0.,1.,0.));
#18671=DIRECTION('',(0.,0.,1.));
#18672=DIRECTION('',(0.,-1.,0.));
#18673=DIRECTION('',(0.,0.,-1.));
#18674=DIRECTION('',(0.,1.,0.));
#18675=DIRECTION('',(0.,0.,1.));
#18676=DIRECTION('',(0.,-1.,0.));
#18677=DIRECTION('',(0.,0.,-1.));
#18678=DIRECTION('',(0.,1.,0.));
#18679=DIRECTION('',(0.,0.,1.));
#18680=DIRECTION('',(0.,-1.,0.));
#18681=DIRECTION('',(0.,0.,-1.));
#18682=DIRECTION('',(0.,1.,0.));
#18683=DIRECTION('',(0.,0.,1.));
#18684=DIRECTION('',(0.,-1.,0.));
#18685=DIRECTION('',(0.,0.,-1.));
#18686=DIRECTION('',(0.,1.,0.));
#18687=DIRECTION('',(0.,0.,1.));
#18688=DIRECTION('',(0.,-1.,0.));
#18689=DIRECTION('',(0.,0.,-1.));
#18690=DIRECTION('',(0.,1.,0.));
#18691=DIRECTION('',(0.,0.,1.));
#18692=DIRECTION('',(0.,-1.,0.));
#18693=DIRECTION('',(0.,0.,-1.));
#18694=DIRECTION('',(0.,1.,0.));
#18695=DIRECTION('',(0.,0.,1.));
#18696=DIRECTION('',(0.,-1.,0.));
#18697=DIRECTION('',(0.,0.,-1.));
#18698=DIRECTION('',(0.,1.,0.));
#18699=DIRECTION('',(0.,0.,1.));
#18700=DIRECTION('',(0.,-1.,0.));
#18701=DIRECTION('',(0.,0.,-1.));
#18702=DIRECTION('',(0.,1.,0.));
#18703=DIRECTION('',(0.,0.,1.));
#18704=DIRECTION('',(0.,-1.,0.));
#18705=DIRECTION('',(0.,0.,-1.));
#18706=DIRECTION('',(0.,1.,0.));
#18707=DIRECTION('',(0.,0.,1.));
#18708=DIRECTION('',(0.,-1.,0.));
#18709=DIRECTION('',(0.,0.,-1.));
#18710=DIRECTION('',(0.,1.,0.));
#18711=DIRECTION('',(0.,0.,1.));
#18712=DIRECTION('',(0.,-1.,0.));
#18713=DIRECTION('',(0.,0.,-1.));
#18714=DIRECTION('',(0.,1.,0.));
#18715=DIRECTION('',(0.,0.,1.));
#18716=DIRECTION('',(0.,-1.,0.));
#18717=DIRECTION('',(0.,0.,-1.));
#18718=DIRECTION('',(0.,1.,0.));
#18719=DIRECTION('',(0.,0.,1.));
#18720=DIRECTION('',(0.,-1.,0.));
#18721=DIRECTION('',(0.,0.,-1.));
#18722=DIRECTION('',(0.,1.,0.));
#18723=DIRECTION('',(0.,0.,1.));
#18724=DIRECTION('',(0.,-1.,0.));
#18725=DIRECTION('',(0.,0.,-1.));
#18726=DIRECTION('',(0.,1.,0.));
#18727=DIRECTION('',(0.,0.,1.));
#18728=DIRECTION('',(0.,-1.,0.));
#18729=DIRECTION('',(0.,0.,-1.));
#18730=DIRECTION('',(0.,1.,0.));
#18731=DIRECTION('',(0.,0.,1.));
#18732=DIRECTION('',(0.,-1.,0.));
#18733=DIRECTION('',(0.,0.,-1.));
#18734=DIRECTION('',(0.,1.,0.));
#18735=DIRECTION('',(0.,0.,1.));
#18736=DIRECTION('',(0.,1.,0.));
#18737=DIRECTION('',(0.,0.,1.));
#18738=DIRECTION('',(0.,0.,-1.));
#18739=DIRECTION('',(0.,-1.,0.));
#18740=DIRECTION('',(0.,0.,-1.));
#18741=DIRECTION('',(0.,-1.,0.));
#18742=DIRECTION('',(-1.,0.,0.));
#18743=DIRECTION('',(0.,0.,1.));
#18744=DIRECTION('',(1.,0.,0.));
#18745=DIRECTION('',(-1.,0.,0.));
#18746=DIRECTION('',(0.,0.,-1.));
#18747=DIRECTION('',(-1.,0.,0.));
#18748=DIRECTION('',(0.,0.,-1.));
#18749=DIRECTION('',(0.,0.,1.));
#18750=DIRECTION('',(-1.,0.,0.));
#18751=DIRECTION('',(0.,0.,1.));
#18752=DIRECTION('',(0.,0.,-1.));
#18753=DIRECTION('',(-1.,0.,0.));
#18754=DIRECTION('',(0.,0.,-1.));
#18755=DIRECTION('',(1.,0.,0.));
#18756=DIRECTION('',(0.,0.,-1.));
#18757=DIRECTION('',(1.,0.,0.));
#18758=DIRECTION('',(0.,0.,-1.));
#18759=DIRECTION('',(-1.,0.,0.));
#18760=DIRECTION('',(0.,0.,-1.));
#18761=DIRECTION('',(1.,0.,0.));
#18762=DIRECTION('',(0.,0.,-1.));
#18763=DIRECTION('',(-1.,0.,0.));
#18764=DIRECTION('',(0.,0.,-1.));
#18765=DIRECTION('',(1.,0.,0.));
#18766=DIRECTION('',(0.,0.,-1.));
#18767=DIRECTION('',(-1.,0.,0.));
#18768=DIRECTION('',(0.,0.,-1.));
#18769=DIRECTION('',(1.,0.,0.));
#18770=DIRECTION('',(0.,0.,-1.));
#18771=DIRECTION('',(-1.,0.,0.));
#18772=DIRECTION('',(0.,0.,-1.));
#18773=DIRECTION('',(0.,1.,0.));
#18774=DIRECTION('',(0.,0.,1.));
#18775=DIRECTION('',(0.,1.,0.));
#18776=DIRECTION('',(0.,0.,-1.));
#18777=DIRECTION('',(0.,1.,0.));
#18778=DIRECTION('',(1.,0.,0.));
#18779=DIRECTION('',(0.,0.,-1.));
#18780=DIRECTION('',(0.,-1.,0.));
#18781=DIRECTION('',(0.,-1.,0.));
#18782=DIRECTION('',(0.,0.,-1.));
#18783=DIRECTION('',(-1.,0.,0.));
#18784=DIRECTION('',(0.,0.,1.));
#18785=DIRECTION('',(0.,1.,0.));
#18786=DIRECTION('',(0.,0.,-1.));
#18787=DIRECTION('',(0.,1.,0.));
#18788=DIRECTION('',(1.,0.,0.));
#18789=DIRECTION('',(0.,0.,-1.));
#18790=DIRECTION('',(0.,-1.,0.));
#18791=DIRECTION('',(0.,-1.,0.));
#18792=DIRECTION('',(0.,0.,-1.));
#18793=DIRECTION('',(-1.,0.,0.));
#18794=DIRECTION('',(0.,0.,1.));
#18795=DIRECTION('',(0.,1.,0.));
#18796=DIRECTION('',(0.,0.,-1.));
#18797=DIRECTION('',(0.,1.,0.));
#18798=DIRECTION('',(1.,0.,0.));
#18799=DIRECTION('',(0.,0.,-1.));
#18800=DIRECTION('',(0.,-1.,0.));
#18801=DIRECTION('',(0.,-1.,0.));
#18802=DIRECTION('',(0.,0.,-1.));
#18803=DIRECTION('',(-1.,0.,0.));
#18804=DIRECTION('',(0.,0.,1.));
#18805=DIRECTION('',(0.,1.,0.));
#18806=DIRECTION('',(0.,0.,-1.));
#18807=DIRECTION('',(0.,1.,0.));
#18808=DIRECTION('',(1.,0.,0.));
#18809=DIRECTION('',(0.,0.,-1.));
#18810=DIRECTION('',(0.,-1.,0.));
#18811=DIRECTION('',(0.,-1.,0.));
#18812=DIRECTION('',(0.,0.,-1.));
#18813=DIRECTION('',(-1.,0.,0.));
#18814=DIRECTION('',(0.,0.,1.));
#18815=DIRECTION('',(0.,1.,0.));
#18816=DIRECTION('',(-1.,0.,0.));
#18817=DIRECTION('',(0.,-1.,0.));
#18818=DIRECTION('',(1.,0.,0.));
#18819=DIRECTION('',(0.,0.,-1.));
#18820=DIRECTION('',(1.,0.,0.));
#18821=DIRECTION('',(0.,0.,-1.));
#18822=DIRECTION('',(1.,0.,0.));
#18823=DIRECTION('',(0.,0.,-1.));
#18824=DIRECTION('',(1.,0.,0.));
#18825=DIRECTION('',(0.,0.,-1.));
#18826=DIRECTION('',(1.,0.,0.));
#18827=DIRECTION('',(0.,0.,-1.));
#18828=DIRECTION('',(1.,0.,0.));
#18829=DIRECTION('',(0.,0.,-1.));
#18830=DIRECTION('',(1.,0.,0.));
#18831=DIRECTION('',(0.,0.,-1.));
#18832=DIRECTION('',(1.,0.,0.));
#18833=DIRECTION('',(0.,0.,-1.));
#18834=DIRECTION('',(1.,0.,0.));
#18835=DIRECTION('',(0.,0.,-1.));
#18836=DIRECTION('',(1.,0.,0.));
#18837=DIRECTION('',(0.,0.,-1.));
#18838=DIRECTION('',(1.,0.,0.));
#18839=DIRECTION('',(0.,0.,-1.));
#18840=DIRECTION('',(1.,0.,0.));
#18841=DIRECTION('',(0.,0.,-1.));
#18842=DIRECTION('',(1.,0.,0.));
#18843=DIRECTION('',(0.,0.,-1.));
#18844=DIRECTION('',(1.,0.,0.));
#18845=DIRECTION('',(0.,0.,-1.));
#18846=DIRECTION('',(1.,0.,0.));
#18847=DIRECTION('',(0.,0.,-1.));
#18848=DIRECTION('',(1.,0.,0.));
#18849=DIRECTION('',(0.,0.,-1.));
#18850=DIRECTION('',(1.,0.,0.));
#18851=DIRECTION('',(0.,0.,-1.));
#18852=DIRECTION('',(1.,0.,0.));
#18853=DIRECTION('',(0.,0.,-1.));
#18854=DIRECTION('',(1.,0.,0.));
#18855=DIRECTION('',(0.,0.,-1.));
#18856=DIRECTION('',(1.,0.,0.));
#18857=DIRECTION('',(0.,0.,-1.));
#18858=DIRECTION('',(1.,0.,0.));
#18859=DIRECTION('',(0.,0.,-1.));
#18860=DIRECTION('',(1.,0.,0.));
#18861=DIRECTION('',(0.,0.,-1.));
#18862=DIRECTION('',(1.,0.,0.));
#18863=DIRECTION('',(0.,0.,-1.));
#18864=DIRECTION('',(1.,0.,0.));
#18865=DIRECTION('',(0.,0.,-1.));
#18866=DIRECTION('',(1.,0.,0.));
#18867=DIRECTION('',(0.,0.,-1.));
#18868=DIRECTION('',(1.,0.,0.));
#18869=DIRECTION('',(0.,0.,-1.));
#18870=DIRECTION('',(0.999999999999987,0.,0.));
#18871=DIRECTION('',(0.,0.,-1.));
#18872=DIRECTION('',(1.,0.,0.));
#18873=DIRECTION('',(0.,0.,-1.));
#18874=DIRECTION('',(1.,0.,0.));
#18875=DIRECTION('',(0.,0.,-1.));
#18876=DIRECTION('',(1.,0.,0.));
#18877=DIRECTION('',(0.,0.,-1.));
#18878=DIRECTION('',(1.,0.,0.));
#18879=DIRECTION('',(0.,0.,-1.));
#18880=DIRECTION('',(1.,0.,0.));
#18881=DIRECTION('',(0.,0.,-1.));
#18882=DIRECTION('',(1.,0.,0.));
#18883=DIRECTION('',(0.,0.,-1.));
#18884=DIRECTION('',(1.,0.,0.));
#18885=DIRECTION('',(0.,0.,-1.));
#18886=DIRECTION('',(1.,0.,0.));
#18887=DIRECTION('',(0.,0.,-1.));
#18888=DIRECTION('',(1.,0.,0.));
#18889=DIRECTION('',(0.,0.,-1.));
#18890=DIRECTION('',(1.,0.,0.));
#18891=DIRECTION('',(0.,0.,-1.));
#18892=DIRECTION('',(1.,0.,0.));
#18893=DIRECTION('',(0.,0.,-1.));
#18894=DIRECTION('',(1.,0.,0.));
#18895=DIRECTION('',(0.,0.,-1.));
#18896=DIRECTION('',(1.,0.,0.));
#18897=DIRECTION('',(0.,0.,-1.));
#18898=DIRECTION('',(1.,0.,0.));
#18899=DIRECTION('',(0.,0.,-1.));
#18900=DIRECTION('',(1.,0.,0.));
#18901=DIRECTION('',(0.,0.,-1.));
#18902=DIRECTION('',(1.,0.,0.));
#18903=DIRECTION('',(0.,0.,-1.));
#18904=DIRECTION('',(1.,0.,0.));
#18905=DIRECTION('',(0.,0.,-1.));
#18906=DIRECTION('',(1.,0.,0.));
#18907=DIRECTION('',(0.,0.,-1.));
#18908=DIRECTION('',(1.,0.,0.));
#18909=DIRECTION('',(0.,0.,-1.));
#18910=DIRECTION('',(1.,0.,0.));
#18911=DIRECTION('',(0.,0.,-1.));
#18912=DIRECTION('',(1.,0.,0.));
#18913=DIRECTION('',(0.,0.,-1.));
#18914=DIRECTION('',(1.,0.,0.));
#18915=DIRECTION('',(0.,0.,-1.));
#18916=DIRECTION('',(1.,0.,0.));
#18917=DIRECTION('',(0.,0.,-1.));
#18918=DIRECTION('',(1.,0.,0.));
#18919=DIRECTION('',(0.,0.,-1.));
#18920=DIRECTION('',(1.,0.,0.));
#18921=DIRECTION('',(0.,0.,-1.));
#18922=DIRECTION('',(1.,0.,0.));
#18923=DIRECTION('',(0.,0.,-1.));
#18924=DIRECTION('',(1.,0.,0.));
#18925=DIRECTION('',(0.,0.,-1.));
#18926=DIRECTION('',(1.,0.,0.));
#18927=DIRECTION('',(0.,0.,-1.));
#18928=DIRECTION('',(1.,0.,0.));
#18929=DIRECTION('',(0.,0.,-1.));
#18930=DIRECTION('',(1.,0.,0.));
#18931=DIRECTION('',(0.,0.,-1.));
#18932=DIRECTION('',(1.,0.,0.));
#18933=DIRECTION('',(0.,0.,-1.));
#18934=DIRECTION('',(1.,0.,0.));
#18935=DIRECTION('',(0.,0.,-1.));
#18936=DIRECTION('',(1.,0.,0.));
#18937=DIRECTION('',(0.,0.,-1.));
#18938=DIRECTION('',(1.,0.,0.));
#18939=DIRECTION('',(0.,0.,-1.));
#18940=DIRECTION('',(1.,0.,0.));
#18941=DIRECTION('',(0.,0.,-1.));
#18942=DIRECTION('',(1.,0.,0.));
#18943=DIRECTION('',(0.,0.,-1.));
#18944=DIRECTION('',(1.,0.,0.));
#18945=DIRECTION('',(0.,0.,-1.));
#18946=DIRECTION('',(1.,0.,0.));
#18947=DIRECTION('',(0.,0.,-1.));
#18948=DIRECTION('',(1.,0.,0.));
#18949=DIRECTION('',(0.,0.,-1.));
#18950=DIRECTION('',(1.,0.,0.));
#18951=DIRECTION('',(0.,0.,-1.));
#18952=DIRECTION('',(1.,0.,0.));
#18953=DIRECTION('',(0.,0.,-1.));
#18954=DIRECTION('',(1.,0.,0.));
#18955=DIRECTION('',(0.,0.,-1.));
#18956=DIRECTION('',(1.,0.,0.));
#18957=DIRECTION('',(0.,0.,-1.));
#18958=DIRECTION('',(1.,0.,0.));
#18959=DIRECTION('',(0.,0.,-1.));
#18960=DIRECTION('',(1.,0.,0.));
#18961=DIRECTION('',(0.,0.,-1.));
#18962=DIRECTION('',(1.,0.,0.));
#18963=DIRECTION('',(0.,0.,-1.));
#18964=DIRECTION('',(1.,0.,0.));
#18965=DIRECTION('',(0.,0.,-1.));
#18966=DIRECTION('',(1.,0.,0.));
#18967=DIRECTION('',(0.,0.,-1.));
#18968=DIRECTION('',(1.,0.,0.));
#18969=DIRECTION('',(0.,0.,-1.));
#18970=DIRECTION('',(1.,0.,0.));
#18971=DIRECTION('',(0.,0.,-1.));
#18972=DIRECTION('',(1.,0.,0.));
#18973=DIRECTION('',(0.,0.,-1.));
#18974=DIRECTION('',(1.,0.,0.));
#18975=DIRECTION('',(0.,0.,-1.));
#18976=DIRECTION('',(1.,0.,0.));
#18977=DIRECTION('',(0.,0.,-1.));
#18978=DIRECTION('',(1.,0.,0.));
#18979=DIRECTION('',(0.,0.,-1.));
#18980=DIRECTION('',(1.,0.,0.));
#18981=DIRECTION('',(0.,0.,-1.));
#18982=DIRECTION('',(1.,0.,0.));
#18983=DIRECTION('',(0.,0.,-1.));
#18984=DIRECTION('',(1.,0.,0.));
#18985=DIRECTION('',(0.,0.,-1.));
#18986=DIRECTION('',(1.,0.,0.));
#18987=DIRECTION('',(0.,0.,-1.));
#18988=DIRECTION('',(1.,0.,0.));
#18989=DIRECTION('',(0.,0.,-1.));
#18990=DIRECTION('',(1.,0.,0.));
#18991=DIRECTION('',(0.,0.,-1.));
#18992=DIRECTION('',(1.,0.,0.));
#18993=DIRECTION('',(0.,0.,-1.));
#18994=DIRECTION('',(1.,0.,0.));
#18995=DIRECTION('',(0.,0.,-1.));
#18996=DIRECTION('',(1.,0.,0.));
#18997=DIRECTION('',(0.,0.,-1.));
#18998=DIRECTION('',(1.,0.,0.));
#18999=DIRECTION('',(0.,0.,-1.));
#19000=DIRECTION('',(1.,0.,0.));
#19001=DIRECTION('',(0.,0.,-1.));
#19002=DIRECTION('',(1.,0.,0.));
#19003=DIRECTION('',(0.,0.,-1.));
#19004=DIRECTION('',(1.,0.,0.));
#19005=DIRECTION('',(0.,0.,-1.));
#19006=DIRECTION('',(1.,0.,0.));
#19007=DIRECTION('',(0.,0.,-1.));
#19008=DIRECTION('',(1.,0.,0.));
#19009=DIRECTION('',(0.,0.,-1.));
#19010=DIRECTION('',(1.,0.,0.));
#19011=DIRECTION('',(0.,0.,-1.));
#19012=DIRECTION('',(1.,0.,0.));
#19013=DIRECTION('',(0.,0.,-1.));
#19014=DIRECTION('',(1.,0.,0.));
#19015=DIRECTION('',(0.,0.,-1.));
#19016=DIRECTION('',(1.,0.,0.));
#19017=DIRECTION('',(0.,0.,-1.));
#19018=DIRECTION('',(1.,0.,0.));
#19019=DIRECTION('',(0.,0.,-1.));
#19020=DIRECTION('',(1.,0.,0.));
#19021=DIRECTION('',(0.,0.,-1.));
#19022=DIRECTION('',(1.,0.,0.));
#19023=DIRECTION('',(0.,0.,-1.));
#19024=DIRECTION('',(1.,0.,0.));
#19025=DIRECTION('',(0.,0.,-1.));
#19026=DIRECTION('',(1.,0.,0.));
#19027=DIRECTION('',(0.,0.,-1.));
#19028=DIRECTION('',(1.,0.,0.));
#19029=DIRECTION('',(0.,0.,-1.));
#19030=DIRECTION('',(1.,0.,0.));
#19031=DIRECTION('',(0.,0.,-1.));
#19032=DIRECTION('',(1.,0.,0.));
#19033=DIRECTION('',(0.,0.,-1.));
#19034=DIRECTION('',(1.,0.,0.));
#19035=DIRECTION('',(0.,0.,-1.));
#19036=DIRECTION('',(1.,0.,0.));
#19037=DIRECTION('',(0.,0.,-1.));
#19038=DIRECTION('',(1.,0.,0.));
#19039=DIRECTION('',(0.,0.,-1.));
#19040=DIRECTION('',(1.,0.,0.));
#19041=DIRECTION('',(0.,0.,-1.));
#19042=DIRECTION('',(1.,0.,0.));
#19043=DIRECTION('',(0.,0.,-1.));
#19044=DIRECTION('',(1.,0.,0.));
#19045=DIRECTION('',(0.,0.,-1.));
#19046=DIRECTION('',(1.,0.,0.));
#19047=DIRECTION('',(0.,0.,-1.));
#19048=DIRECTION('',(1.,0.,0.));
#19049=DIRECTION('',(0.,0.,-1.));
#19050=DIRECTION('',(1.,0.,0.));
#19051=DIRECTION('',(0.,0.,-1.));
#19052=DIRECTION('',(1.,0.,0.));
#19053=DIRECTION('',(0.,0.,-1.));
#19054=DIRECTION('',(1.,0.,0.));
#19055=DIRECTION('',(0.,0.,-1.));
#19056=DIRECTION('',(1.,0.,0.));
#19057=DIRECTION('',(0.,0.,-1.));
#19058=DIRECTION('',(1.,0.,0.));
#19059=DIRECTION('',(0.,0.,-1.));
#19060=DIRECTION('',(1.,0.,0.));
#19061=DIRECTION('',(0.,0.,-1.));
#19062=DIRECTION('',(1.,0.,0.));
#19063=DIRECTION('',(0.,0.,-1.));
#19064=DIRECTION('',(1.,0.,0.));
#19065=DIRECTION('',(0.,0.,-1.));
#19066=DIRECTION('',(1.,0.,0.));
#19067=DIRECTION('',(0.,0.,-1.));
#19068=DIRECTION('',(1.,0.,0.));
#19069=DIRECTION('',(0.,0.,-1.));
#19070=DIRECTION('',(1.,0.,0.));
#19071=DIRECTION('',(0.,0.,-1.));
#19072=DIRECTION('',(1.,0.,0.));
#19073=DIRECTION('',(0.,0.,-1.));
#19074=DIRECTION('',(1.,0.,0.));
#19075=DIRECTION('',(0.,-1.,0.));
#19076=DIRECTION('',(1.,0.,0.));
#19077=DIRECTION('',(0.,1.,0.));
#19078=DIRECTION('',(-1.,0.,0.));
#19079=DIRECTION('',(1.,0.,0.));
#19080=DIRECTION('',(0.,-1.,0.));
#19081=DIRECTION('',(-1.,0.,0.));
#19082=DIRECTION('',(0.,1.,0.));
#19083=DIRECTION('',(0.,-1.,0.));
#19084=DIRECTION('',(0.,-1.,0.));
#19085=DIRECTION('',(1.,0.,0.));
#19086=DIRECTION('',(0.,0.,1.));
#19087=DIRECTION('',(1.,0.,0.));
#19088=DIRECTION('',(-1.,0.,0.));
#19089=DIRECTION('',(0.,1.,0.));
#19090=DIRECTION('',(1.,0.,0.));
#19091=DIRECTION('',(0.,-1.,0.));
#19092=DIRECTION('',(0.,1.,0.));
#19093=DIRECTION('',(1.,0.,0.));
#19094=DIRECTION('',(0.,1.,0.));
#19095=DIRECTION('',(0.,1.,0.));
#19096=DIRECTION('',(0.,1.,0.));
#19097=DIRECTION('',(-1.,0.,0.));
#19098=DIRECTION('',(-1.,0.,0.));
#19099=DIRECTION('',(-1.,0.,0.));
#19100=DIRECTION('',(0.,1.,0.));
#19101=DIRECTION('',(0.,1.,0.));
#19102=DIRECTION('',(0.,0.,1.));
#19103=DIRECTION('',(1.,0.,0.));
#19104=DIRECTION('',(0.,0.,1.));
#19105=DIRECTION('',(1.,0.,0.));
#19106=DIRECTION('',(0.,0.,-1.));
#19107=DIRECTION('',(0.,0.,1.));
#19108=DIRECTION('',(0.,-1.,0.));
#19109=DIRECTION('',(0.,0.,-1.));
#19110=DIRECTION('',(0.,-1.,0.));
#19111=DIRECTION('',(1.,0.,0.));
#19112=DIRECTION('',(0.,1.,0.));
#19113=DIRECTION('',(-1.,0.,0.));
#19114=DIRECTION('',(0.,-1.,0.));
#19115=DIRECTION('',(1.,0.,0.));
#19116=DIRECTION('',(0.,-1.,0.));
#19117=DIRECTION('',(0.,-1.,0.));
#19118=DIRECTION('',(0.,-1.,0.));
#19119=DIRECTION('',(1.,0.,0.));
#19120=DIRECTION('',(0.,-1.,0.));
#19121=DIRECTION('',(1.,0.,0.));
#19122=DIRECTION('',(0.,-1.,0.));
#19123=DIRECTION('',(0.,0.,1.));
#19124=DIRECTION('',(1.,0.,0.));
#19125=DIRECTION('',(-1.,0.,0.));
#19126=DIRECTION('',(0.,0.,-1.));
#19127=DIRECTION('',(0.,0.,1.));
#19128=DIRECTION('',(0.,1.,0.));
#19129=DIRECTION('',(0.,0.,1.));
#19130=DIRECTION('',(0.,0.,-1.));
#19131=DIRECTION('',(-1.,0.,0.));
#19132=DIRECTION('',(0.,0.,1.));
#19133=DIRECTION('',(0.,1.,0.));
#19134=DIRECTION('',(0.,0.,1.));
#19135=DIRECTION('',(0.,0.,1.));
#19136=DIRECTION('',(1.,0.,0.));
#19137=DIRECTION('',(0.,0.,1.));
#19138=DIRECTION('',(1.,0.,0.));
#19139=DIRECTION('',(0.,0.,1.));
#19140=DIRECTION('',(1.,0.,0.));
#19141=DIRECTION('',(0.,0.,1.));
#19142=DIRECTION('',(1.,0.,0.));
#19143=DIRECTION('',(0.,0.,1.));
#19144=DIRECTION('',(1.,0.,0.));
#19145=DIRECTION('',(0.,0.,1.));
#19146=DIRECTION('',(1.,0.,0.));
#19147=DIRECTION('',(0.,0.,1.));
#19148=DIRECTION('',(1.,0.,0.));
#19149=DIRECTION('',(0.,0.,1.));
#19150=DIRECTION('',(1.,0.,0.));
#19151=DIRECTION('',(0.,0.,1.));
#19152=DIRECTION('',(1.,0.,0.));
#19153=DIRECTION('',(0.,0.,1.));
#19154=DIRECTION('',(1.,0.,0.));
#19155=DIRECTION('',(0.,0.,1.));
#19156=DIRECTION('',(1.,0.,0.));
#19157=DIRECTION('',(0.,0.,1.));
#19158=DIRECTION('',(1.,0.,0.));
#19159=DIRECTION('',(0.,0.,1.));
#19160=DIRECTION('',(1.,0.,0.));
#19161=DIRECTION('',(0.,0.,1.));
#19162=DIRECTION('',(1.,0.,0.));
#19163=DIRECTION('',(0.,0.,1.));
#19164=DIRECTION('',(1.,0.,0.));
#19165=DIRECTION('',(0.,0.,1.));
#19166=DIRECTION('',(1.,0.,0.));
#19167=DIRECTION('',(0.,0.,1.));
#19168=DIRECTION('',(1.,0.,0.));
#19169=DIRECTION('',(0.,0.,1.));
#19170=DIRECTION('',(1.,0.,0.));
#19171=DIRECTION('',(0.,0.,1.));
#19172=DIRECTION('',(1.,0.,0.));
#19173=DIRECTION('',(0.,0.,1.));
#19174=DIRECTION('',(1.,0.,0.));
#19175=DIRECTION('',(0.,0.,1.));
#19176=DIRECTION('',(1.,0.,0.));
#19177=DIRECTION('',(0.,0.,1.));
#19178=DIRECTION('',(1.,0.,0.));
#19179=DIRECTION('',(0.,0.,1.));
#19180=DIRECTION('',(1.,0.,0.));
#19181=DIRECTION('',(0.,0.,1.));
#19182=DIRECTION('',(1.,0.,0.));
#19183=DIRECTION('',(0.,0.,1.));
#19184=DIRECTION('',(1.,0.,0.));
#19185=DIRECTION('',(0.,0.,1.));
#19186=DIRECTION('',(1.,0.,0.));
#19187=DIRECTION('',(0.,0.,1.));
#19188=DIRECTION('',(1.,0.,0.));
#19189=DIRECTION('',(0.,0.,1.));
#19190=DIRECTION('',(1.,0.,0.));
#19191=DIRECTION('',(0.,0.,1.));
#19192=DIRECTION('',(1.,0.,0.));
#19193=DIRECTION('',(0.,0.,1.));
#19194=DIRECTION('',(1.,0.,0.));
#19195=DIRECTION('',(0.,0.,1.));
#19196=DIRECTION('',(1.,0.,0.));
#19197=DIRECTION('',(0.,0.,1.));
#19198=DIRECTION('',(1.,0.,0.));
#19199=DIRECTION('',(1.,0.,0.));
#19200=DIRECTION('',(0.,0.,1.));
#19201=DIRECTION('',(1.,0.,0.));
#19202=DIRECTION('',(0.,1.,0.));
#19203=DIRECTION('',(0.,1.,0.));
#19204=DIRECTION('',(1.,0.,0.));
#19205=DIRECTION('',(0.,0.,1.));
#19206=DIRECTION('',(1.,0.,0.));
#19207=DIRECTION('',(0.,0.,1.));
#19208=DIRECTION('',(1.,0.,0.));
#19209=DIRECTION('',(0.,0.,1.));
#19210=DIRECTION('',(1.,0.,0.));
#19211=DIRECTION('',(0.,0.,1.));
#19212=DIRECTION('',(1.,0.,0.));
#19213=DIRECTION('',(0.,0.,1.));
#19214=DIRECTION('',(1.,0.,0.));
#19215=DIRECTION('',(0.,0.,1.));
#19216=DIRECTION('',(1.,0.,0.));
#19217=DIRECTION('',(0.,0.,1.));
#19218=DIRECTION('',(1.,0.,0.));
#19219=DIRECTION('',(0.,0.,1.));
#19220=DIRECTION('',(1.,0.,0.));
#19221=DIRECTION('',(0.,0.,1.));
#19222=DIRECTION('',(1.,0.,0.));
#19223=DIRECTION('',(0.,0.,1.));
#19224=DIRECTION('',(1.,0.,0.));
#19225=DIRECTION('',(0.,0.,1.));
#19226=DIRECTION('',(1.,0.,0.));
#19227=DIRECTION('',(0.,0.,1.));
#19228=DIRECTION('',(0.999999999999987,0.,0.));
#19229=DIRECTION('',(0.,0.,1.));
#19230=DIRECTION('',(1.,0.,0.));
#19231=DIRECTION('',(0.,0.,1.));
#19232=DIRECTION('',(1.,0.,0.));
#19233=DIRECTION('',(0.,0.,1.));
#19234=DIRECTION('',(1.,0.,0.));
#19235=DIRECTION('',(0.,0.,1.));
#19236=DIRECTION('',(1.,0.,0.));
#19237=DIRECTION('',(0.,0.,1.));
#19238=DIRECTION('',(1.,0.,0.));
#19239=DIRECTION('',(0.,0.,1.));
#19240=DIRECTION('',(1.,0.,0.));
#19241=DIRECTION('',(0.,0.,1.));
#19242=DIRECTION('',(1.,0.,0.));
#19243=DIRECTION('',(0.,0.,1.));
#19244=DIRECTION('',(1.,0.,0.));
#19245=DIRECTION('',(0.,0.,1.));
#19246=DIRECTION('',(1.,0.,0.));
#19247=DIRECTION('',(0.,0.,1.));
#19248=DIRECTION('',(1.,0.,0.));
#19249=DIRECTION('',(0.,0.,1.));
#19250=DIRECTION('',(1.,0.,0.));
#19251=DIRECTION('',(0.,0.,1.));
#19252=DIRECTION('',(1.,0.,0.));
#19253=DIRECTION('',(0.,0.,1.));
#19254=DIRECTION('',(1.,0.,0.));
#19255=DIRECTION('',(0.,0.,1.));
#19256=DIRECTION('',(1.,0.,0.));
#19257=DIRECTION('',(0.,0.,1.));
#19258=DIRECTION('',(1.,0.,0.));
#19259=DIRECTION('',(0.,0.,1.));
#19260=DIRECTION('',(1.,0.,0.));
#19261=DIRECTION('',(0.,0.,1.));
#19262=DIRECTION('',(1.,0.,0.));
#19263=DIRECTION('',(0.,0.,1.));
#19264=DIRECTION('',(1.,0.,0.));
#19265=DIRECTION('',(0.,0.,1.));
#19266=DIRECTION('',(1.,0.,0.));
#19267=DIRECTION('',(0.,0.,1.));
#19268=DIRECTION('',(1.,0.,0.));
#19269=DIRECTION('',(0.,0.,1.));
#19270=DIRECTION('',(1.,0.,0.));
#19271=DIRECTION('',(0.,-1.,0.));
#19272=DIRECTION('',(1.,0.,0.));
#19273=DIRECTION('',(0.,0.,1.));
#19274=DIRECTION('',(1.,0.,0.));
#19275=DIRECTION('',(0.,0.,1.));
#19276=DIRECTION('',(1.,0.,0.));
#19277=DIRECTION('',(0.,0.,1.));
#19278=DIRECTION('',(1.,0.,0.));
#19279=DIRECTION('',(0.,0.,1.));
#19280=DIRECTION('',(1.,0.,0.));
#19281=DIRECTION('',(0.,0.,1.));
#19282=DIRECTION('',(1.,0.,0.));
#19283=DIRECTION('',(0.,0.,1.));
#19284=DIRECTION('',(1.,0.,0.));
#19285=DIRECTION('',(0.,0.,1.));
#19286=DIRECTION('',(1.,0.,0.));
#19287=DIRECTION('',(0.,0.,1.));
#19288=DIRECTION('',(1.,0.,0.));
#19289=DIRECTION('',(0.,0.,1.));
#19290=DIRECTION('',(1.,0.,0.));
#19291=DIRECTION('',(0.,0.,1.));
#19292=DIRECTION('',(1.,0.,0.));
#19293=DIRECTION('',(0.,0.,1.));
#19294=DIRECTION('',(1.,0.,0.));
#19295=DIRECTION('',(0.,0.,1.));
#19296=DIRECTION('',(1.,0.,0.));
#19297=DIRECTION('',(0.,0.,1.));
#19298=DIRECTION('',(1.,0.,0.));
#19299=DIRECTION('',(0.,0.,1.));
#19300=DIRECTION('',(1.,0.,0.));
#19301=DIRECTION('',(0.,0.,1.));
#19302=DIRECTION('',(1.,0.,0.));
#19303=DIRECTION('',(0.,0.,1.));
#19304=DIRECTION('',(1.,0.,0.));
#19305=DIRECTION('',(0.,0.,1.));
#19306=DIRECTION('',(1.,0.,0.));
#19307=DIRECTION('',(0.,0.,1.));
#19308=DIRECTION('',(1.,0.,0.));
#19309=DIRECTION('',(0.,0.,1.));
#19310=DIRECTION('',(1.,0.,0.));
#19311=DIRECTION('',(0.,0.,1.));
#19312=DIRECTION('',(1.,0.,0.));
#19313=DIRECTION('',(0.,0.,1.));
#19314=DIRECTION('',(1.,0.,0.));
#19315=DIRECTION('',(0.,0.,1.));
#19316=DIRECTION('',(1.,0.,0.));
#19317=DIRECTION('',(0.,0.,1.));
#19318=DIRECTION('',(1.,0.,0.));
#19319=DIRECTION('',(0.,0.,1.));
#19320=DIRECTION('',(1.,0.,0.));
#19321=DIRECTION('',(0.,0.,1.));
#19322=DIRECTION('',(1.,0.,0.));
#19323=DIRECTION('',(0.,0.,1.));
#19324=DIRECTION('',(1.,0.,0.));
#19325=DIRECTION('',(0.,0.,1.));
#19326=DIRECTION('',(1.,0.,0.));
#19327=DIRECTION('',(0.,0.,1.));
#19328=DIRECTION('',(1.,0.,0.));
#19329=DIRECTION('',(0.,0.,1.));
#19330=DIRECTION('',(1.,0.,0.));
#19331=DIRECTION('',(0.,0.,1.));
#19332=DIRECTION('',(1.,0.,0.));
#19333=DIRECTION('',(0.,0.,1.));
#19334=DIRECTION('',(1.,0.,0.));
#19335=DIRECTION('',(0.,0.,1.));
#19336=DIRECTION('',(1.,0.,0.));
#19337=DIRECTION('',(0.,0.,1.));
#19338=DIRECTION('',(1.,0.,0.));
#19339=DIRECTION('',(1.,0.,0.));
#19340=DIRECTION('',(0.,0.,1.));
#19341=DIRECTION('',(1.,0.,0.));
#19342=DIRECTION('',(1.,0.,0.));
#19343=DIRECTION('',(0.,0.,1.));
#19344=DIRECTION('',(1.,0.,0.));
#19345=DIRECTION('',(0.,0.,1.));
#19346=DIRECTION('',(1.,0.,0.));
#19347=DIRECTION('',(0.,0.,1.));
#19348=DIRECTION('',(1.,0.,0.));
#19349=DIRECTION('',(0.,0.,1.));
#19350=DIRECTION('',(1.,0.,0.));
#19351=DIRECTION('',(0.,0.,1.));
#19352=DIRECTION('',(1.,0.,0.));
#19353=DIRECTION('',(0.,0.,1.));
#19354=DIRECTION('',(1.,0.,0.));
#19355=DIRECTION('',(0.,0.,1.));
#19356=DIRECTION('',(1.,0.,0.));
#19357=DIRECTION('',(0.,0.,1.));
#19358=DIRECTION('',(1.,0.,0.));
#19359=DIRECTION('',(0.,0.,1.));
#19360=DIRECTION('',(1.,0.,0.));
#19361=DIRECTION('',(0.,0.,1.));
#19362=DIRECTION('',(1.,0.,0.));
#19363=DIRECTION('',(0.,0.,1.));
#19364=DIRECTION('',(1.,0.,0.));
#19365=DIRECTION('',(0.,0.,1.));
#19366=DIRECTION('',(1.,0.,0.));
#19367=DIRECTION('',(0.,0.,1.));
#19368=DIRECTION('',(1.,0.,0.));
#19369=DIRECTION('',(0.,0.,1.));
#19370=DIRECTION('',(1.,0.,0.));
#19371=DIRECTION('',(0.,0.,1.));
#19372=DIRECTION('',(1.,0.,0.));
#19373=DIRECTION('',(0.,0.,1.));
#19374=DIRECTION('',(1.,0.,0.));
#19375=DIRECTION('',(0.,0.,1.));
#19376=DIRECTION('',(1.,0.,0.));
#19377=DIRECTION('',(0.,0.,1.));
#19378=DIRECTION('',(1.,0.,0.));
#19379=DIRECTION('',(0.,0.,1.));
#19380=DIRECTION('',(1.,0.,0.));
#19381=DIRECTION('',(0.,0.,1.));
#19382=DIRECTION('',(1.,0.,0.));
#19383=DIRECTION('',(0.,0.,1.));
#19384=DIRECTION('',(1.,0.,0.));
#19385=DIRECTION('',(0.,0.,1.));
#19386=DIRECTION('',(1.,0.,0.));
#19387=DIRECTION('',(0.,0.,1.));
#19388=DIRECTION('',(1.,0.,0.));
#19389=DIRECTION('',(0.,0.,1.));
#19390=DIRECTION('',(1.,0.,0.));
#19391=DIRECTION('',(0.,0.,1.));
#19392=DIRECTION('',(1.,0.,0.));
#19393=DIRECTION('',(0.,0.,1.));
#19394=DIRECTION('',(1.,0.,0.));
#19395=DIRECTION('',(0.,0.,1.));
#19396=DIRECTION('',(1.,0.,0.));
#19397=DIRECTION('',(0.,0.,1.));
#19398=DIRECTION('',(1.,0.,0.));
#19399=DIRECTION('',(0.,0.,1.));
#19400=DIRECTION('',(1.,0.,0.));
#19401=DIRECTION('',(0.,0.,1.));
#19402=DIRECTION('',(1.,0.,0.));
#19403=DIRECTION('',(0.,0.,1.));
#19404=DIRECTION('',(1.,0.,0.));
#19405=DIRECTION('',(0.,0.,1.));
#19406=DIRECTION('',(1.,0.,0.));
#19407=DIRECTION('',(0.,0.,1.));
#19408=DIRECTION('',(1.,0.,0.));
#19409=DIRECTION('',(1.,0.,0.));
#19410=DIRECTION('',(0.,0.,1.));
#19411=DIRECTION('',(1.,0.,0.));
#19412=DIRECTION('',(0.,1.,0.));
#19413=DIRECTION('',(1.,0.,0.));
#19414=DIRECTION('',(0.,-1.,0.));
#19415=DIRECTION('',(0.,0.,1.));
#19416=DIRECTION('',(1.,0.,0.));
#19417=DIRECTION('',(0.,0.,1.));
#19418=DIRECTION('',(0.,0.,1.));
#19419=DIRECTION('',(0.,1.,0.));
#19420=DIRECTION('',(0.,0.,1.));
#19421=DIRECTION('',(0.,0.,1.));
#19422=DIRECTION('',(0.,0.,1.));
#19423=DIRECTION('',(1.,0.,0.));
#19424=DIRECTION('',(0.,0.,-1.));
#19425=DIRECTION('',(1.,0.,0.));
#19426=DIRECTION('',(0.,0.,-1.));
#19427=DIRECTION('',(0.,0.,-1.));
#19428=DIRECTION('',(1.,0.,0.));
#19429=DIRECTION('',(0.,0.,-1.));
#19430=DIRECTION('',(0.,0.,-1.));
#19431=DIRECTION('',(0.,0.,-1.));
#19432=DIRECTION('',(1.,0.,0.));
#19433=DIRECTION('',(0.,0.,-1.));
#19434=DIRECTION('',(0.,0.,-1.));
#19435=DIRECTION('',(0.,-1.,0.));
#19436=DIRECTION('',(0.,0.,-1.));
#19437=DIRECTION('',(0.,0.,-1.));
#19438=DIRECTION('',(0.,1.,0.));
#19439=DIRECTION('',(0.,0.,1.));
#19440=DIRECTION('',(-1.,0.,0.));
#19441=DIRECTION('',(0.,0.,1.));
#19442=DIRECTION('',(0.,0.,1.));
#19443=DIRECTION('',(1.,0.,0.));
#19444=DIRECTION('',(0.,0.,1.));
#19445=DIRECTION('',(1.,0.,0.));
#19446=DIRECTION('',(0.,0.,1.));
#19447=DIRECTION('',(1.,0.,0.));
#19448=DIRECTION('',(0.,0.,1.));
#19449=DIRECTION('',(1.,0.,0.));
#19450=DIRECTION('',(0.,0.,1.));
#19451=DIRECTION('',(1.,0.,0.));
#19452=DIRECTION('',(0.,0.,1.));
#19453=DIRECTION('',(1.,0.,0.));
#19454=DIRECTION('',(0.,0.,1.));
#19455=DIRECTION('',(1.,0.,0.));
#19456=DIRECTION('',(0.,0.,1.));
#19457=DIRECTION('',(1.,0.,0.));
#19458=DIRECTION('',(0.,0.,1.));
#19459=DIRECTION('',(1.,0.,0.));
#19460=DIRECTION('',(0.,0.,1.));
#19461=DIRECTION('',(1.,0.,0.));
#19462=DIRECTION('',(0.,0.,1.));
#19463=DIRECTION('',(1.,0.,0.));
#19464=DIRECTION('',(0.,0.,1.));
#19465=DIRECTION('',(1.,0.,0.));
#19466=DIRECTION('',(0.,0.,1.));
#19467=DIRECTION('',(1.,0.,0.));
#19468=DIRECTION('',(0.,0.,1.));
#19469=DIRECTION('',(1.,0.,0.));
#19470=DIRECTION('',(0.,0.,1.));
#19471=DIRECTION('',(1.,0.,0.));
#19472=DIRECTION('',(0.,0.,1.));
#19473=DIRECTION('',(1.,0.,0.));
#19474=DIRECTION('',(0.,0.,1.));
#19475=DIRECTION('',(1.,0.,0.));
#19476=DIRECTION('',(0.,0.,1.));
#19477=DIRECTION('',(1.,0.,0.));
#19478=DIRECTION('',(0.,0.,1.));
#19479=DIRECTION('',(1.,0.,0.));
#19480=DIRECTION('',(0.,0.,1.));
#19481=DIRECTION('',(1.,0.,0.));
#19482=DIRECTION('',(0.,0.,1.));
#19483=DIRECTION('',(1.,0.,0.));
#19484=DIRECTION('',(0.,0.,1.));
#19485=DIRECTION('',(1.,0.,0.));
#19486=DIRECTION('',(0.,0.,1.));
#19487=DIRECTION('',(1.,0.,0.));
#19488=DIRECTION('',(0.,0.,1.));
#19489=DIRECTION('',(1.,0.,0.));
#19490=DIRECTION('',(0.,0.,1.));
#19491=DIRECTION('',(1.,0.,0.));
#19492=DIRECTION('',(0.,0.,1.));
#19493=DIRECTION('',(1.,0.,0.));
#19494=DIRECTION('',(0.,0.,1.));
#19495=DIRECTION('',(1.,0.,0.));
#19496=DIRECTION('',(0.,0.,1.));
#19497=DIRECTION('',(1.,0.,0.));
#19498=DIRECTION('',(0.,0.,1.));
#19499=DIRECTION('',(1.,0.,0.));
#19500=DIRECTION('',(0.,0.,1.));
#19501=DIRECTION('',(1.,0.,0.));
#19502=DIRECTION('',(0.,0.,1.));
#19503=DIRECTION('',(1.,0.,0.));
#19504=DIRECTION('',(0.,0.,1.));
#19505=DIRECTION('',(1.,0.,0.));
#19506=DIRECTION('',(0.,0.,1.));
#19507=DIRECTION('',(1.,0.,0.));
#19508=DIRECTION('',(0.,0.,1.));
#19509=DIRECTION('',(1.,0.,0.));
#19510=DIRECTION('',(0.,0.,1.));
#19511=DIRECTION('',(1.,0.,0.));
#19512=DIRECTION('',(0.,0.,1.));
#19513=DIRECTION('',(1.,0.,0.));
#19514=DIRECTION('',(0.,0.,1.));
#19515=DIRECTION('',(1.,0.,0.));
#19516=DIRECTION('',(0.,0.,1.));
#19517=DIRECTION('',(1.,0.,0.));
#19518=DIRECTION('',(0.,0.,1.));
#19519=DIRECTION('',(1.,0.,0.));
#19520=DIRECTION('',(0.,0.,1.));
#19521=DIRECTION('',(1.,0.,0.));
#19522=DIRECTION('',(0.,0.,1.));
#19523=DIRECTION('',(1.,0.,0.));
#19524=DIRECTION('',(0.,0.,1.));
#19525=DIRECTION('',(1.,0.,0.));
#19526=DIRECTION('',(0.,0.,1.));
#19527=DIRECTION('',(1.,0.,0.));
#19528=DIRECTION('',(0.,0.,1.));
#19529=DIRECTION('',(1.,0.,0.));
#19530=DIRECTION('',(0.,0.,1.));
#19531=DIRECTION('',(1.,0.,0.));
#19532=DIRECTION('',(0.,0.,1.));
#19533=DIRECTION('',(1.,0.,0.));
#19534=DIRECTION('',(0.,0.,1.));
#19535=DIRECTION('',(1.,0.,0.));
#19536=DIRECTION('',(0.,0.,1.));
#19537=DIRECTION('',(1.,0.,0.));
#19538=DIRECTION('',(0.,0.,1.));
#19539=DIRECTION('',(1.,0.,0.));
#19540=DIRECTION('',(0.,0.,1.));
#19541=DIRECTION('',(1.,0.,0.));
#19542=DIRECTION('',(0.,0.,1.));
#19543=DIRECTION('',(1.,0.,0.));
#19544=DIRECTION('',(0.,0.,1.));
#19545=DIRECTION('',(1.,0.,0.));
#19546=DIRECTION('',(0.,0.,1.));
#19547=DIRECTION('',(1.,0.,0.));
#19548=DIRECTION('',(0.,0.,1.));
#19549=DIRECTION('',(1.,0.,0.));
#19550=DIRECTION('',(0.,0.,1.));
#19551=DIRECTION('',(1.,0.,0.));
#19552=DIRECTION('',(0.,0.,1.));
#19553=DIRECTION('',(1.,0.,0.));
#19554=DIRECTION('',(0.,0.,1.));
#19555=DIRECTION('',(1.,0.,0.));
#19556=DIRECTION('',(0.,0.,1.));
#19557=DIRECTION('',(1.,0.,0.));
#19558=DIRECTION('',(0.,0.,1.));
#19559=DIRECTION('',(1.,0.,0.));
#19560=DIRECTION('',(0.,0.,1.));
#19561=DIRECTION('',(1.,0.,0.));
#19562=DIRECTION('',(0.,0.,1.));
#19563=DIRECTION('',(1.,0.,0.));
#19564=DIRECTION('',(0.,0.,1.));
#19565=DIRECTION('',(1.,0.,0.));
#19566=DIRECTION('',(0.,0.,1.));
#19567=DIRECTION('',(1.,0.,0.));
#19568=DIRECTION('',(0.,0.,1.));
#19569=DIRECTION('',(1.,0.,0.));
#19570=DIRECTION('',(0.,0.,1.));
#19571=DIRECTION('',(1.,0.,0.));
#19572=DIRECTION('',(0.,0.,1.));
#19573=DIRECTION('',(1.,0.,0.));
#19574=DIRECTION('',(0.,0.,1.));
#19575=DIRECTION('',(1.,0.,0.));
#19576=DIRECTION('',(0.,0.,1.));
#19577=DIRECTION('',(1.,0.,0.));
#19578=DIRECTION('',(0.,0.,1.));
#19579=DIRECTION('',(1.,0.,0.));
#19580=DIRECTION('',(0.,0.,1.));
#19581=DIRECTION('',(1.,0.,0.));
#19582=DIRECTION('',(0.,0.,1.));
#19583=DIRECTION('',(1.,0.,0.));
#19584=DIRECTION('',(0.,0.,1.));
#19585=DIRECTION('',(1.,0.,0.));
#19586=DIRECTION('',(0.,0.,1.));
#19587=DIRECTION('',(1.,0.,0.));
#19588=DIRECTION('',(0.,0.,1.));
#19589=DIRECTION('',(1.,0.,0.));
#19590=DIRECTION('',(0.,0.,1.));
#19591=DIRECTION('',(1.,0.,0.));
#19592=DIRECTION('',(0.,0.,1.));
#19593=DIRECTION('',(1.,0.,0.));
#19594=DIRECTION('',(0.,0.,1.));
#19595=DIRECTION('',(1.,0.,0.));
#19596=DIRECTION('',(0.,0.,1.));
#19597=DIRECTION('',(1.,0.,0.));
#19598=DIRECTION('',(0.,0.,1.));
#19599=DIRECTION('',(1.,0.,0.));
#19600=DIRECTION('',(0.,0.,1.));
#19601=DIRECTION('',(1.,0.,0.));
#19602=DIRECTION('',(0.,0.,1.));
#19603=DIRECTION('',(1.,0.,0.));
#19604=DIRECTION('',(0.,0.,1.));
#19605=DIRECTION('',(1.,0.,0.));
#19606=DIRECTION('',(0.,0.,1.));
#19607=DIRECTION('',(1.,0.,0.));
#19608=DIRECTION('',(0.,0.,1.));
#19609=DIRECTION('',(1.,0.,0.));
#19610=DIRECTION('',(0.,0.,1.));
#19611=DIRECTION('',(1.,0.,0.));
#19612=DIRECTION('',(0.,0.,1.));
#19613=DIRECTION('',(1.,0.,0.));
#19614=DIRECTION('',(0.,0.,1.));
#19615=DIRECTION('',(1.,0.,0.));
#19616=DIRECTION('',(0.,0.,1.));
#19617=DIRECTION('',(1.,0.,0.));
#19618=DIRECTION('',(0.,0.,1.));
#19619=DIRECTION('',(1.,0.,0.));
#19620=DIRECTION('',(0.,0.,1.));
#19621=DIRECTION('',(1.,0.,0.));
#19622=DIRECTION('',(0.,0.,1.));
#19623=DIRECTION('',(1.,0.,0.));
#19624=DIRECTION('',(0.,0.,1.));
#19625=DIRECTION('',(1.,0.,0.));
#19626=DIRECTION('',(0.,0.,1.));
#19627=DIRECTION('',(1.,0.,0.));
#19628=DIRECTION('',(0.,0.,1.));
#19629=DIRECTION('',(1.,0.,0.));
#19630=DIRECTION('',(0.,0.,1.));
#19631=DIRECTION('',(1.,0.,0.));
#19632=DIRECTION('',(0.,0.,1.));
#19633=DIRECTION('',(1.,0.,0.));
#19634=DIRECTION('',(0.,0.,1.));
#19635=DIRECTION('',(1.,0.,0.));
#19636=DIRECTION('',(0.,0.,1.));
#19637=DIRECTION('',(1.,0.,0.));
#19638=DIRECTION('',(0.,0.,1.));
#19639=DIRECTION('',(1.,0.,0.));
#19640=DIRECTION('',(0.,0.,1.));
#19641=DIRECTION('',(1.,0.,0.));
#19642=DIRECTION('',(0.,0.,1.));
#19643=DIRECTION('',(1.,0.,0.));
#19644=DIRECTION('',(0.,0.,1.));
#19645=DIRECTION('',(1.,0.,0.));
#19646=DIRECTION('',(0.,0.,1.));
#19647=DIRECTION('',(0.999999999999987,0.,0.));
#19648=DIRECTION('',(0.,0.,1.));
#19649=DIRECTION('',(1.,0.,0.));
#19650=DIRECTION('',(0.,0.,1.));
#19651=DIRECTION('',(1.,0.,0.));
#19652=DIRECTION('',(0.,0.,1.));
#19653=DIRECTION('',(1.,0.,0.));
#19654=DIRECTION('',(0.,0.,1.));
#19655=DIRECTION('',(1.,0.,0.));
#19656=DIRECTION('',(0.,0.,1.));
#19657=DIRECTION('',(1.,0.,0.));
#19658=DIRECTION('',(0.,0.,1.));
#19659=DIRECTION('',(1.,0.,0.));
#19660=DIRECTION('',(0.,0.,1.));
#19661=DIRECTION('',(1.,0.,0.));
#19662=DIRECTION('',(0.,0.,1.));
#19663=DIRECTION('',(1.,0.,0.));
#19664=DIRECTION('',(0.,0.,1.));
#19665=DIRECTION('',(1.,0.,0.));
#19666=DIRECTION('',(0.,0.,1.));
#19667=DIRECTION('',(1.,0.,0.));
#19668=DIRECTION('',(0.,0.,1.));
#19669=DIRECTION('',(1.,0.,0.));
#19670=DIRECTION('',(0.,0.,1.));
#19671=DIRECTION('',(1.,0.,0.));
#19672=DIRECTION('',(0.,0.,1.));
#19673=DIRECTION('',(1.,0.,0.));
#19674=DIRECTION('',(0.,0.,1.));
#19675=DIRECTION('',(1.,0.,0.));
#19676=DIRECTION('',(0.,0.,1.));
#19677=DIRECTION('',(1.,0.,0.));
#19678=DIRECTION('',(0.,0.,1.));
#19679=DIRECTION('',(1.,0.,0.));
#19680=DIRECTION('',(0.,0.,1.));
#19681=DIRECTION('',(1.,0.,0.));
#19682=DIRECTION('',(0.,0.,1.));
#19683=DIRECTION('',(1.,0.,0.));
#19684=DIRECTION('',(0.,0.,1.));
#19685=DIRECTION('',(1.,0.,0.));
#19686=DIRECTION('',(0.,0.,1.));
#19687=DIRECTION('',(1.,0.,0.));
#19688=DIRECTION('',(0.,0.,1.));
#19689=DIRECTION('',(1.,0.,0.));
#19690=DIRECTION('',(0.,0.,1.));
#19691=DIRECTION('',(1.,0.,0.));
#19692=DIRECTION('',(0.,0.,1.));
#19693=DIRECTION('',(1.,0.,0.));
#19694=DIRECTION('',(0.,0.,1.));
#19695=DIRECTION('',(1.,0.,0.));
#19696=DIRECTION('',(0.,0.,1.));
#19697=DIRECTION('',(1.,0.,0.));
#19698=DIRECTION('',(0.,0.,1.));
#19699=DIRECTION('',(0.,0.,1.));
#19700=DIRECTION('',(0.,0.,-1.));
#19701=DIRECTION('',(1.,0.,0.));
#19702=DIRECTION('',(-1.,0.,0.));
#19703=DIRECTION('',(-1.,0.,0.));
#19704=DIRECTION('',(-1.,0.,0.));
#19705=DIRECTION('',(-1.,0.,0.));
#19706=DIRECTION('',(0.,0.,-1.));
#19707=DIRECTION('',(-1.,0.,0.));
#19708=DIRECTION('',(0.,0.,-1.));
#19709=DIRECTION('',(0.,-1.,0.));
#19710=DIRECTION('',(0.,0.,-1.));
#19711=DIRECTION('',(1.,0.,0.));
#19712=DIRECTION('',(0.,0.,-1.));
#19713=DIRECTION('',(-1.,0.,0.));
#19714=DIRECTION('',(0.,0.,1.));
#19715=DIRECTION('',(0.,0.,1.));
#19716=DIRECTION('',(0.,0.,1.));
#19717=DIRECTION('',(1.,0.,0.));
#19718=DIRECTION('',(0.,0.,-1.));
#19719=DIRECTION('',(0.,0.,1.));
#19720=DIRECTION('',(-1.,0.,0.));
#19721=DIRECTION('',(0.,0.,1.));
#19722=DIRECTION('',(0.,0.,1.));
#19723=DIRECTION('',(1.,0.,0.));
#19724=DIRECTION('',(0.,0.,-1.));
#19725=DIRECTION('',(0.,0.,1.));
#19726=DIRECTION('',(-1.,0.,0.));
#19727=DIRECTION('',(0.,0.,1.));
#19728=DIRECTION('',(0.,1.,0.));
#19729=DIRECTION('',(0.,0.,1.));
#19730=DIRECTION('',(0.,-1.,0.));
#19731=DIRECTION('',(0.,0.,-1.));
#19732=DIRECTION('',(0.,0.,1.));
#19733=DIRECTION('',(1.,0.,0.));
#19734=DIRECTION('',(0.,0.,-1.));
#19735=DIRECTION('',(0.,-1.,0.));
#19736=DIRECTION('',(0.,0.,-1.));
#19737=DIRECTION('',(0.,1.,0.));
#19738=DIRECTION('',(1.,0.,0.));
#19739=DIRECTION('',(0.,0.,-1.));
#19740=DIRECTION('',(0.,-1.,0.));
#19741=DIRECTION('',(-1.,0.,0.));
#19742=DIRECTION('',(0.,0.,1.));
#19743=DIRECTION('',(0.,0.,1.));
#19744=DIRECTION('',(1.,0.,0.));
#19745=DIRECTION('',(0.,1.,0.));
#19746=DIRECTION('',(1.,0.,0.));
#19747=DIRECTION('',(0.,0.,-1.));
#19748=DIRECTION('',(0.,0.,-1.));
#19749=DIRECTION('',(-1.,0.,0.));
#19750=DIRECTION('',(0.,0.,1.));
#19751=DIRECTION('',(1.,0.,0.));
#19752=DIRECTION('',(0.,0.,1.));
#19753=DIRECTION('',(1.,0.,0.));
#19754=DIRECTION('',(0.,0.,1.));
#19755=DIRECTION('',(1.,0.,0.));
#19756=DIRECTION('',(0.,0.,1.));
#19757=DIRECTION('',(1.,0.,0.));
#19758=DIRECTION('',(0.,1.,0.));
#19759=DIRECTION('',(0.,0.,1.));
#19760=DIRECTION('',(-1.,0.,0.));
#19761=DIRECTION('',(0.,0.,-1.));
#19762=DIRECTION('',(1.,0.,0.));
#19763=DIRECTION('',(0.,0.,1.));
#19764=DIRECTION('',(0.,1.,0.));
#19765=DIRECTION('',(0.,0.,1.));
#19766=DIRECTION('',(1.,0.,0.));
#19767=DIRECTION('',(0.,0.,-1.));
#19768=DIRECTION('',(-1.,0.,0.));
#19769=DIRECTION('',(0.,0.,1.));
#19770=DIRECTION('',(0.,-1.,0.));
#19771=DIRECTION('',(0.,0.,-1.));
#19772=DIRECTION('',(-1.,0.,0.));
#19773=DIRECTION('',(0.,0.,-1.));
#19774=DIRECTION('',(-1.,0.,0.));
#19775=DIRECTION('',(0.,0.,-1.));
#19776=DIRECTION('',(-1.,0.,0.));
#19777=DIRECTION('',(0.,0.,-1.));
#19778=DIRECTION('',(-1.,0.,0.));
#19779=DIRECTION('',(0.,0.,-1.));
#19780=DIRECTION('',(0.,-1.,0.));
#19781=DIRECTION('',(0.,0.,-1.));
#19782=DIRECTION('',(1.,0.,0.));
#19783=DIRECTION('',(0.,0.,-1.));
#19784=DIRECTION('',(1.,0.,0.));
#19785=DIRECTION('',(0.,0.,-1.));
#19786=DIRECTION('',(1.,0.,0.));
#19787=DIRECTION('',(0.,0.,-1.));
#19788=DIRECTION('',(1.,0.,0.));
#19789=DIRECTION('',(0.,0.,-1.));
#19790=DIRECTION('',(0.,1.,0.));
#19791=DIRECTION('',(0.,0.,1.));
#19792=DIRECTION('',(0.,-1.,0.));
#19793=DIRECTION('',(0.,0.,1.));
#19794=DIRECTION('',(0.,1.,0.));
#19795=DIRECTION('',(1.,0.,0.));
#19796=DIRECTION('',(0.,0.,-1.));
#19797=DIRECTION('',(0.,1.,0.));
#19798=DIRECTION('',(0.,0.,1.));
#19799=DIRECTION('',(0.,-1.,0.));
#19800=DIRECTION('',(-1.,0.,0.));
#19801=DIRECTION('',(0.,0.,1.));
#19802=DIRECTION('',(-1.,0.,0.));
#19803=DIRECTION('',(0.,-1.,0.));
#19804=DIRECTION('',(-1.,0.,0.));
#19805=DIRECTION('',(0.,-1.,0.));
#19806=DIRECTION('',(0.,1.,0.));
#19807=DIRECTION('',(0.,0.,1.));
#19808=DIRECTION('',(1.,0.,0.));
#19809=DIRECTION('',(1.,0.,0.));
#19810=DIRECTION('',(0.,1.,0.));
#19811=DIRECTION('',(1.,0.,0.));
#19812=DIRECTION('',(0.,1.,0.));
#19813=DIRECTION('',(0.,-1.,0.));
#19814=DIRECTION('',(0.,0.,1.));
#19815=DIRECTION('',(1.,0.,0.));
#19816=DIRECTION('',(0.,1.,0.));
#19817=DIRECTION('',(0.,1.,0.));
#19818=DIRECTION('',(0.,1.,0.));
#19819=DIRECTION('',(-1.,0.,0.));
#19820=DIRECTION('',(0.,-1.,0.));
#19821=DIRECTION('',(1.,0.,0.));
#19822=DIRECTION('',(0.,-1.,0.));
#19823=DIRECTION('',(0.,-1.,0.));
#19824=DIRECTION('',(0.,-1.,0.));
#19825=DIRECTION('',(1.,0.,0.));
#19826=DIRECTION('',(0.,1.,0.));
#19827=DIRECTION('',(-1.,0.,0.));
#19828=DIRECTION('',(0.,0.,-1.));
#19829=DIRECTION('',(-1.,0.,0.));
#19830=DIRECTION('',(0.,1.,0.));
#19831=DIRECTION('',(-1.,0.,0.));
#19832=DIRECTION('',(0.,0.,1.));
#19833=DIRECTION('',(0.,-1.,0.));
#19834=DIRECTION('',(1.,0.,0.));
#19835=DIRECTION('',(0.,0.,-1.));
#19836=DIRECTION('',(0.,0.,-1.));
#19837=DIRECTION('',(-1.,0.,0.));
#19838=DIRECTION('',(0.,0.,1.));
#19839=DIRECTION('',(0.,0.,1.));
#19840=DIRECTION('',(1.,0.,0.));
#19841=DIRECTION('',(0.,0.,-1.));
#19842=DIRECTION('',(0.,0.,-1.));
#19843=DIRECTION('',(0.,0.,1.));
#19844=DIRECTION('',(0.,1.,0.));
#19845=DIRECTION('',(0.,0.,1.));
#19846=DIRECTION('',(0.,0.,1.));
#19847=DIRECTION('',(-1.,0.,0.));
#19848=DIRECTION('',(0.,0.,1.));
#19849=DIRECTION('',(0.,0.,-1.));
#19850=DIRECTION('',(0.,-1.,0.));
#19851=DIRECTION('',(0.,0.,-1.));
#19852=DIRECTION('',(0.,1.,0.));
#19853=DIRECTION('',(0.,0.,1.));
#19854=DIRECTION('',(0.,-1.,0.));
#19855=DIRECTION('',(0.,0.,-1.));
#19856=DIRECTION('',(-1.,0.,0.));
#19857=DIRECTION('',(0.,0.,1.));
#19858=DIRECTION('',(1.,0.,0.));
#19859=DIRECTION('',(0.,0.,-1.));
#19860=DIRECTION('',(-1.,0.,0.));
#19861=DIRECTION('',(0.,0.,1.));
#19862=DIRECTION('',(1.,0.,0.));
#19863=DIRECTION('',(0.,0.,-1.));
#19864=DIRECTION('',(5.55111512312578E-17,-1.30057671808018E-31,1.));
#19865=DIRECTION('',(-1.,2.34291072916505E-15,5.55111512312578E-17));
#19866=DIRECTION('',(-1.11020855071504E-16,-1.11022302462515E-16,1.));
#19867=DIRECTION('',(1.,-4.68542059602504E-15,1.11020855071504E-16));
#19868=DIRECTION('',(0.,0.,1.));
#19869=DIRECTION('',(1.,0.,0.));
#19870=CARTESIAN_POINT('',(0.,0.,0.));
#19871=CARTESIAN_POINT('',(19.,-62.5,2.));
#19872=CARTESIAN_POINT('',(19.,-51.8,2.));
#19873=CARTESIAN_POINT('',(19.,-51.4,2.));
#19874=CARTESIAN_POINT('',(19.,-51.8,2.));
#19875=CARTESIAN_POINT('',(46.,-51.8,2.));
#19876=CARTESIAN_POINT('',(46.,-52.9,2.));
#19877=CARTESIAN_POINT('',(46.,-51.4,2.));
#19878=CARTESIAN_POINT('',(19.,-51.4,2.));
#19879=CARTESIAN_POINT('',(0.,0.,2.));
#19880=CARTESIAN_POINT('',(49.,-22.9,2.));
#19881=CARTESIAN_POINT('',(49.,-51.4,2.));
#19882=CARTESIAN_POINT('',(49.,-51.8,2.));
#19883=CARTESIAN_POINT('',(19.,-51.8,2.));
#19884=CARTESIAN_POINT('',(76.,-51.8,2.));
#19885=CARTESIAN_POINT('',(76.,-12.5,2.));
#19886=CARTESIAN_POINT('',(76.,-51.4,2.));
#19887=CARTESIAN_POINT('',(49.,-51.4,2.));
#19888=CARTESIAN_POINT('',(0.,0.,2.));
#19889=CARTESIAN_POINT('',(76.,-51.8,3.5));
#19890=CARTESIAN_POINT('',(76.,-51.8,3.5));
#19891=CARTESIAN_POINT('',(76.,-62.5,3.5));
#19892=CARTESIAN_POINT('',(76.,-51.4,3.5));
#19893=CARTESIAN_POINT('',(76.,-51.4,3.5));
#19894=CARTESIAN_POINT('',(76.,-12.5,5.));
#19895=CARTESIAN_POINT('',(19.,-62.5,3.5));
#19896=CARTESIAN_POINT('',(19.,-51.8,3.5));
#19897=CARTESIAN_POINT('',(19.,-51.4,3.5));
#19898=CARTESIAN_POINT('',(19.,-51.8,3.5));
#19899=CARTESIAN_POINT('',(19.,-51.4,3.5));
#19900=CARTESIAN_POINT('',(19.,-62.5,5.));
#19901=CARTESIAN_POINT('',(46.,-51.8,3.5));
#19902=CARTESIAN_POINT('',(46.,-51.8,3.5));
#19903=CARTESIAN_POINT('',(46.,-52.9,3.5));
#19904=CARTESIAN_POINT('',(46.,-51.4,3.5));
#19905=CARTESIAN_POINT('',(46.,-51.4,3.5));
#19906=CARTESIAN_POINT('',(46.,-52.9,3.5));
#19907=CARTESIAN_POINT('',(19.,-62.5,3.5));
#19908=CARTESIAN_POINT('',(19.,-51.,3.5));
#19909=CARTESIAN_POINT('',(19.,-50.6,3.5));
#19910=CARTESIAN_POINT('',(19.,-51.,3.5));
#19911=CARTESIAN_POINT('',(19.,-51.,2.));
#19912=CARTESIAN_POINT('',(19.,-62.5,2.));
#19913=CARTESIAN_POINT('',(19.,-50.6,2.));
#19914=CARTESIAN_POINT('',(19.,-50.6,3.5));
#19915=CARTESIAN_POINT('',(19.,-62.5,5.));
#19916=CARTESIAN_POINT('',(46.,-51.,3.5));
#19917=CARTESIAN_POINT('',(46.,-51.,3.5));
#19918=CARTESIAN_POINT('',(46.,-51.,2.));
#19919=CARTESIAN_POINT('',(46.,-52.9,3.5));
#19920=CARTESIAN_POINT('',(46.,-50.6,3.5));
#19921=CARTESIAN_POINT('',(46.,-50.6,3.5));
#19922=CARTESIAN_POINT('',(46.,-50.6,2.));
#19923=CARTESIAN_POINT('',(46.,-52.9,2.));
#19924=CARTESIAN_POINT('',(46.,-52.9,3.5));
#19925=CARTESIAN_POINT('',(46.,-51.,2.));
#19926=CARTESIAN_POINT('',(19.,-50.6,2.));
#19927=CARTESIAN_POINT('',(0.,0.,2.));
#19928=CARTESIAN_POINT('',(19.,-62.5,3.5));
#19929=CARTESIAN_POINT('',(19.,-50.2,3.5));
#19930=CARTESIAN_POINT('',(19.,-49.8,3.5));
#19931=CARTESIAN_POINT('',(19.,-50.2,3.5));
#19932=CARTESIAN_POINT('',(19.,-50.2,2.));
#19933=CARTESIAN_POINT('',(19.,-62.5,2.));
#19934=CARTESIAN_POINT('',(19.,-49.8,2.));
#19935=CARTESIAN_POINT('',(19.,-49.8,3.5));
#19936=CARTESIAN_POINT('',(19.,-62.5,5.));
#19937=CARTESIAN_POINT('',(46.,-50.2,3.5));
#19938=CARTESIAN_POINT('',(46.,-50.2,3.5));
#19939=CARTESIAN_POINT('',(46.,-50.2,2.));
#19940=CARTESIAN_POINT('',(46.,-52.9,3.5));
#19941=CARTESIAN_POINT('',(46.,-49.8,3.5));
#19942=CARTESIAN_POINT('',(46.,-49.8,3.5));
#19943=CARTESIAN_POINT('',(46.,-49.8,2.));
#19944=CARTESIAN_POINT('',(46.,-52.9,2.));
#19945=CARTESIAN_POINT('',(46.,-52.9,3.5));
#19946=CARTESIAN_POINT('',(46.,-50.2,2.));
#19947=CARTESIAN_POINT('',(19.,-49.8,2.));
#19948=CARTESIAN_POINT('',(0.,0.,2.));
#19949=CARTESIAN_POINT('',(19.,-62.5,3.5));
#19950=CARTESIAN_POINT('',(19.,-49.4,3.5));
#19951=CARTESIAN_POINT('',(19.,-49.,3.5));
#19952=CARTESIAN_POINT('',(19.,-49.4,3.5));
#19953=CARTESIAN_POINT('',(19.,-49.4,2.));
#19954=CARTESIAN_POINT('',(19.,-62.5,2.));
#19955=CARTESIAN_POINT('',(19.,-49.,2.));
#19956=CARTESIAN_POINT('',(19.,-49.,3.5));
#19957=CARTESIAN_POINT('',(19.,-62.5,5.));
#19958=CARTESIAN_POINT('',(46.,-49.4,3.5));
#19959=CARTESIAN_POINT('',(46.,-49.4,3.5));
#19960=CARTESIAN_POINT('',(46.,-49.4,2.));
#19961=CARTESIAN_POINT('',(46.,-52.9,3.5));
#19962=CARTESIAN_POINT('',(46.,-49.,3.5));
#19963=CARTESIAN_POINT('',(46.,-49.,3.5));
#19964=CARTESIAN_POINT('',(46.,-49.,2.));
#19965=CARTESIAN_POINT('',(46.,-52.9,2.));
#19966=CARTESIAN_POINT('',(46.,-52.9,3.5));
#19967=CARTESIAN_POINT('',(46.,-49.4,2.));
#19968=CARTESIAN_POINT('',(19.,-49.,2.));
#19969=CARTESIAN_POINT('',(0.,0.,2.));
#19970=CARTESIAN_POINT('',(19.,-62.5,3.5));
#19971=CARTESIAN_POINT('',(19.,-48.6,3.5));
#19972=CARTESIAN_POINT('',(19.,-48.2,3.5));
#19973=CARTESIAN_POINT('',(19.,-48.6,3.5));
#19974=CARTESIAN_POINT('',(19.,-48.6,2.));
#19975=CARTESIAN_POINT('',(19.,-62.5,2.));
#19976=CARTESIAN_POINT('',(19.,-48.2,2.));
#19977=CARTESIAN_POINT('',(19.,-48.2,3.5));
#19978=CARTESIAN_POINT('',(19.,-62.5,5.));
#19979=CARTESIAN_POINT('',(46.,-48.6,3.5));
#19980=CARTESIAN_POINT('',(46.,-48.6,3.5));
#19981=CARTESIAN_POINT('',(46.,-48.6,2.));
#19982=CARTESIAN_POINT('',(46.,-52.9,3.5));
#19983=CARTESIAN_POINT('',(46.,-48.2,3.5));
#19984=CARTESIAN_POINT('',(46.,-48.2,3.5));
#19985=CARTESIAN_POINT('',(46.,-48.2,2.));
#19986=CARTESIAN_POINT('',(46.,-52.9,2.));
#19987=CARTESIAN_POINT('',(46.,-52.9,3.5));
#19988=CARTESIAN_POINT('',(46.,-48.6,2.));
#19989=CARTESIAN_POINT('',(19.,-48.2,2.));
#19990=CARTESIAN_POINT('',(0.,0.,2.));
#19991=CARTESIAN_POINT('',(19.,-62.5,3.5));
#19992=CARTESIAN_POINT('',(19.,-47.8,3.5));
#19993=CARTESIAN_POINT('',(19.,-47.4,3.5));
#19994=CARTESIAN_POINT('',(19.,-47.8,3.5));
#19995=CARTESIAN_POINT('',(19.,-47.8,2.));
#19996=CARTESIAN_POINT('',(19.,-62.5,2.));
#19997=CARTESIAN_POINT('',(19.,-47.4,2.));
#19998=CARTESIAN_POINT('',(19.,-47.4,3.5));
#19999=CARTESIAN_POINT('',(19.,-62.5,5.));
#20000=CARTESIAN_POINT('',(46.,-47.8,3.5));
#20001=CARTESIAN_POINT('',(46.,-47.8,3.5));
#20002=CARTESIAN_POINT('',(46.,-47.8,2.));
#20003=CARTESIAN_POINT('',(46.,-52.9,3.5));
#20004=CARTESIAN_POINT('',(46.,-47.4,3.5));
#20005=CARTESIAN_POINT('',(46.,-47.4,3.5));
#20006=CARTESIAN_POINT('',(46.,-47.4,2.));
#20007=CARTESIAN_POINT('',(46.,-52.9,2.));
#20008=CARTESIAN_POINT('',(46.,-52.9,3.5));
#20009=CARTESIAN_POINT('',(46.,-47.8,2.));
#20010=CARTESIAN_POINT('',(19.,-47.4,2.));
#20011=CARTESIAN_POINT('',(0.,0.,2.));
#20012=CARTESIAN_POINT('',(19.,-62.5,3.5));
#20013=CARTESIAN_POINT('',(19.,-47.,3.5));
#20014=CARTESIAN_POINT('',(19.,-46.6,3.5));
#20015=CARTESIAN_POINT('',(19.,-47.,3.5));
#20016=CARTESIAN_POINT('',(19.,-47.,2.));
#20017=CARTESIAN_POINT('',(19.,-62.5,2.));
#20018=CARTESIAN_POINT('',(19.,-46.6,2.));
#20019=CARTESIAN_POINT('',(19.,-46.6,3.5));
#20020=CARTESIAN_POINT('',(19.,-62.5,5.));
#20021=CARTESIAN_POINT('',(46.,-47.,3.5));
#20022=CARTESIAN_POINT('',(46.,-47.,3.5));
#20023=CARTESIAN_POINT('',(46.,-47.,2.));
#20024=CARTESIAN_POINT('',(46.,-52.9,3.5));
#20025=CARTESIAN_POINT('',(46.,-46.6,3.5));
#20026=CARTESIAN_POINT('',(46.,-46.6,3.5));
#20027=CARTESIAN_POINT('',(46.,-46.6,2.));
#20028=CARTESIAN_POINT('',(46.,-52.9,2.));
#20029=CARTESIAN_POINT('',(46.,-52.9,3.5));
#20030=CARTESIAN_POINT('',(46.,-47.,2.));
#20031=CARTESIAN_POINT('',(19.,-46.6,2.));
#20032=CARTESIAN_POINT('',(0.,0.,2.));
#20033=CARTESIAN_POINT('',(19.,-62.5,3.5));
#20034=CARTESIAN_POINT('',(19.,-46.2,3.5));
#20035=CARTESIAN_POINT('',(19.,-45.8,3.5));
#20036=CARTESIAN_POINT('',(19.,-46.2,3.5));
#20037=CARTESIAN_POINT('',(19.,-46.2,2.));
#20038=CARTESIAN_POINT('',(19.,-62.5,2.));
#20039=CARTESIAN_POINT('',(19.,-45.8,2.));
#20040=CARTESIAN_POINT('',(19.,-45.8,3.5));
#20041=CARTESIAN_POINT('',(19.,-62.5,5.));
#20042=CARTESIAN_POINT('',(46.,-46.2,3.5));
#20043=CARTESIAN_POINT('',(46.,-46.2,3.5));
#20044=CARTESIAN_POINT('',(46.,-46.2,2.));
#20045=CARTESIAN_POINT('',(46.,-52.9,3.5));
#20046=CARTESIAN_POINT('',(46.,-45.8,3.5));
#20047=CARTESIAN_POINT('',(46.,-45.8,3.5));
#20048=CARTESIAN_POINT('',(46.,-45.8,2.));
#20049=CARTESIAN_POINT('',(46.,-52.9,2.));
#20050=CARTESIAN_POINT('',(46.,-52.9,3.5));
#20051=CARTESIAN_POINT('',(46.,-46.2,2.));
#20052=CARTESIAN_POINT('',(19.,-45.8,2.));
#20053=CARTESIAN_POINT('',(0.,0.,2.));
#20054=CARTESIAN_POINT('',(19.,-62.5,3.5));
#20055=CARTESIAN_POINT('',(19.,-45.4,3.5));
#20056=CARTESIAN_POINT('',(19.,-45.,3.5));
#20057=CARTESIAN_POINT('',(19.,-45.4,3.5));
#20058=CARTESIAN_POINT('',(19.,-45.4,2.));
#20059=CARTESIAN_POINT('',(19.,-62.5,2.));
#20060=CARTESIAN_POINT('',(19.,-45.,2.));
#20061=CARTESIAN_POINT('',(19.,-45.,3.5));
#20062=CARTESIAN_POINT('',(19.,-62.5,5.));
#20063=CARTESIAN_POINT('',(46.,-45.4,3.5));
#20064=CARTESIAN_POINT('',(46.,-45.4,3.5));
#20065=CARTESIAN_POINT('',(46.,-45.4,2.));
#20066=CARTESIAN_POINT('',(46.,-52.9,3.5));
#20067=CARTESIAN_POINT('',(46.,-45.,3.5));
#20068=CARTESIAN_POINT('',(46.,-45.,3.5));
#20069=CARTESIAN_POINT('',(46.,-45.,2.));
#20070=CARTESIAN_POINT('',(46.,-52.9,2.));
#20071=CARTESIAN_POINT('',(46.,-52.9,3.5));
#20072=CARTESIAN_POINT('',(46.,-45.4,2.));
#20073=CARTESIAN_POINT('',(19.,-45.,2.));
#20074=CARTESIAN_POINT('',(0.,0.,2.));
#20075=CARTESIAN_POINT('',(19.,-62.5,3.5));
#20076=CARTESIAN_POINT('',(19.,-44.6,3.5));
#20077=CARTESIAN_POINT('',(19.,-44.2,3.5));
#20078=CARTESIAN_POINT('',(19.,-44.6,3.5));
#20079=CARTESIAN_POINT('',(19.,-44.6,2.));
#20080=CARTESIAN_POINT('',(19.,-62.5,2.));
#20081=CARTESIAN_POINT('',(19.,-44.2,2.));
#20082=CARTESIAN_POINT('',(19.,-44.2,3.5));
#20083=CARTESIAN_POINT('',(19.,-62.5,5.));
#20084=CARTESIAN_POINT('',(46.,-44.6,3.5));
#20085=CARTESIAN_POINT('',(46.,-44.6,3.5));
#20086=CARTESIAN_POINT('',(46.,-44.6,2.));
#20087=CARTESIAN_POINT('',(46.,-52.9,3.5));
#20088=CARTESIAN_POINT('',(46.,-44.2,3.5));
#20089=CARTESIAN_POINT('',(46.,-44.2,3.5));
#20090=CARTESIAN_POINT('',(46.,-44.2,2.));
#20091=CARTESIAN_POINT('',(46.,-52.9,2.));
#20092=CARTESIAN_POINT('',(46.,-52.9,3.5));
#20093=CARTESIAN_POINT('',(46.,-44.6,2.));
#20094=CARTESIAN_POINT('',(19.,-44.2,2.));
#20095=CARTESIAN_POINT('',(0.,0.,2.));
#20096=CARTESIAN_POINT('',(19.,-62.5,3.5));
#20097=CARTESIAN_POINT('',(19.,-43.8,3.5));
#20098=CARTESIAN_POINT('',(19.,-43.4,3.5));
#20099=CARTESIAN_POINT('',(19.,-43.8,3.5));
#20100=CARTESIAN_POINT('',(19.,-43.8,2.));
#20101=CARTESIAN_POINT('',(19.,-62.5,2.));
#20102=CARTESIAN_POINT('',(19.,-43.4,2.));
#20103=CARTESIAN_POINT('',(19.,-43.4,3.5));
#20104=CARTESIAN_POINT('',(19.,-62.5,5.));
#20105=CARTESIAN_POINT('',(46.,-43.8,3.5));
#20106=CARTESIAN_POINT('',(46.,-43.8,3.5));
#20107=CARTESIAN_POINT('',(46.,-43.8,2.));
#20108=CARTESIAN_POINT('',(46.,-52.9,3.5));
#20109=CARTESIAN_POINT('',(46.,-43.4,3.5));
#20110=CARTESIAN_POINT('',(46.,-43.4,3.5));
#20111=CARTESIAN_POINT('',(46.,-43.4,2.));
#20112=CARTESIAN_POINT('',(46.,-52.9,2.));
#20113=CARTESIAN_POINT('',(46.,-52.9,3.5));
#20114=CARTESIAN_POINT('',(46.,-43.8,2.));
#20115=CARTESIAN_POINT('',(19.,-43.4,2.));
#20116=CARTESIAN_POINT('',(0.,0.,2.));
#20117=CARTESIAN_POINT('',(19.,-62.5,3.5));
#20118=CARTESIAN_POINT('',(19.,-43.,3.5));
#20119=CARTESIAN_POINT('',(19.,-42.6,3.5));
#20120=CARTESIAN_POINT('',(19.,-43.,3.5));
#20121=CARTESIAN_POINT('',(19.,-43.,2.));
#20122=CARTESIAN_POINT('',(19.,-62.5,2.));
#20123=CARTESIAN_POINT('',(19.,-42.6,2.));
#20124=CARTESIAN_POINT('',(19.,-42.6,3.5));
#20125=CARTESIAN_POINT('',(19.,-62.5,5.));
#20126=CARTESIAN_POINT('',(46.,-43.,3.5));
#20127=CARTESIAN_POINT('',(46.,-43.,3.5));
#20128=CARTESIAN_POINT('',(46.,-43.,2.));
#20129=CARTESIAN_POINT('',(46.,-52.9,3.5));
#20130=CARTESIAN_POINT('',(46.,-42.6,3.5));
#20131=CARTESIAN_POINT('',(46.,-42.6,3.5));
#20132=CARTESIAN_POINT('',(46.,-42.6,2.));
#20133=CARTESIAN_POINT('',(46.,-52.9,2.));
#20134=CARTESIAN_POINT('',(46.,-52.9,3.5));
#20135=CARTESIAN_POINT('',(46.,-43.,2.));
#20136=CARTESIAN_POINT('',(19.,-42.6,2.));
#20137=CARTESIAN_POINT('',(0.,0.,2.));
#20138=CARTESIAN_POINT('',(19.,-62.5,3.5));
#20139=CARTESIAN_POINT('',(19.,-42.2,3.5));
#20140=CARTESIAN_POINT('',(19.,-41.8,3.5));
#20141=CARTESIAN_POINT('',(19.,-42.2,3.5));
#20142=CARTESIAN_POINT('',(19.,-42.2,2.));
#20143=CARTESIAN_POINT('',(19.,-62.5,2.));
#20144=CARTESIAN_POINT('',(19.,-41.8,2.));
#20145=CARTESIAN_POINT('',(19.,-41.8,3.5));
#20146=CARTESIAN_POINT('',(19.,-62.5,5.));
#20147=CARTESIAN_POINT('',(46.,-42.2,3.5));
#20148=CARTESIAN_POINT('',(46.,-42.2,3.5));
#20149=CARTESIAN_POINT('',(46.,-42.2,2.));
#20150=CARTESIAN_POINT('',(46.,-52.9,3.5));
#20151=CARTESIAN_POINT('',(46.,-41.8,3.5));
#20152=CARTESIAN_POINT('',(46.,-41.8,3.5));
#20153=CARTESIAN_POINT('',(46.,-41.8,2.));
#20154=CARTESIAN_POINT('',(46.,-52.9,2.));
#20155=CARTESIAN_POINT('',(46.,-52.9,3.5));
#20156=CARTESIAN_POINT('',(46.,-42.2,2.));
#20157=CARTESIAN_POINT('',(19.,-41.8,2.));
#20158=CARTESIAN_POINT('',(0.,0.,2.));
#20159=CARTESIAN_POINT('',(19.,-62.5,3.5));
#20160=CARTESIAN_POINT('',(19.,-41.4,3.5));
#20161=CARTESIAN_POINT('',(19.,-41.,3.5));
#20162=CARTESIAN_POINT('',(19.,-41.4,3.5));
#20163=CARTESIAN_POINT('',(19.,-41.4,2.));
#20164=CARTESIAN_POINT('',(19.,-62.5,2.));
#20165=CARTESIAN_POINT('',(19.,-41.,2.));
#20166=CARTESIAN_POINT('',(19.,-41.,3.5));
#20167=CARTESIAN_POINT('',(19.,-62.5,5.));
#20168=CARTESIAN_POINT('',(46.,-41.4,3.5));
#20169=CARTESIAN_POINT('',(46.,-41.4,3.5));
#20170=CARTESIAN_POINT('',(46.,-41.4,2.));
#20171=CARTESIAN_POINT('',(46.,-52.9,3.5));
#20172=CARTESIAN_POINT('',(46.,-41.,3.5));
#20173=CARTESIAN_POINT('',(46.,-41.,3.5));
#20174=CARTESIAN_POINT('',(46.,-41.,2.));
#20175=CARTESIAN_POINT('',(46.,-52.9,2.));
#20176=CARTESIAN_POINT('',(46.,-52.9,3.5));
#20177=CARTESIAN_POINT('',(46.,-41.4,2.));
#20178=CARTESIAN_POINT('',(19.,-41.,2.));
#20179=CARTESIAN_POINT('',(0.,0.,2.));
#20180=CARTESIAN_POINT('',(19.,-62.5,3.5));
#20181=CARTESIAN_POINT('',(19.,-40.6,3.5));
#20182=CARTESIAN_POINT('',(19.,-40.2,3.5));
#20183=CARTESIAN_POINT('',(19.,-40.6,3.5));
#20184=CARTESIAN_POINT('',(19.,-40.6,2.));
#20185=CARTESIAN_POINT('',(19.,-62.5,2.));
#20186=CARTESIAN_POINT('',(19.,-40.2,2.));
#20187=CARTESIAN_POINT('',(19.,-40.2,3.5));
#20188=CARTESIAN_POINT('',(19.,-62.5,5.));
#20189=CARTESIAN_POINT('',(46.,-40.6,3.5));
#20190=CARTESIAN_POINT('',(46.,-40.6,3.5));
#20191=CARTESIAN_POINT('',(46.,-40.6,2.));
#20192=CARTESIAN_POINT('',(46.,-52.9,3.5));
#20193=CARTESIAN_POINT('',(46.,-40.2,3.5));
#20194=CARTESIAN_POINT('',(46.,-40.2,3.5));
#20195=CARTESIAN_POINT('',(46.,-40.2,2.));
#20196=CARTESIAN_POINT('',(46.,-52.9,2.));
#20197=CARTESIAN_POINT('',(46.,-52.9,3.5));
#20198=CARTESIAN_POINT('',(46.,-40.6,2.));
#20199=CARTESIAN_POINT('',(19.,-40.2,2.));
#20200=CARTESIAN_POINT('',(0.,0.,2.));
#20201=CARTESIAN_POINT('',(19.,-62.5,3.5));
#20202=CARTESIAN_POINT('',(19.,-39.8,3.5));
#20203=CARTESIAN_POINT('',(19.,-39.4,3.5));
#20204=CARTESIAN_POINT('',(19.,-39.8,3.5));
#20205=CARTESIAN_POINT('',(19.,-39.8,2.));
#20206=CARTESIAN_POINT('',(19.,-62.5,2.));
#20207=CARTESIAN_POINT('',(19.,-39.4,2.));
#20208=CARTESIAN_POINT('',(19.,-39.4,3.5));
#20209=CARTESIAN_POINT('',(19.,-62.5,5.));
#20210=CARTESIAN_POINT('',(46.,-39.8,3.5));
#20211=CARTESIAN_POINT('',(46.,-39.8,3.5));
#20212=CARTESIAN_POINT('',(46.,-39.8,2.));
#20213=CARTESIAN_POINT('',(46.,-52.9,3.5));
#20214=CARTESIAN_POINT('',(46.,-39.4,3.5));
#20215=CARTESIAN_POINT('',(46.,-39.4,3.5));
#20216=CARTESIAN_POINT('',(46.,-39.4,2.));
#20217=CARTESIAN_POINT('',(46.,-52.9,2.));
#20218=CARTESIAN_POINT('',(46.,-52.9,3.5));
#20219=CARTESIAN_POINT('',(46.,-39.8,2.));
#20220=CARTESIAN_POINT('',(19.,-39.4,2.));
#20221=CARTESIAN_POINT('',(0.,0.,2.));
#20222=CARTESIAN_POINT('',(19.,-62.5,3.5));
#20223=CARTESIAN_POINT('',(19.,-39.,3.5));
#20224=CARTESIAN_POINT('',(19.,-38.6,3.5));
#20225=CARTESIAN_POINT('',(19.,-39.,3.5));
#20226=CARTESIAN_POINT('',(19.,-39.,2.));
#20227=CARTESIAN_POINT('',(19.,-62.5,2.));
#20228=CARTESIAN_POINT('',(19.,-38.6,2.));
#20229=CARTESIAN_POINT('',(19.,-38.6,3.5));
#20230=CARTESIAN_POINT('',(19.,-62.5,5.));
#20231=CARTESIAN_POINT('',(46.,-39.,3.5));
#20232=CARTESIAN_POINT('',(46.,-39.,3.5));
#20233=CARTESIAN_POINT('',(46.,-39.,2.));
#20234=CARTESIAN_POINT('',(46.,-52.9,3.5));
#20235=CARTESIAN_POINT('',(46.,-38.6,3.5));
#20236=CARTESIAN_POINT('',(46.,-38.6,3.5));
#20237=CARTESIAN_POINT('',(46.,-38.6,2.));
#20238=CARTESIAN_POINT('',(46.,-52.9,2.));
#20239=CARTESIAN_POINT('',(46.,-52.9,3.5));
#20240=CARTESIAN_POINT('',(46.,-39.,2.));
#20241=CARTESIAN_POINT('',(19.,-38.6,2.));
#20242=CARTESIAN_POINT('',(0.,0.,2.));
#20243=CARTESIAN_POINT('',(19.,-62.5,3.5));
#20244=CARTESIAN_POINT('',(19.,-38.2,3.5));
#20245=CARTESIAN_POINT('',(19.,-37.8,3.5));
#20246=CARTESIAN_POINT('',(19.,-38.2,3.5));
#20247=CARTESIAN_POINT('',(19.,-38.2,2.));
#20248=CARTESIAN_POINT('',(19.,-62.5,2.));
#20249=CARTESIAN_POINT('',(19.,-37.8,2.));
#20250=CARTESIAN_POINT('',(19.,-37.8,3.5));
#20251=CARTESIAN_POINT('',(19.,-62.5,5.));
#20252=CARTESIAN_POINT('',(46.,-38.2,3.5));
#20253=CARTESIAN_POINT('',(46.,-38.2,3.5));
#20254=CARTESIAN_POINT('',(46.,-38.2,2.));
#20255=CARTESIAN_POINT('',(46.,-52.9,3.5));
#20256=CARTESIAN_POINT('',(46.,-37.8,3.5));
#20257=CARTESIAN_POINT('',(46.,-37.8,3.5));
#20258=CARTESIAN_POINT('',(46.,-37.8,2.));
#20259=CARTESIAN_POINT('',(46.,-52.9,2.));
#20260=CARTESIAN_POINT('',(46.,-52.9,3.5));
#20261=CARTESIAN_POINT('',(46.,-38.2,2.));
#20262=CARTESIAN_POINT('',(19.,-37.8,2.));
#20263=CARTESIAN_POINT('',(0.,0.,2.));
#20264=CARTESIAN_POINT('',(19.,-62.5,3.5));
#20265=CARTESIAN_POINT('',(19.,-37.4,3.5));
#20266=CARTESIAN_POINT('',(19.,-37.,3.5));
#20267=CARTESIAN_POINT('',(19.,-37.4,3.5));
#20268=CARTESIAN_POINT('',(19.,-37.4,2.));
#20269=CARTESIAN_POINT('',(19.,-62.5,2.));
#20270=CARTESIAN_POINT('',(19.,-37.,2.));
#20271=CARTESIAN_POINT('',(19.,-37.,3.5));
#20272=CARTESIAN_POINT('',(19.,-62.5,5.));
#20273=CARTESIAN_POINT('',(46.,-37.4,3.5));
#20274=CARTESIAN_POINT('',(46.,-37.4,3.5));
#20275=CARTESIAN_POINT('',(46.,-37.4,2.));
#20276=CARTESIAN_POINT('',(46.,-52.9,3.5));
#20277=CARTESIAN_POINT('',(46.,-37.,3.5));
#20278=CARTESIAN_POINT('',(46.,-37.,3.5));
#20279=CARTESIAN_POINT('',(46.,-37.,2.));
#20280=CARTESIAN_POINT('',(46.,-52.9,2.));
#20281=CARTESIAN_POINT('',(46.,-52.9,3.5));
#20282=CARTESIAN_POINT('',(46.,-37.4,2.));
#20283=CARTESIAN_POINT('',(19.,-37.,2.));
#20284=CARTESIAN_POINT('',(0.,0.,2.));
#20285=CARTESIAN_POINT('',(19.,-62.5,3.5));
#20286=CARTESIAN_POINT('',(19.,-36.6,3.5));
#20287=CARTESIAN_POINT('',(19.,-36.2,3.5));
#20288=CARTESIAN_POINT('',(19.,-36.6,3.5));
#20289=CARTESIAN_POINT('',(19.,-36.6,2.));
#20290=CARTESIAN_POINT('',(19.,-62.5,2.));
#20291=CARTESIAN_POINT('',(19.,-36.2,2.));
#20292=CARTESIAN_POINT('',(19.,-36.2,3.5));
#20293=CARTESIAN_POINT('',(19.,-62.5,5.));
#20294=CARTESIAN_POINT('',(46.,-36.6,3.5));
#20295=CARTESIAN_POINT('',(46.,-36.6,3.5));
#20296=CARTESIAN_POINT('',(46.,-36.6,2.));
#20297=CARTESIAN_POINT('',(46.,-52.9,3.5));
#20298=CARTESIAN_POINT('',(46.,-36.2,3.5));
#20299=CARTESIAN_POINT('',(46.,-36.2,3.5));
#20300=CARTESIAN_POINT('',(46.,-36.2,2.));
#20301=CARTESIAN_POINT('',(46.,-52.9,2.));
#20302=CARTESIAN_POINT('',(46.,-52.9,3.5));
#20303=CARTESIAN_POINT('',(46.,-36.6,2.));
#20304=CARTESIAN_POINT('',(19.,-36.2,2.));
#20305=CARTESIAN_POINT('',(0.,0.,2.));
#20306=CARTESIAN_POINT('',(19.,-62.5,3.5));
#20307=CARTESIAN_POINT('',(19.,-35.8,3.5));
#20308=CARTESIAN_POINT('',(19.,-35.4,3.5));
#20309=CARTESIAN_POINT('',(19.,-35.8,3.5));
#20310=CARTESIAN_POINT('',(19.,-35.8,2.));
#20311=CARTESIAN_POINT('',(19.,-62.5,2.));
#20312=CARTESIAN_POINT('',(19.,-35.4,2.));
#20313=CARTESIAN_POINT('',(19.,-35.4,3.5));
#20314=CARTESIAN_POINT('',(19.,-62.5,5.));
#20315=CARTESIAN_POINT('',(46.,-35.8,3.5));
#20316=CARTESIAN_POINT('',(46.,-35.8,3.5));
#20317=CARTESIAN_POINT('',(46.,-35.8,2.));
#20318=CARTESIAN_POINT('',(46.,-52.9,3.5));
#20319=CARTESIAN_POINT('',(46.,-35.4,3.5));
#20320=CARTESIAN_POINT('',(46.,-35.4,3.5));
#20321=CARTESIAN_POINT('',(46.,-35.4,2.));
#20322=CARTESIAN_POINT('',(46.,-52.9,2.));
#20323=CARTESIAN_POINT('',(46.,-52.9,3.5));
#20324=CARTESIAN_POINT('',(46.,-35.8,2.));
#20325=CARTESIAN_POINT('',(19.,-35.4,2.));
#20326=CARTESIAN_POINT('',(0.,0.,2.));
#20327=CARTESIAN_POINT('',(19.,-62.5,3.5));
#20328=CARTESIAN_POINT('',(19.,-35.,3.5));
#20329=CARTESIAN_POINT('',(19.,-34.6,3.5));
#20330=CARTESIAN_POINT('',(19.,-35.,3.5));
#20331=CARTESIAN_POINT('',(19.,-35.,2.));
#20332=CARTESIAN_POINT('',(19.,-62.5,2.));
#20333=CARTESIAN_POINT('',(19.,-34.6,2.));
#20334=CARTESIAN_POINT('',(19.,-34.6,3.5));
#20335=CARTESIAN_POINT('',(19.,-62.5,5.));
#20336=CARTESIAN_POINT('',(46.,-35.,3.5));
#20337=CARTESIAN_POINT('',(46.,-35.,3.5));
#20338=CARTESIAN_POINT('',(46.,-35.,2.));
#20339=CARTESIAN_POINT('',(46.,-52.9,3.5));
#20340=CARTESIAN_POINT('',(46.,-34.6,3.5));
#20341=CARTESIAN_POINT('',(46.,-34.6,3.5));
#20342=CARTESIAN_POINT('',(46.,-34.6,2.));
#20343=CARTESIAN_POINT('',(46.,-52.9,2.));
#20344=CARTESIAN_POINT('',(46.,-52.9,3.5));
#20345=CARTESIAN_POINT('',(46.,-35.,2.));
#20346=CARTESIAN_POINT('',(19.,-34.6,2.));
#20347=CARTESIAN_POINT('',(0.,0.,2.));
#20348=CARTESIAN_POINT('',(19.,-62.5,3.5));
#20349=CARTESIAN_POINT('',(19.,-34.2,3.5));
#20350=CARTESIAN_POINT('',(19.,-33.8,3.5));
#20351=CARTESIAN_POINT('',(19.,-34.2,3.5));
#20352=CARTESIAN_POINT('',(19.,-34.2,2.));
#20353=CARTESIAN_POINT('',(19.,-62.5,2.));
#20354=CARTESIAN_POINT('',(19.,-33.8,2.));
#20355=CARTESIAN_POINT('',(19.,-33.8,3.5));
#20356=CARTESIAN_POINT('',(19.,-62.5,5.));
#20357=CARTESIAN_POINT('',(46.,-34.2,3.5));
#20358=CARTESIAN_POINT('',(46.,-34.2,3.5));
#20359=CARTESIAN_POINT('',(46.,-34.2,2.));
#20360=CARTESIAN_POINT('',(46.,-52.9,3.5));
#20361=CARTESIAN_POINT('',(46.,-33.8,3.5));
#20362=CARTESIAN_POINT('',(46.,-33.8,3.5));
#20363=CARTESIAN_POINT('',(46.,-33.8,2.));
#20364=CARTESIAN_POINT('',(46.,-52.9,2.));
#20365=CARTESIAN_POINT('',(46.,-52.9,3.5));
#20366=CARTESIAN_POINT('',(46.,-34.2,2.));
#20367=CARTESIAN_POINT('',(19.,-33.8,2.));
#20368=CARTESIAN_POINT('',(0.,0.,2.));
#20369=CARTESIAN_POINT('',(19.,-62.5,3.5));
#20370=CARTESIAN_POINT('',(19.,-33.4,3.5));
#20371=CARTESIAN_POINT('',(19.,-33.,3.5));
#20372=CARTESIAN_POINT('',(19.,-33.4,3.5));
#20373=CARTESIAN_POINT('',(19.,-33.4,2.));
#20374=CARTESIAN_POINT('',(19.,-62.5,2.));
#20375=CARTESIAN_POINT('',(19.,-33.,2.));
#20376=CARTESIAN_POINT('',(19.,-33.,3.5));
#20377=CARTESIAN_POINT('',(19.,-62.5,5.));
#20378=CARTESIAN_POINT('',(46.,-33.4,3.5));
#20379=CARTESIAN_POINT('',(46.,-33.4,3.5));
#20380=CARTESIAN_POINT('',(46.,-33.4,2.));
#20381=CARTESIAN_POINT('',(46.,-52.9,3.5));
#20382=CARTESIAN_POINT('',(46.,-33.,3.5));
#20383=CARTESIAN_POINT('',(46.,-33.,3.5));
#20384=CARTESIAN_POINT('',(46.,-33.,2.));
#20385=CARTESIAN_POINT('',(46.,-52.9,2.));
#20386=CARTESIAN_POINT('',(46.,-52.9,3.5));
#20387=CARTESIAN_POINT('',(46.,-33.4,2.));
#20388=CARTESIAN_POINT('',(19.,-33.,2.));
#20389=CARTESIAN_POINT('',(0.,0.,2.));
#20390=CARTESIAN_POINT('',(19.,-62.5,3.5));
#20391=CARTESIAN_POINT('',(19.,-32.6,3.5));
#20392=CARTESIAN_POINT('',(19.,-32.2,3.5));
#20393=CARTESIAN_POINT('',(19.,-32.6,3.5));
#20394=CARTESIAN_POINT('',(19.,-32.6,2.));
#20395=CARTESIAN_POINT('',(19.,-62.5,2.));
#20396=CARTESIAN_POINT('',(19.,-32.2,2.));
#20397=CARTESIAN_POINT('',(19.,-32.2,3.5));
#20398=CARTESIAN_POINT('',(19.,-62.5,5.));
#20399=CARTESIAN_POINT('',(46.,-32.6,3.5));
#20400=CARTESIAN_POINT('',(46.,-32.6,3.5));
#20401=CARTESIAN_POINT('',(46.,-32.6,2.));
#20402=CARTESIAN_POINT('',(46.,-52.9,3.5));
#20403=CARTESIAN_POINT('',(46.,-32.2,3.5));
#20404=CARTESIAN_POINT('',(46.,-32.2,3.5));
#20405=CARTESIAN_POINT('',(46.,-32.2,2.));
#20406=CARTESIAN_POINT('',(46.,-52.9,2.));
#20407=CARTESIAN_POINT('',(46.,-52.9,3.5));
#20408=CARTESIAN_POINT('',(46.,-32.6,2.));
#20409=CARTESIAN_POINT('',(19.,-32.2,2.));
#20410=CARTESIAN_POINT('',(0.,0.,2.));
#20411=CARTESIAN_POINT('',(19.,-62.5,3.5));
#20412=CARTESIAN_POINT('',(19.,-31.8,3.5));
#20413=CARTESIAN_POINT('',(19.,-31.4,3.5));
#20414=CARTESIAN_POINT('',(19.,-31.8,3.5));
#20415=CARTESIAN_POINT('',(19.,-31.8,2.));
#20416=CARTESIAN_POINT('',(19.,-62.5,2.));
#20417=CARTESIAN_POINT('',(19.,-31.4,2.));
#20418=CARTESIAN_POINT('',(19.,-31.4,3.5));
#20419=CARTESIAN_POINT('',(19.,-62.5,5.));
#20420=CARTESIAN_POINT('',(46.,-31.8,3.5));
#20421=CARTESIAN_POINT('',(46.,-31.8,3.5));
#20422=CARTESIAN_POINT('',(46.,-31.8,2.));
#20423=CARTESIAN_POINT('',(46.,-52.9,3.5));
#20424=CARTESIAN_POINT('',(46.,-31.4,3.5));
#20425=CARTESIAN_POINT('',(46.,-31.4,3.5));
#20426=CARTESIAN_POINT('',(46.,-31.4,2.));
#20427=CARTESIAN_POINT('',(46.,-52.9,2.));
#20428=CARTESIAN_POINT('',(46.,-52.9,3.5));
#20429=CARTESIAN_POINT('',(46.,-31.8,2.));
#20430=CARTESIAN_POINT('',(19.,-31.4,2.));
#20431=CARTESIAN_POINT('',(0.,0.,2.));
#20432=CARTESIAN_POINT('',(19.,-62.5,3.5));
#20433=CARTESIAN_POINT('',(19.,-31.,3.5));
#20434=CARTESIAN_POINT('',(19.,-30.6,3.5));
#20435=CARTESIAN_POINT('',(19.,-31.,3.5));
#20436=CARTESIAN_POINT('',(19.,-31.,2.));
#20437=CARTESIAN_POINT('',(19.,-62.5,2.));
#20438=CARTESIAN_POINT('',(19.,-30.6,2.));
#20439=CARTESIAN_POINT('',(19.,-30.6,3.5));
#20440=CARTESIAN_POINT('',(19.,-62.5,5.));
#20441=CARTESIAN_POINT('',(46.,-31.,3.5));
#20442=CARTESIAN_POINT('',(46.,-31.,3.5));
#20443=CARTESIAN_POINT('',(46.,-31.,2.));
#20444=CARTESIAN_POINT('',(46.,-52.9,3.5));
#20445=CARTESIAN_POINT('',(46.,-30.6,3.5));
#20446=CARTESIAN_POINT('',(46.,-30.6,3.5));
#20447=CARTESIAN_POINT('',(46.,-30.6,2.));
#20448=CARTESIAN_POINT('',(46.,-52.9,2.));
#20449=CARTESIAN_POINT('',(46.,-52.9,3.5));
#20450=CARTESIAN_POINT('',(46.,-31.,2.));
#20451=CARTESIAN_POINT('',(19.,-30.6,2.));
#20452=CARTESIAN_POINT('',(0.,0.,2.));
#20453=CARTESIAN_POINT('',(19.,-62.5,3.5));
#20454=CARTESIAN_POINT('',(19.,-30.2,3.5));
#20455=CARTESIAN_POINT('',(19.,-29.8,3.5));
#20456=CARTESIAN_POINT('',(19.,-30.2,3.5));
#20457=CARTESIAN_POINT('',(19.,-30.2,2.));
#20458=CARTESIAN_POINT('',(19.,-62.5,2.));
#20459=CARTESIAN_POINT('',(19.,-29.8,2.));
#20460=CARTESIAN_POINT('',(19.,-29.8,3.5));
#20461=CARTESIAN_POINT('',(19.,-62.5,5.));
#20462=CARTESIAN_POINT('',(46.,-30.2,3.5));
#20463=CARTESIAN_POINT('',(46.,-30.2,3.5));
#20464=CARTESIAN_POINT('',(46.,-30.2,2.));
#20465=CARTESIAN_POINT('',(46.,-52.9,3.5));
#20466=CARTESIAN_POINT('',(46.,-29.8,3.5));
#20467=CARTESIAN_POINT('',(46.,-29.8,3.5));
#20468=CARTESIAN_POINT('',(46.,-29.8,2.));
#20469=CARTESIAN_POINT('',(46.,-52.9,2.));
#20470=CARTESIAN_POINT('',(46.,-52.9,3.5));
#20471=CARTESIAN_POINT('',(46.,-30.2,2.));
#20472=CARTESIAN_POINT('',(19.,-29.8,2.));
#20473=CARTESIAN_POINT('',(0.,0.,2.));
#20474=CARTESIAN_POINT('',(19.,-62.5,3.5));
#20475=CARTESIAN_POINT('',(19.,-29.4,3.5));
#20476=CARTESIAN_POINT('',(19.,-29.,3.5));
#20477=CARTESIAN_POINT('',(19.,-29.4,3.5));
#20478=CARTESIAN_POINT('',(19.,-29.4,2.));
#20479=CARTESIAN_POINT('',(19.,-62.5,2.));
#20480=CARTESIAN_POINT('',(19.,-29.,2.));
#20481=CARTESIAN_POINT('',(19.,-29.,3.5));
#20482=CARTESIAN_POINT('',(19.,-62.5,5.));
#20483=CARTESIAN_POINT('',(46.,-29.4,3.5));
#20484=CARTESIAN_POINT('',(46.,-29.4,3.5));
#20485=CARTESIAN_POINT('',(46.,-29.4,2.));
#20486=CARTESIAN_POINT('',(46.,-52.9,3.5));
#20487=CARTESIAN_POINT('',(46.,-29.,3.5));
#20488=CARTESIAN_POINT('',(46.,-29.,3.5));
#20489=CARTESIAN_POINT('',(46.,-29.,2.));
#20490=CARTESIAN_POINT('',(46.,-52.9,2.));
#20491=CARTESIAN_POINT('',(46.,-52.9,3.5));
#20492=CARTESIAN_POINT('',(46.,-29.4,2.));
#20493=CARTESIAN_POINT('',(19.,-29.,2.));
#20494=CARTESIAN_POINT('',(0.,0.,2.));
#20495=CARTESIAN_POINT('',(19.,-62.5,3.5));
#20496=CARTESIAN_POINT('',(19.,-28.6,3.5));
#20497=CARTESIAN_POINT('',(19.,-28.2,3.5));
#20498=CARTESIAN_POINT('',(19.,-28.6,3.5));
#20499=CARTESIAN_POINT('',(19.,-28.6,2.));
#20500=CARTESIAN_POINT('',(19.,-62.5,2.));
#20501=CARTESIAN_POINT('',(19.,-28.2,2.));
#20502=CARTESIAN_POINT('',(19.,-28.2,3.5));
#20503=CARTESIAN_POINT('',(19.,-62.5,5.));
#20504=CARTESIAN_POINT('',(46.,-28.6,3.5));
#20505=CARTESIAN_POINT('',(46.,-28.6,3.5));
#20506=CARTESIAN_POINT('',(46.,-28.6,2.));
#20507=CARTESIAN_POINT('',(46.,-52.9,3.5));
#20508=CARTESIAN_POINT('',(46.,-28.2,3.5));
#20509=CARTESIAN_POINT('',(46.,-28.2,3.5));
#20510=CARTESIAN_POINT('',(46.,-28.2,2.));
#20511=CARTESIAN_POINT('',(46.,-52.9,2.));
#20512=CARTESIAN_POINT('',(46.,-52.9,3.5));
#20513=CARTESIAN_POINT('',(46.,-28.6,2.));
#20514=CARTESIAN_POINT('',(19.,-28.2,2.));
#20515=CARTESIAN_POINT('',(0.,0.,2.));
#20516=CARTESIAN_POINT('',(19.,-62.5,3.5));
#20517=CARTESIAN_POINT('',(19.,-27.8,3.5));
#20518=CARTESIAN_POINT('',(19.,-27.4,3.5));
#20519=CARTESIAN_POINT('',(19.,-27.8,3.5));
#20520=CARTESIAN_POINT('',(19.,-27.8,2.));
#20521=CARTESIAN_POINT('',(19.,-62.5,2.));
#20522=CARTESIAN_POINT('',(19.,-27.4,2.));
#20523=CARTESIAN_POINT('',(19.,-27.4,3.5));
#20524=CARTESIAN_POINT('',(19.,-62.5,5.));
#20525=CARTESIAN_POINT('',(46.,-27.8,3.5));
#20526=CARTESIAN_POINT('',(46.,-27.8,3.5));
#20527=CARTESIAN_POINT('',(46.,-27.8,2.));
#20528=CARTESIAN_POINT('',(46.,-52.9,3.5));
#20529=CARTESIAN_POINT('',(46.,-27.4,3.5));
#20530=CARTESIAN_POINT('',(46.,-27.4,3.5));
#20531=CARTESIAN_POINT('',(46.,-27.4,2.));
#20532=CARTESIAN_POINT('',(46.,-52.9,2.));
#20533=CARTESIAN_POINT('',(46.,-52.9,3.5));
#20534=CARTESIAN_POINT('',(46.,-27.8,2.));
#20535=CARTESIAN_POINT('',(19.,-27.4,2.));
#20536=CARTESIAN_POINT('',(0.,0.,2.));
#20537=CARTESIAN_POINT('',(19.,-62.5,3.5));
#20538=CARTESIAN_POINT('',(19.,-27.,3.5));
#20539=CARTESIAN_POINT('',(19.,-26.6,3.5));
#20540=CARTESIAN_POINT('',(19.,-27.,3.5));
#20541=CARTESIAN_POINT('',(19.,-27.,2.));
#20542=CARTESIAN_POINT('',(19.,-62.5,2.));
#20543=CARTESIAN_POINT('',(19.,-26.6,2.));
#20544=CARTESIAN_POINT('',(19.,-26.6,3.5));
#20545=CARTESIAN_POINT('',(19.,-62.5,5.));
#20546=CARTESIAN_POINT('',(46.,-27.,3.5));
#20547=CARTESIAN_POINT('',(46.,-27.,3.5));
#20548=CARTESIAN_POINT('',(46.,-27.,2.));
#20549=CARTESIAN_POINT('',(46.,-52.9,3.5));
#20550=CARTESIAN_POINT('',(46.,-26.6,3.5));
#20551=CARTESIAN_POINT('',(46.,-26.6,3.5));
#20552=CARTESIAN_POINT('',(46.,-26.6,2.));
#20553=CARTESIAN_POINT('',(46.,-52.9,2.));
#20554=CARTESIAN_POINT('',(46.,-52.9,3.5));
#20555=CARTESIAN_POINT('',(46.,-27.,2.));
#20556=CARTESIAN_POINT('',(19.,-26.6,2.));
#20557=CARTESIAN_POINT('',(0.,0.,2.));
#20558=CARTESIAN_POINT('',(19.,-62.5,3.5));
#20559=CARTESIAN_POINT('',(19.,-26.2,3.5));
#20560=CARTESIAN_POINT('',(19.,-25.8,3.5));
#20561=CARTESIAN_POINT('',(19.,-26.2,3.5));
#20562=CARTESIAN_POINT('',(19.,-26.2,2.));
#20563=CARTESIAN_POINT('',(19.,-62.5,2.));
#20564=CARTESIAN_POINT('',(19.,-25.8,2.));
#20565=CARTESIAN_POINT('',(19.,-25.8,3.5));
#20566=CARTESIAN_POINT('',(19.,-62.5,5.));
#20567=CARTESIAN_POINT('',(46.,-26.2,3.5));
#20568=CARTESIAN_POINT('',(46.,-26.2,3.5));
#20569=CARTESIAN_POINT('',(46.,-26.2,2.));
#20570=CARTESIAN_POINT('',(46.,-52.9,3.5));
#20571=CARTESIAN_POINT('',(46.,-25.8,3.5));
#20572=CARTESIAN_POINT('',(46.,-25.8,3.5));
#20573=CARTESIAN_POINT('',(46.,-25.8,2.));
#20574=CARTESIAN_POINT('',(46.,-52.9,2.));
#20575=CARTESIAN_POINT('',(46.,-52.9,3.5));
#20576=CARTESIAN_POINT('',(46.,-26.2,2.));
#20577=CARTESIAN_POINT('',(19.,-25.8,2.));
#20578=CARTESIAN_POINT('',(0.,0.,2.));
#20579=CARTESIAN_POINT('',(19.,-62.5,3.5));
#20580=CARTESIAN_POINT('',(19.,-25.4,3.5));
#20581=CARTESIAN_POINT('',(19.,-25.,3.5));
#20582=CARTESIAN_POINT('',(19.,-25.4,3.5));
#20583=CARTESIAN_POINT('',(19.,-25.4,2.));
#20584=CARTESIAN_POINT('',(19.,-62.5,2.));
#20585=CARTESIAN_POINT('',(19.,-25.,2.));
#20586=CARTESIAN_POINT('',(19.,-25.,3.5));
#20587=CARTESIAN_POINT('',(19.,-62.5,5.));
#20588=CARTESIAN_POINT('',(46.,-25.4,3.5));
#20589=CARTESIAN_POINT('',(46.,-25.4,3.5));
#20590=CARTESIAN_POINT('',(46.,-25.4,2.));
#20591=CARTESIAN_POINT('',(46.,-52.9,3.5));
#20592=CARTESIAN_POINT('',(46.,-25.,3.5));
#20593=CARTESIAN_POINT('',(46.,-25.,3.5));
#20594=CARTESIAN_POINT('',(46.,-25.,2.));
#20595=CARTESIAN_POINT('',(46.,-52.9,2.));
#20596=CARTESIAN_POINT('',(46.,-52.9,3.5));
#20597=CARTESIAN_POINT('',(46.,-24.6,2.));
#20598=CARTESIAN_POINT('',(46.,-24.6,2.));
#20599=CARTESIAN_POINT('',(19.,-24.6,2.));
#20600=CARTESIAN_POINT('',(46.,-52.9,2.));
#20601=CARTESIAN_POINT('',(46.,-24.2,2.));
#20602=CARTESIAN_POINT('',(19.,-24.2,2.));
#20603=CARTESIAN_POINT('',(19.,-24.2,2.));
#20604=CARTESIAN_POINT('',(19.,-62.5,2.));
#20605=CARTESIAN_POINT('',(0.,0.,2.));
#20606=CARTESIAN_POINT('',(19.,-62.5,3.5));
#20607=CARTESIAN_POINT('',(19.,-24.6,3.5));
#20608=CARTESIAN_POINT('',(19.,-24.2,3.5));
#20609=CARTESIAN_POINT('',(19.,-24.6,3.5));
#20610=CARTESIAN_POINT('',(19.,-24.2,3.5));
#20611=CARTESIAN_POINT('',(19.,-62.5,5.));
#20612=CARTESIAN_POINT('',(46.,-24.6,3.5));
#20613=CARTESIAN_POINT('',(46.,-24.6,3.5));
#20614=CARTESIAN_POINT('',(46.,-52.9,3.5));
#20615=CARTESIAN_POINT('',(46.,-24.2,3.5));
#20616=CARTESIAN_POINT('',(46.,-24.2,3.5));
#20617=CARTESIAN_POINT('',(46.,-52.9,3.5));
#20618=CARTESIAN_POINT('',(46.,-25.4,2.));
#20619=CARTESIAN_POINT('',(19.,-25.,2.));
#20620=CARTESIAN_POINT('',(0.,0.,2.));
#20621=CARTESIAN_POINT('',(76.,-51.,3.5));
#20622=CARTESIAN_POINT('',(76.,-51.,3.5));
#20623=CARTESIAN_POINT('',(76.,-51.,2.));
#20624=CARTESIAN_POINT('',(76.,-62.5,3.5));
#20625=CARTESIAN_POINT('',(76.,-50.6,3.5));
#20626=CARTESIAN_POINT('',(76.,-50.6,3.5));
#20627=CARTESIAN_POINT('',(76.,-50.6,2.));
#20628=CARTESIAN_POINT('',(76.,-12.5,2.));
#20629=CARTESIAN_POINT('',(76.,-12.5,5.));
#20630=CARTESIAN_POINT('',(49.,-22.9,3.5));
#20631=CARTESIAN_POINT('',(49.,-50.6,3.5));
#20632=CARTESIAN_POINT('',(49.,-51.,3.5));
#20633=CARTESIAN_POINT('',(49.,-51.,3.5));
#20634=CARTESIAN_POINT('',(49.,-51.,2.));
#20635=CARTESIAN_POINT('',(49.,-22.9,2.));
#20636=CARTESIAN_POINT('',(49.,-50.6,2.));
#20637=CARTESIAN_POINT('',(49.,-50.6,3.5));
#20638=CARTESIAN_POINT('',(49.,-22.9,3.5));
#20639=CARTESIAN_POINT('',(76.,-51.,2.));
#20640=CARTESIAN_POINT('',(49.,-50.6,2.));
#20641=CARTESIAN_POINT('',(0.,0.,2.));
#20642=CARTESIAN_POINT('',(76.,-50.2,3.5));
#20643=CARTESIAN_POINT('',(76.,-50.2,3.5));
#20644=CARTESIAN_POINT('',(76.,-50.2,2.));
#20645=CARTESIAN_POINT('',(76.,-62.5,3.5));
#20646=CARTESIAN_POINT('',(76.,-49.8,3.5));
#20647=CARTESIAN_POINT('',(76.,-49.8,3.5));
#20648=CARTESIAN_POINT('',(76.,-49.8,2.));
#20649=CARTESIAN_POINT('',(76.,-12.5,2.));
#20650=CARTESIAN_POINT('',(76.,-12.5,5.));
#20651=CARTESIAN_POINT('',(49.,-22.9,3.5));
#20652=CARTESIAN_POINT('',(49.,-49.8,3.5));
#20653=CARTESIAN_POINT('',(49.,-50.2,3.5));
#20654=CARTESIAN_POINT('',(49.,-50.2,3.5));
#20655=CARTESIAN_POINT('',(49.,-50.2,2.));
#20656=CARTESIAN_POINT('',(49.,-22.9,2.));
#20657=CARTESIAN_POINT('',(49.,-49.8,2.));
#20658=CARTESIAN_POINT('',(49.,-49.8,3.5));
#20659=CARTESIAN_POINT('',(49.,-22.9,3.5));
#20660=CARTESIAN_POINT('',(76.,-50.2,2.));
#20661=CARTESIAN_POINT('',(49.,-49.8,2.));
#20662=CARTESIAN_POINT('',(0.,0.,2.));
#20663=CARTESIAN_POINT('',(76.,-49.4,3.5));
#20664=CARTESIAN_POINT('',(76.,-49.4,3.5));
#20665=CARTESIAN_POINT('',(76.,-49.4,2.));
#20666=CARTESIAN_POINT('',(76.,-62.5,3.5));
#20667=CARTESIAN_POINT('',(76.,-49.,3.5));
#20668=CARTESIAN_POINT('',(76.,-49.,3.5));
#20669=CARTESIAN_POINT('',(76.,-49.,2.));
#20670=CARTESIAN_POINT('',(76.,-12.5,2.));
#20671=CARTESIAN_POINT('',(76.,-12.5,5.));
#20672=CARTESIAN_POINT('',(49.,-22.9,3.5));
#20673=CARTESIAN_POINT('',(49.,-49.,3.5));
#20674=CARTESIAN_POINT('',(49.,-49.4,3.5));
#20675=CARTESIAN_POINT('',(49.,-49.4,3.5));
#20676=CARTESIAN_POINT('',(49.,-49.4,2.));
#20677=CARTESIAN_POINT('',(49.,-22.9,2.));
#20678=CARTESIAN_POINT('',(49.,-49.,2.));
#20679=CARTESIAN_POINT('',(49.,-49.,3.5));
#20680=CARTESIAN_POINT('',(49.,-22.9,3.5));
#20681=CARTESIAN_POINT('',(76.,-49.4,2.));
#20682=CARTESIAN_POINT('',(49.,-49.,2.));
#20683=CARTESIAN_POINT('',(0.,0.,2.));
#20684=CARTESIAN_POINT('',(76.,-48.6,3.5));
#20685=CARTESIAN_POINT('',(76.,-48.6,3.5));
#20686=CARTESIAN_POINT('',(76.,-48.6,2.));
#20687=CARTESIAN_POINT('',(76.,-62.5,3.5));
#20688=CARTESIAN_POINT('',(76.,-48.2,3.5));
#20689=CARTESIAN_POINT('',(76.,-48.2,3.5));
#20690=CARTESIAN_POINT('',(76.,-48.2,2.));
#20691=CARTESIAN_POINT('',(76.,-12.5,2.));
#20692=CARTESIAN_POINT('',(76.,-12.5,5.));
#20693=CARTESIAN_POINT('',(49.,-22.9,3.5));
#20694=CARTESIAN_POINT('',(49.,-48.2,3.5));
#20695=CARTESIAN_POINT('',(49.,-48.6,3.5));
#20696=CARTESIAN_POINT('',(49.,-48.6,3.5));
#20697=CARTESIAN_POINT('',(49.,-48.6,2.));
#20698=CARTESIAN_POINT('',(49.,-22.9,2.));
#20699=CARTESIAN_POINT('',(49.,-48.2,2.));
#20700=CARTESIAN_POINT('',(49.,-48.2,3.5));
#20701=CARTESIAN_POINT('',(49.,-22.9,3.5));
#20702=CARTESIAN_POINT('',(76.,-48.6,2.));
#20703=CARTESIAN_POINT('',(49.,-48.2,2.));
#20704=CARTESIAN_POINT('',(0.,0.,2.));
#20705=CARTESIAN_POINT('',(76.,-47.8,3.5));
#20706=CARTESIAN_POINT('',(76.,-47.8,3.5));
#20707=CARTESIAN_POINT('',(76.,-47.8,2.));
#20708=CARTESIAN_POINT('',(76.,-62.5,3.5));
#20709=CARTESIAN_POINT('',(76.,-47.4,3.5));
#20710=CARTESIAN_POINT('',(76.,-47.4,3.5));
#20711=CARTESIAN_POINT('',(76.,-47.4,2.));
#20712=CARTESIAN_POINT('',(76.,-12.5,2.));
#20713=CARTESIAN_POINT('',(76.,-12.5,5.));
#20714=CARTESIAN_POINT('',(49.,-22.9,3.5));
#20715=CARTESIAN_POINT('',(49.,-47.4,3.5));
#20716=CARTESIAN_POINT('',(49.,-47.8,3.5));
#20717=CARTESIAN_POINT('',(49.,-47.8,3.5));
#20718=CARTESIAN_POINT('',(49.,-47.8,2.));
#20719=CARTESIAN_POINT('',(49.,-22.9,2.));
#20720=CARTESIAN_POINT('',(49.,-47.4,2.));
#20721=CARTESIAN_POINT('',(49.,-47.4,3.5));
#20722=CARTESIAN_POINT('',(49.,-22.9,3.5));
#20723=CARTESIAN_POINT('',(76.,-47.8,2.));
#20724=CARTESIAN_POINT('',(49.,-47.4,2.));
#20725=CARTESIAN_POINT('',(0.,0.,2.));
#20726=CARTESIAN_POINT('',(76.,-47.,3.5));
#20727=CARTESIAN_POINT('',(76.,-47.,3.5));
#20728=CARTESIAN_POINT('',(76.,-47.,2.));
#20729=CARTESIAN_POINT('',(76.,-62.5,3.5));
#20730=CARTESIAN_POINT('',(76.,-46.6,3.5));
#20731=CARTESIAN_POINT('',(76.,-46.6,3.5));
#20732=CARTESIAN_POINT('',(76.,-46.6,2.));
#20733=CARTESIAN_POINT('',(76.,-12.5,2.));
#20734=CARTESIAN_POINT('',(76.,-12.5,5.));
#20735=CARTESIAN_POINT('',(49.,-22.9,3.5));
#20736=CARTESIAN_POINT('',(49.,-46.6,3.5));
#20737=CARTESIAN_POINT('',(49.,-47.,3.5));
#20738=CARTESIAN_POINT('',(49.,-47.,3.5));
#20739=CARTESIAN_POINT('',(49.,-47.,2.));
#20740=CARTESIAN_POINT('',(49.,-22.9,2.));
#20741=CARTESIAN_POINT('',(49.,-46.6,2.));
#20742=CARTESIAN_POINT('',(49.,-46.6,3.5));
#20743=CARTESIAN_POINT('',(49.,-22.9,3.5));
#20744=CARTESIAN_POINT('',(76.,-47.,2.));
#20745=CARTESIAN_POINT('',(49.,-46.6,2.));
#20746=CARTESIAN_POINT('',(0.,0.,2.));
#20747=CARTESIAN_POINT('',(76.,-46.2,3.5));
#20748=CARTESIAN_POINT('',(76.,-46.2,3.5));
#20749=CARTESIAN_POINT('',(76.,-46.2,2.));
#20750=CARTESIAN_POINT('',(76.,-62.5,3.5));
#20751=CARTESIAN_POINT('',(76.,-45.8,3.5));
#20752=CARTESIAN_POINT('',(76.,-45.8,3.5));
#20753=CARTESIAN_POINT('',(76.,-45.8,2.));
#20754=CARTESIAN_POINT('',(76.,-12.5,2.));
#20755=CARTESIAN_POINT('',(76.,-12.5,5.));
#20756=CARTESIAN_POINT('',(49.,-22.9,3.5));
#20757=CARTESIAN_POINT('',(49.,-45.8,3.5));
#20758=CARTESIAN_POINT('',(49.,-46.2,3.5));
#20759=CARTESIAN_POINT('',(49.,-46.2,3.5));
#20760=CARTESIAN_POINT('',(49.,-46.2,2.));
#20761=CARTESIAN_POINT('',(49.,-22.9,2.));
#20762=CARTESIAN_POINT('',(49.,-45.8,2.));
#20763=CARTESIAN_POINT('',(49.,-45.8,3.5));
#20764=CARTESIAN_POINT('',(49.,-22.9,3.5));
#20765=CARTESIAN_POINT('',(76.,-46.2,2.));
#20766=CARTESIAN_POINT('',(49.,-45.8,2.));
#20767=CARTESIAN_POINT('',(0.,0.,2.));
#20768=CARTESIAN_POINT('',(76.,-45.4,3.5));
#20769=CARTESIAN_POINT('',(76.,-45.4,3.5));
#20770=CARTESIAN_POINT('',(76.,-45.4,2.));
#20771=CARTESIAN_POINT('',(76.,-62.5,3.5));
#20772=CARTESIAN_POINT('',(76.,-45.,3.5));
#20773=CARTESIAN_POINT('',(76.,-45.,3.5));
#20774=CARTESIAN_POINT('',(76.,-45.,2.));
#20775=CARTESIAN_POINT('',(76.,-12.5,2.));
#20776=CARTESIAN_POINT('',(76.,-12.5,5.));
#20777=CARTESIAN_POINT('',(49.,-22.9,3.5));
#20778=CARTESIAN_POINT('',(49.,-45.,3.5));
#20779=CARTESIAN_POINT('',(49.,-45.4,3.5));
#20780=CARTESIAN_POINT('',(49.,-45.4,3.5));
#20781=CARTESIAN_POINT('',(49.,-45.4,2.));
#20782=CARTESIAN_POINT('',(49.,-22.9,2.));
#20783=CARTESIAN_POINT('',(49.,-45.,2.));
#20784=CARTESIAN_POINT('',(49.,-45.,3.5));
#20785=CARTESIAN_POINT('',(49.,-22.9,3.5));
#20786=CARTESIAN_POINT('',(76.,-45.4,2.));
#20787=CARTESIAN_POINT('',(49.,-45.,2.));
#20788=CARTESIAN_POINT('',(0.,0.,2.));
#20789=CARTESIAN_POINT('',(76.,-44.6,3.5));
#20790=CARTESIAN_POINT('',(76.,-44.6,3.5));
#20791=CARTESIAN_POINT('',(76.,-44.6,2.));
#20792=CARTESIAN_POINT('',(76.,-62.5,3.5));
#20793=CARTESIAN_POINT('',(76.,-44.2,3.5));
#20794=CARTESIAN_POINT('',(76.,-44.2,3.5));
#20795=CARTESIAN_POINT('',(76.,-44.2,2.));
#20796=CARTESIAN_POINT('',(76.,-12.5,2.));
#20797=CARTESIAN_POINT('',(76.,-12.5,5.));
#20798=CARTESIAN_POINT('',(49.,-22.9,3.5));
#20799=CARTESIAN_POINT('',(49.,-44.2,3.5));
#20800=CARTESIAN_POINT('',(49.,-44.6,3.5));
#20801=CARTESIAN_POINT('',(49.,-44.6,3.5));
#20802=CARTESIAN_POINT('',(49.,-44.6,2.));
#20803=CARTESIAN_POINT('',(49.,-22.9,2.));
#20804=CARTESIAN_POINT('',(49.,-44.2,2.));
#20805=CARTESIAN_POINT('',(49.,-44.2,3.5));
#20806=CARTESIAN_POINT('',(49.,-22.9,3.5));
#20807=CARTESIAN_POINT('',(76.,-44.6,2.));
#20808=CARTESIAN_POINT('',(49.,-44.2,2.));
#20809=CARTESIAN_POINT('',(0.,0.,2.));
#20810=CARTESIAN_POINT('',(76.,-43.8,3.5));
#20811=CARTESIAN_POINT('',(76.,-43.8,3.5));
#20812=CARTESIAN_POINT('',(76.,-43.8,2.));
#20813=CARTESIAN_POINT('',(76.,-62.5,3.5));
#20814=CARTESIAN_POINT('',(76.,-43.4,3.5));
#20815=CARTESIAN_POINT('',(76.,-43.4,3.5));
#20816=CARTESIAN_POINT('',(76.,-43.4,2.));
#20817=CARTESIAN_POINT('',(76.,-12.5,2.));
#20818=CARTESIAN_POINT('',(76.,-12.5,5.));
#20819=CARTESIAN_POINT('',(49.,-22.9,3.5));
#20820=CARTESIAN_POINT('',(49.,-43.4,3.5));
#20821=CARTESIAN_POINT('',(49.,-43.8,3.5));
#20822=CARTESIAN_POINT('',(49.,-43.8,3.5));
#20823=CARTESIAN_POINT('',(49.,-43.8,2.));
#20824=CARTESIAN_POINT('',(49.,-22.9,2.));
#20825=CARTESIAN_POINT('',(49.,-43.4,2.));
#20826=CARTESIAN_POINT('',(49.,-43.4,3.5));
#20827=CARTESIAN_POINT('',(49.,-22.9,3.5));
#20828=CARTESIAN_POINT('',(76.,-43.8,2.));
#20829=CARTESIAN_POINT('',(49.,-43.4,2.));
#20830=CARTESIAN_POINT('',(0.,0.,2.));
#20831=CARTESIAN_POINT('',(76.,-43.,3.5));
#20832=CARTESIAN_POINT('',(76.,-43.,3.5));
#20833=CARTESIAN_POINT('',(76.,-43.,2.));
#20834=CARTESIAN_POINT('',(76.,-62.5,3.5));
#20835=CARTESIAN_POINT('',(76.,-42.6,3.5));
#20836=CARTESIAN_POINT('',(76.,-42.6,3.5));
#20837=CARTESIAN_POINT('',(76.,-42.6,2.));
#20838=CARTESIAN_POINT('',(76.,-12.5,2.));
#20839=CARTESIAN_POINT('',(76.,-12.5,5.));
#20840=CARTESIAN_POINT('',(49.,-22.9,3.5));
#20841=CARTESIAN_POINT('',(49.,-42.6,3.5));
#20842=CARTESIAN_POINT('',(49.,-43.,3.5));
#20843=CARTESIAN_POINT('',(49.,-43.,3.5));
#20844=CARTESIAN_POINT('',(49.,-43.,2.));
#20845=CARTESIAN_POINT('',(49.,-22.9,2.));
#20846=CARTESIAN_POINT('',(49.,-42.6,2.));
#20847=CARTESIAN_POINT('',(49.,-42.6,3.5));
#20848=CARTESIAN_POINT('',(49.,-22.9,3.5));
#20849=CARTESIAN_POINT('',(76.,-43.,2.));
#20850=CARTESIAN_POINT('',(49.,-42.6,2.));
#20851=CARTESIAN_POINT('',(0.,0.,2.));
#20852=CARTESIAN_POINT('',(76.,-42.2,3.5));
#20853=CARTESIAN_POINT('',(76.,-42.2,3.5));
#20854=CARTESIAN_POINT('',(76.,-42.2,2.));
#20855=CARTESIAN_POINT('',(76.,-62.5,3.5));
#20856=CARTESIAN_POINT('',(76.,-41.8,3.5));
#20857=CARTESIAN_POINT('',(76.,-41.8,3.5));
#20858=CARTESIAN_POINT('',(76.,-41.8,2.));
#20859=CARTESIAN_POINT('',(76.,-12.5,2.));
#20860=CARTESIAN_POINT('',(76.,-12.5,5.));
#20861=CARTESIAN_POINT('',(49.,-22.9,3.5));
#20862=CARTESIAN_POINT('',(49.,-41.8,3.5));
#20863=CARTESIAN_POINT('',(49.,-42.2,3.5));
#20864=CARTESIAN_POINT('',(49.,-42.2,3.5));
#20865=CARTESIAN_POINT('',(49.,-42.2,2.));
#20866=CARTESIAN_POINT('',(49.,-22.9,2.));
#20867=CARTESIAN_POINT('',(49.,-41.8,2.));
#20868=CARTESIAN_POINT('',(49.,-41.8,3.5));
#20869=CARTESIAN_POINT('',(49.,-22.9,3.5));
#20870=CARTESIAN_POINT('',(76.,-42.2,2.));
#20871=CARTESIAN_POINT('',(49.,-41.8,2.));
#20872=CARTESIAN_POINT('',(0.,0.,2.));
#20873=CARTESIAN_POINT('',(76.,-41.4,3.5));
#20874=CARTESIAN_POINT('',(76.,-41.4,3.5));
#20875=CARTESIAN_POINT('',(76.,-41.4,2.));
#20876=CARTESIAN_POINT('',(76.,-62.5,3.5));
#20877=CARTESIAN_POINT('',(76.,-41.,3.5));
#20878=CARTESIAN_POINT('',(76.,-41.,3.5));
#20879=CARTESIAN_POINT('',(76.,-41.,2.));
#20880=CARTESIAN_POINT('',(76.,-12.5,2.));
#20881=CARTESIAN_POINT('',(76.,-12.5,5.));
#20882=CARTESIAN_POINT('',(49.,-22.9,3.5));
#20883=CARTESIAN_POINT('',(49.,-41.,3.5));
#20884=CARTESIAN_POINT('',(49.,-41.4,3.5));
#20885=CARTESIAN_POINT('',(49.,-41.4,3.5));
#20886=CARTESIAN_POINT('',(49.,-41.4,2.));
#20887=CARTESIAN_POINT('',(49.,-22.9,2.));
#20888=CARTESIAN_POINT('',(49.,-41.,2.));
#20889=CARTESIAN_POINT('',(49.,-41.,3.5));
#20890=CARTESIAN_POINT('',(49.,-22.9,3.5));
#20891=CARTESIAN_POINT('',(76.,-41.4,2.));
#20892=CARTESIAN_POINT('',(49.,-41.,2.));
#20893=CARTESIAN_POINT('',(0.,0.,2.));
#20894=CARTESIAN_POINT('',(76.,-40.6,3.5));
#20895=CARTESIAN_POINT('',(76.,-40.6,3.5));
#20896=CARTESIAN_POINT('',(76.,-40.6,2.));
#20897=CARTESIAN_POINT('',(76.,-62.5,3.5));
#20898=CARTESIAN_POINT('',(76.,-40.2,3.5));
#20899=CARTESIAN_POINT('',(76.,-40.2,3.5));
#20900=CARTESIAN_POINT('',(76.,-40.2,2.));
#20901=CARTESIAN_POINT('',(76.,-12.5,2.));
#20902=CARTESIAN_POINT('',(76.,-12.5,5.));
#20903=CARTESIAN_POINT('',(49.,-22.9,3.5));
#20904=CARTESIAN_POINT('',(49.,-40.2,3.5));
#20905=CARTESIAN_POINT('',(49.,-40.6,3.5));
#20906=CARTESIAN_POINT('',(49.,-40.6,3.5));
#20907=CARTESIAN_POINT('',(49.,-40.6,2.));
#20908=CARTESIAN_POINT('',(49.,-22.9,2.));
#20909=CARTESIAN_POINT('',(49.,-40.2,2.));
#20910=CARTESIAN_POINT('',(49.,-40.2,3.5));
#20911=CARTESIAN_POINT('',(49.,-22.9,3.5));
#20912=CARTESIAN_POINT('',(76.,-40.6,2.));
#20913=CARTESIAN_POINT('',(49.,-40.2,2.));
#20914=CARTESIAN_POINT('',(0.,0.,2.));
#20915=CARTESIAN_POINT('',(76.,-39.8,3.5));
#20916=CARTESIAN_POINT('',(76.,-39.8,3.5));
#20917=CARTESIAN_POINT('',(76.,-39.8,2.));
#20918=CARTESIAN_POINT('',(76.,-62.5,3.5));
#20919=CARTESIAN_POINT('',(76.,-39.4,3.5));
#20920=CARTESIAN_POINT('',(76.,-39.4,3.5));
#20921=CARTESIAN_POINT('',(76.,-39.4,2.));
#20922=CARTESIAN_POINT('',(76.,-12.5,2.));
#20923=CARTESIAN_POINT('',(76.,-12.5,5.));
#20924=CARTESIAN_POINT('',(49.,-22.9,3.5));
#20925=CARTESIAN_POINT('',(49.,-39.4,3.5));
#20926=CARTESIAN_POINT('',(49.,-39.8,3.5));
#20927=CARTESIAN_POINT('',(49.,-39.8,3.5));
#20928=CARTESIAN_POINT('',(49.,-39.8,2.));
#20929=CARTESIAN_POINT('',(49.,-22.9,2.));
#20930=CARTESIAN_POINT('',(49.,-39.4,2.));
#20931=CARTESIAN_POINT('',(49.,-39.4,3.5));
#20932=CARTESIAN_POINT('',(49.,-22.9,3.5));
#20933=CARTESIAN_POINT('',(76.,-39.8,2.));
#20934=CARTESIAN_POINT('',(49.,-39.4,2.));
#20935=CARTESIAN_POINT('',(0.,0.,2.));
#20936=CARTESIAN_POINT('',(76.,-39.,3.5));
#20937=CARTESIAN_POINT('',(76.,-39.,3.5));
#20938=CARTESIAN_POINT('',(76.,-39.,2.));
#20939=CARTESIAN_POINT('',(76.,-62.5,3.5));
#20940=CARTESIAN_POINT('',(76.,-38.6,3.5));
#20941=CARTESIAN_POINT('',(76.,-38.6,3.5));
#20942=CARTESIAN_POINT('',(76.,-38.6,2.));
#20943=CARTESIAN_POINT('',(76.,-12.5,2.));
#20944=CARTESIAN_POINT('',(76.,-12.5,5.));
#20945=CARTESIAN_POINT('',(49.,-22.9,3.5));
#20946=CARTESIAN_POINT('',(49.,-38.6,3.5));
#20947=CARTESIAN_POINT('',(49.,-39.,3.5));
#20948=CARTESIAN_POINT('',(49.,-39.,3.5));
#20949=CARTESIAN_POINT('',(49.,-39.,2.));
#20950=CARTESIAN_POINT('',(49.,-22.9,2.));
#20951=CARTESIAN_POINT('',(49.,-38.6,2.));
#20952=CARTESIAN_POINT('',(49.,-38.6,3.5));
#20953=CARTESIAN_POINT('',(49.,-22.9,3.5));
#20954=CARTESIAN_POINT('',(76.,-39.,2.));
#20955=CARTESIAN_POINT('',(49.,-38.6,2.));
#20956=CARTESIAN_POINT('',(0.,0.,2.));
#20957=CARTESIAN_POINT('',(76.,-38.2,3.5));
#20958=CARTESIAN_POINT('',(76.,-38.2,3.5));
#20959=CARTESIAN_POINT('',(76.,-38.2,2.));
#20960=CARTESIAN_POINT('',(76.,-62.5,3.5));
#20961=CARTESIAN_POINT('',(76.,-37.8,3.5));
#20962=CARTESIAN_POINT('',(76.,-37.8,3.5));
#20963=CARTESIAN_POINT('',(76.,-37.8,2.));
#20964=CARTESIAN_POINT('',(76.,-12.5,2.));
#20965=CARTESIAN_POINT('',(76.,-12.5,5.));
#20966=CARTESIAN_POINT('',(49.,-22.9,3.5));
#20967=CARTESIAN_POINT('',(49.,-37.8,3.5));
#20968=CARTESIAN_POINT('',(49.,-38.2,3.5));
#20969=CARTESIAN_POINT('',(49.,-38.2,3.5));
#20970=CARTESIAN_POINT('',(49.,-38.2,2.));
#20971=CARTESIAN_POINT('',(49.,-22.9,2.));
#20972=CARTESIAN_POINT('',(49.,-37.8,2.));
#20973=CARTESIAN_POINT('',(49.,-37.8,3.5));
#20974=CARTESIAN_POINT('',(49.,-22.9,3.5));
#20975=CARTESIAN_POINT('',(76.,-38.2,2.));
#20976=CARTESIAN_POINT('',(49.,-37.8,2.));
#20977=CARTESIAN_POINT('',(0.,0.,2.));
#20978=CARTESIAN_POINT('',(76.,-37.4,3.5));
#20979=CARTESIAN_POINT('',(76.,-37.4,3.5));
#20980=CARTESIAN_POINT('',(76.,-37.4,2.));
#20981=CARTESIAN_POINT('',(76.,-62.5,3.5));
#20982=CARTESIAN_POINT('',(76.,-37.,3.5));
#20983=CARTESIAN_POINT('',(76.,-37.,3.5));
#20984=CARTESIAN_POINT('',(76.,-37.,2.));
#20985=CARTESIAN_POINT('',(76.,-12.5,2.));
#20986=CARTESIAN_POINT('',(76.,-12.5,5.));
#20987=CARTESIAN_POINT('',(49.,-22.9,3.5));
#20988=CARTESIAN_POINT('',(49.,-37.,3.5));
#20989=CARTESIAN_POINT('',(49.,-37.4,3.5));
#20990=CARTESIAN_POINT('',(49.,-37.4,3.5));
#20991=CARTESIAN_POINT('',(49.,-37.4,2.));
#20992=CARTESIAN_POINT('',(49.,-22.9,2.));
#20993=CARTESIAN_POINT('',(49.,-37.,2.));
#20994=CARTESIAN_POINT('',(49.,-37.,3.5));
#20995=CARTESIAN_POINT('',(49.,-22.9,3.5));
#20996=CARTESIAN_POINT('',(76.,-37.4,2.));
#20997=CARTESIAN_POINT('',(49.,-37.,2.));
#20998=CARTESIAN_POINT('',(0.,0.,2.));
#20999=CARTESIAN_POINT('',(76.,-36.6,3.5));
#21000=CARTESIAN_POINT('',(76.,-36.6,3.5));
#21001=CARTESIAN_POINT('',(76.,-36.6,2.));
#21002=CARTESIAN_POINT('',(76.,-62.5,3.5));
#21003=CARTESIAN_POINT('',(76.,-36.2,3.5));
#21004=CARTESIAN_POINT('',(76.,-36.2,3.5));
#21005=CARTESIAN_POINT('',(76.,-36.2,2.));
#21006=CARTESIAN_POINT('',(76.,-12.5,2.));
#21007=CARTESIAN_POINT('',(76.,-12.5,5.));
#21008=CARTESIAN_POINT('',(49.,-22.9,3.5));
#21009=CARTESIAN_POINT('',(49.,-36.2,3.5));
#21010=CARTESIAN_POINT('',(49.,-36.6,3.5));
#21011=CARTESIAN_POINT('',(49.,-36.6,3.5));
#21012=CARTESIAN_POINT('',(49.,-36.6,2.));
#21013=CARTESIAN_POINT('',(49.,-22.9,2.));
#21014=CARTESIAN_POINT('',(49.,-36.2,2.));
#21015=CARTESIAN_POINT('',(49.,-36.2,3.5));
#21016=CARTESIAN_POINT('',(49.,-22.9,3.5));
#21017=CARTESIAN_POINT('',(76.,-36.6,2.));
#21018=CARTESIAN_POINT('',(49.,-36.2,2.));
#21019=CARTESIAN_POINT('',(0.,0.,2.));
#21020=CARTESIAN_POINT('',(76.,-35.8,3.5));
#21021=CARTESIAN_POINT('',(76.,-35.8,3.5));
#21022=CARTESIAN_POINT('',(76.,-35.8,2.));
#21023=CARTESIAN_POINT('',(76.,-62.5,3.5));
#21024=CARTESIAN_POINT('',(76.,-35.4,3.5));
#21025=CARTESIAN_POINT('',(76.,-35.4,3.5));
#21026=CARTESIAN_POINT('',(76.,-35.4,2.));
#21027=CARTESIAN_POINT('',(76.,-12.5,2.));
#21028=CARTESIAN_POINT('',(76.,-12.5,5.));
#21029=CARTESIAN_POINT('',(49.,-22.9,3.5));
#21030=CARTESIAN_POINT('',(49.,-35.4,3.5));
#21031=CARTESIAN_POINT('',(49.,-35.8,3.5));
#21032=CARTESIAN_POINT('',(49.,-35.8,3.5));
#21033=CARTESIAN_POINT('',(49.,-35.8,2.));
#21034=CARTESIAN_POINT('',(49.,-22.9,2.));
#21035=CARTESIAN_POINT('',(49.,-35.4,2.));
#21036=CARTESIAN_POINT('',(49.,-35.4,3.5));
#21037=CARTESIAN_POINT('',(49.,-22.9,3.5));
#21038=CARTESIAN_POINT('',(76.,-35.8,2.));
#21039=CARTESIAN_POINT('',(49.,-35.4,2.));
#21040=CARTESIAN_POINT('',(0.,0.,2.));
#21041=CARTESIAN_POINT('',(76.,-35.,3.5));
#21042=CARTESIAN_POINT('',(76.,-35.,3.5));
#21043=CARTESIAN_POINT('',(76.,-35.,2.));
#21044=CARTESIAN_POINT('',(76.,-62.5,3.5));
#21045=CARTESIAN_POINT('',(76.,-34.6,3.5));
#21046=CARTESIAN_POINT('',(76.,-34.6,3.5));
#21047=CARTESIAN_POINT('',(76.,-34.6,2.));
#21048=CARTESIAN_POINT('',(76.,-12.5,2.));
#21049=CARTESIAN_POINT('',(76.,-12.5,5.));
#21050=CARTESIAN_POINT('',(49.,-22.9,3.5));
#21051=CARTESIAN_POINT('',(49.,-34.6,3.5));
#21052=CARTESIAN_POINT('',(49.,-35.,3.5));
#21053=CARTESIAN_POINT('',(49.,-35.,3.5));
#21054=CARTESIAN_POINT('',(49.,-35.,2.));
#21055=CARTESIAN_POINT('',(49.,-22.9,2.));
#21056=CARTESIAN_POINT('',(49.,-34.6,2.));
#21057=CARTESIAN_POINT('',(49.,-34.6,3.5));
#21058=CARTESIAN_POINT('',(49.,-22.9,3.5));
#21059=CARTESIAN_POINT('',(76.,-35.,2.));
#21060=CARTESIAN_POINT('',(49.,-34.6,2.));
#21061=CARTESIAN_POINT('',(0.,0.,2.));
#21062=CARTESIAN_POINT('',(76.,-34.2,3.5));
#21063=CARTESIAN_POINT('',(76.,-34.2,3.5));
#21064=CARTESIAN_POINT('',(76.,-34.2,2.));
#21065=CARTESIAN_POINT('',(76.,-62.5,3.5));
#21066=CARTESIAN_POINT('',(76.,-33.8,3.5));
#21067=CARTESIAN_POINT('',(76.,-33.8,3.5));
#21068=CARTESIAN_POINT('',(76.,-33.8,2.));
#21069=CARTESIAN_POINT('',(76.,-12.5,2.));
#21070=CARTESIAN_POINT('',(76.,-12.5,5.));
#21071=CARTESIAN_POINT('',(49.,-22.9,3.5));
#21072=CARTESIAN_POINT('',(49.,-33.8,3.5));
#21073=CARTESIAN_POINT('',(49.,-34.2,3.5));
#21074=CARTESIAN_POINT('',(49.,-34.2,3.5));
#21075=CARTESIAN_POINT('',(49.,-34.2,2.));
#21076=CARTESIAN_POINT('',(49.,-22.9,2.));
#21077=CARTESIAN_POINT('',(49.,-33.8,2.));
#21078=CARTESIAN_POINT('',(49.,-33.8,3.5));
#21079=CARTESIAN_POINT('',(49.,-22.9,3.5));
#21080=CARTESIAN_POINT('',(76.,-34.2,2.));
#21081=CARTESIAN_POINT('',(49.,-33.8,2.));
#21082=CARTESIAN_POINT('',(0.,0.,2.));
#21083=CARTESIAN_POINT('',(76.,-33.4,3.5));
#21084=CARTESIAN_POINT('',(76.,-33.4,3.5));
#21085=CARTESIAN_POINT('',(76.,-33.4,2.));
#21086=CARTESIAN_POINT('',(76.,-62.5,3.5));
#21087=CARTESIAN_POINT('',(76.,-33.,3.5));
#21088=CARTESIAN_POINT('',(76.,-33.,3.5));
#21089=CARTESIAN_POINT('',(76.,-33.,2.));
#21090=CARTESIAN_POINT('',(76.,-12.5,2.));
#21091=CARTESIAN_POINT('',(76.,-12.5,5.));
#21092=CARTESIAN_POINT('',(49.,-22.9,3.5));
#21093=CARTESIAN_POINT('',(49.,-33.,3.5));
#21094=CARTESIAN_POINT('',(49.,-33.4,3.5));
#21095=CARTESIAN_POINT('',(49.,-33.4,3.5));
#21096=CARTESIAN_POINT('',(49.,-33.4,2.));
#21097=CARTESIAN_POINT('',(49.,-22.9,2.));
#21098=CARTESIAN_POINT('',(49.,-33.,2.));
#21099=CARTESIAN_POINT('',(49.,-33.,3.5));
#21100=CARTESIAN_POINT('',(49.,-22.9,3.5));
#21101=CARTESIAN_POINT('',(76.,-33.4,2.));
#21102=CARTESIAN_POINT('',(49.,-33.,2.));
#21103=CARTESIAN_POINT('',(0.,0.,2.));
#21104=CARTESIAN_POINT('',(76.,-32.6,3.5));
#21105=CARTESIAN_POINT('',(76.,-32.6,3.5));
#21106=CARTESIAN_POINT('',(76.,-32.6,2.));
#21107=CARTESIAN_POINT('',(76.,-62.5,3.5));
#21108=CARTESIAN_POINT('',(76.,-32.2,3.5));
#21109=CARTESIAN_POINT('',(76.,-32.2,3.5));
#21110=CARTESIAN_POINT('',(76.,-32.2,2.));
#21111=CARTESIAN_POINT('',(76.,-12.5,2.));
#21112=CARTESIAN_POINT('',(76.,-12.5,5.));
#21113=CARTESIAN_POINT('',(49.,-22.9,3.5));
#21114=CARTESIAN_POINT('',(49.,-32.2,3.5));
#21115=CARTESIAN_POINT('',(49.,-32.6,3.5));
#21116=CARTESIAN_POINT('',(49.,-32.6,3.5));
#21117=CARTESIAN_POINT('',(49.,-32.6,2.));
#21118=CARTESIAN_POINT('',(49.,-22.9,2.));
#21119=CARTESIAN_POINT('',(49.,-32.2,2.));
#21120=CARTESIAN_POINT('',(49.,-32.2,3.5));
#21121=CARTESIAN_POINT('',(49.,-22.9,3.5));
#21122=CARTESIAN_POINT('',(76.,-32.6,2.));
#21123=CARTESIAN_POINT('',(49.,-32.2,2.));
#21124=CARTESIAN_POINT('',(0.,0.,2.));
#21125=CARTESIAN_POINT('',(76.,-31.8,3.5));
#21126=CARTESIAN_POINT('',(76.,-31.8,3.5));
#21127=CARTESIAN_POINT('',(76.,-31.8,2.));
#21128=CARTESIAN_POINT('',(76.,-62.5,3.5));
#21129=CARTESIAN_POINT('',(76.,-31.4,3.5));
#21130=CARTESIAN_POINT('',(76.,-31.4,3.5));
#21131=CARTESIAN_POINT('',(76.,-31.4,2.));
#21132=CARTESIAN_POINT('',(76.,-12.5,2.));
#21133=CARTESIAN_POINT('',(76.,-12.5,5.));
#21134=CARTESIAN_POINT('',(49.,-22.9,3.5));
#21135=CARTESIAN_POINT('',(49.,-31.4,3.5));
#21136=CARTESIAN_POINT('',(49.,-31.8,3.5));
#21137=CARTESIAN_POINT('',(49.,-31.8,3.5));
#21138=CARTESIAN_POINT('',(49.,-31.8,2.));
#21139=CARTESIAN_POINT('',(49.,-22.9,2.));
#21140=CARTESIAN_POINT('',(49.,-31.4,2.));
#21141=CARTESIAN_POINT('',(49.,-31.4,3.5));
#21142=CARTESIAN_POINT('',(49.,-22.9,3.5));
#21143=CARTESIAN_POINT('',(76.,-31.8,2.));
#21144=CARTESIAN_POINT('',(49.,-31.4,2.));
#21145=CARTESIAN_POINT('',(0.,0.,2.));
#21146=CARTESIAN_POINT('',(76.,-31.,3.5));
#21147=CARTESIAN_POINT('',(76.,-31.,3.5));
#21148=CARTESIAN_POINT('',(76.,-31.,2.));
#21149=CARTESIAN_POINT('',(76.,-62.5,3.5));
#21150=CARTESIAN_POINT('',(76.,-30.6,3.5));
#21151=CARTESIAN_POINT('',(76.,-30.6,3.5));
#21152=CARTESIAN_POINT('',(76.,-30.6,2.));
#21153=CARTESIAN_POINT('',(76.,-12.5,2.));
#21154=CARTESIAN_POINT('',(76.,-12.5,5.));
#21155=CARTESIAN_POINT('',(49.,-22.9,3.5));
#21156=CARTESIAN_POINT('',(49.,-30.6,3.5));
#21157=CARTESIAN_POINT('',(49.,-31.,3.5));
#21158=CARTESIAN_POINT('',(49.,-31.,3.5));
#21159=CARTESIAN_POINT('',(49.,-31.,2.));
#21160=CARTESIAN_POINT('',(49.,-22.9,2.));
#21161=CARTESIAN_POINT('',(49.,-30.6,2.));
#21162=CARTESIAN_POINT('',(49.,-30.6,3.5));
#21163=CARTESIAN_POINT('',(49.,-22.9,3.5));
#21164=CARTESIAN_POINT('',(76.,-31.,2.));
#21165=CARTESIAN_POINT('',(49.,-30.6,2.));
#21166=CARTESIAN_POINT('',(0.,0.,2.));
#21167=CARTESIAN_POINT('',(76.,-30.2,3.5));
#21168=CARTESIAN_POINT('',(76.,-30.2,3.5));
#21169=CARTESIAN_POINT('',(76.,-30.2,2.));
#21170=CARTESIAN_POINT('',(76.,-62.5,3.5));
#21171=CARTESIAN_POINT('',(76.,-29.8,3.5));
#21172=CARTESIAN_POINT('',(76.,-29.8,3.5));
#21173=CARTESIAN_POINT('',(76.,-29.8,2.));
#21174=CARTESIAN_POINT('',(76.,-12.5,2.));
#21175=CARTESIAN_POINT('',(76.,-12.5,5.));
#21176=CARTESIAN_POINT('',(49.,-22.9,3.5));
#21177=CARTESIAN_POINT('',(49.,-29.8,3.5));
#21178=CARTESIAN_POINT('',(49.,-30.2,3.5));
#21179=CARTESIAN_POINT('',(49.,-30.2,3.5));
#21180=CARTESIAN_POINT('',(49.,-30.2,2.));
#21181=CARTESIAN_POINT('',(49.,-22.9,2.));
#21182=CARTESIAN_POINT('',(49.,-29.8,2.));
#21183=CARTESIAN_POINT('',(49.,-29.8,3.5));
#21184=CARTESIAN_POINT('',(49.,-22.9,3.5));
#21185=CARTESIAN_POINT('',(76.,-30.2,2.));
#21186=CARTESIAN_POINT('',(49.,-29.8,2.));
#21187=CARTESIAN_POINT('',(0.,0.,2.));
#21188=CARTESIAN_POINT('',(76.,-29.4,3.5));
#21189=CARTESIAN_POINT('',(76.,-29.4,3.5));
#21190=CARTESIAN_POINT('',(76.,-29.4,2.));
#21191=CARTESIAN_POINT('',(76.,-62.5,3.5));
#21192=CARTESIAN_POINT('',(76.,-29.,3.5));
#21193=CARTESIAN_POINT('',(76.,-29.,3.5));
#21194=CARTESIAN_POINT('',(76.,-29.,2.));
#21195=CARTESIAN_POINT('',(76.,-12.5,2.));
#21196=CARTESIAN_POINT('',(76.,-12.5,5.));
#21197=CARTESIAN_POINT('',(49.,-22.9,3.5));
#21198=CARTESIAN_POINT('',(49.,-29.,3.5));
#21199=CARTESIAN_POINT('',(49.,-29.4,3.5));
#21200=CARTESIAN_POINT('',(49.,-29.4,3.5));
#21201=CARTESIAN_POINT('',(49.,-29.4,2.));
#21202=CARTESIAN_POINT('',(49.,-22.9,2.));
#21203=CARTESIAN_POINT('',(49.,-29.,2.));
#21204=CARTESIAN_POINT('',(49.,-29.,3.5));
#21205=CARTESIAN_POINT('',(49.,-22.9,3.5));
#21206=CARTESIAN_POINT('',(76.,-29.4,2.));
#21207=CARTESIAN_POINT('',(49.,-29.,2.));
#21208=CARTESIAN_POINT('',(0.,0.,2.));
#21209=CARTESIAN_POINT('',(76.,-28.6,3.5));
#21210=CARTESIAN_POINT('',(76.,-28.6,3.5));
#21211=CARTESIAN_POINT('',(76.,-28.6,2.));
#21212=CARTESIAN_POINT('',(76.,-62.5,3.5));
#21213=CARTESIAN_POINT('',(76.,-28.2,3.5));
#21214=CARTESIAN_POINT('',(76.,-28.2,3.5));
#21215=CARTESIAN_POINT('',(76.,-28.2,2.));
#21216=CARTESIAN_POINT('',(76.,-12.5,2.));
#21217=CARTESIAN_POINT('',(76.,-12.5,5.));
#21218=CARTESIAN_POINT('',(49.,-22.9,3.5));
#21219=CARTESIAN_POINT('',(49.,-28.2,3.5));
#21220=CARTESIAN_POINT('',(49.,-28.6,3.5));
#21221=CARTESIAN_POINT('',(49.,-28.6,3.5));
#21222=CARTESIAN_POINT('',(49.,-28.6,2.));
#21223=CARTESIAN_POINT('',(49.,-22.9,2.));
#21224=CARTESIAN_POINT('',(49.,-28.2,2.));
#21225=CARTESIAN_POINT('',(49.,-28.2,3.5));
#21226=CARTESIAN_POINT('',(49.,-22.9,3.5));
#21227=CARTESIAN_POINT('',(76.,-28.6,2.));
#21228=CARTESIAN_POINT('',(49.,-28.2,2.));
#21229=CARTESIAN_POINT('',(0.,0.,2.));
#21230=CARTESIAN_POINT('',(76.,-27.8,3.5));
#21231=CARTESIAN_POINT('',(76.,-27.8,3.5));
#21232=CARTESIAN_POINT('',(76.,-27.8,2.));
#21233=CARTESIAN_POINT('',(76.,-62.5,3.5));
#21234=CARTESIAN_POINT('',(76.,-27.4,3.5));
#21235=CARTESIAN_POINT('',(76.,-27.4,3.5));
#21236=CARTESIAN_POINT('',(76.,-27.4,2.));
#21237=CARTESIAN_POINT('',(76.,-12.5,2.));
#21238=CARTESIAN_POINT('',(76.,-12.5,5.));
#21239=CARTESIAN_POINT('',(49.,-22.9,3.5));
#21240=CARTESIAN_POINT('',(49.,-27.4,3.5));
#21241=CARTESIAN_POINT('',(49.,-27.8,3.5));
#21242=CARTESIAN_POINT('',(49.,-27.8,3.5));
#21243=CARTESIAN_POINT('',(49.,-27.8,2.));
#21244=CARTESIAN_POINT('',(49.,-22.9,2.));
#21245=CARTESIAN_POINT('',(49.,-27.4,2.));
#21246=CARTESIAN_POINT('',(49.,-27.4,3.5));
#21247=CARTESIAN_POINT('',(49.,-22.9,3.5));
#21248=CARTESIAN_POINT('',(76.,-27.8,2.));
#21249=CARTESIAN_POINT('',(49.,-27.4,2.));
#21250=CARTESIAN_POINT('',(0.,0.,2.));
#21251=CARTESIAN_POINT('',(76.,-27.,3.5));
#21252=CARTESIAN_POINT('',(76.,-27.,3.5));
#21253=CARTESIAN_POINT('',(76.,-27.,2.));
#21254=CARTESIAN_POINT('',(76.,-62.5,3.5));
#21255=CARTESIAN_POINT('',(76.,-26.6,3.5));
#21256=CARTESIAN_POINT('',(76.,-26.6,3.5));
#21257=CARTESIAN_POINT('',(76.,-26.6,2.));
#21258=CARTESIAN_POINT('',(76.,-12.5,2.));
#21259=CARTESIAN_POINT('',(76.,-12.5,5.));
#21260=CARTESIAN_POINT('',(49.,-22.9,3.5));
#21261=CARTESIAN_POINT('',(49.,-26.6,3.5));
#21262=CARTESIAN_POINT('',(49.,-27.,3.5));
#21263=CARTESIAN_POINT('',(49.,-27.,3.5));
#21264=CARTESIAN_POINT('',(49.,-27.,2.));
#21265=CARTESIAN_POINT('',(49.,-22.9,2.));
#21266=CARTESIAN_POINT('',(49.,-26.6,2.));
#21267=CARTESIAN_POINT('',(49.,-26.6,3.5));
#21268=CARTESIAN_POINT('',(49.,-22.9,3.5));
#21269=CARTESIAN_POINT('',(76.,-27.,2.));
#21270=CARTESIAN_POINT('',(49.,-26.6,2.));
#21271=CARTESIAN_POINT('',(0.,0.,2.));
#21272=CARTESIAN_POINT('',(76.,-26.2,3.5));
#21273=CARTESIAN_POINT('',(76.,-26.2,3.5));
#21274=CARTESIAN_POINT('',(76.,-26.2,2.));
#21275=CARTESIAN_POINT('',(76.,-62.5,3.5));
#21276=CARTESIAN_POINT('',(76.,-25.8,3.5));
#21277=CARTESIAN_POINT('',(76.,-25.8,3.5));
#21278=CARTESIAN_POINT('',(76.,-25.8,2.));
#21279=CARTESIAN_POINT('',(76.,-12.5,2.));
#21280=CARTESIAN_POINT('',(76.,-12.5,5.));
#21281=CARTESIAN_POINT('',(49.,-22.9,3.5));
#21282=CARTESIAN_POINT('',(49.,-25.8,3.5));
#21283=CARTESIAN_POINT('',(49.,-26.2,3.5));
#21284=CARTESIAN_POINT('',(49.,-26.2,3.5));
#21285=CARTESIAN_POINT('',(49.,-26.2,2.));
#21286=CARTESIAN_POINT('',(49.,-22.9,2.));
#21287=CARTESIAN_POINT('',(49.,-25.8,2.));
#21288=CARTESIAN_POINT('',(49.,-25.8,3.5));
#21289=CARTESIAN_POINT('',(49.,-22.9,3.5));
#21290=CARTESIAN_POINT('',(76.,-26.2,2.));
#21291=CARTESIAN_POINT('',(49.,-25.8,2.));
#21292=CARTESIAN_POINT('',(0.,0.,2.));
#21293=CARTESIAN_POINT('',(76.,-25.4,3.5));
#21294=CARTESIAN_POINT('',(76.,-25.4,3.5));
#21295=CARTESIAN_POINT('',(76.,-25.4,2.));
#21296=CARTESIAN_POINT('',(76.,-62.5,3.5));
#21297=CARTESIAN_POINT('',(76.,-25.,3.5));
#21298=CARTESIAN_POINT('',(76.,-25.,3.5));
#21299=CARTESIAN_POINT('',(76.,-25.,2.));
#21300=CARTESIAN_POINT('',(76.,-12.5,2.));
#21301=CARTESIAN_POINT('',(76.,-12.5,5.));
#21302=CARTESIAN_POINT('',(49.,-22.9,3.5));
#21303=CARTESIAN_POINT('',(49.,-25.,3.5));
#21304=CARTESIAN_POINT('',(49.,-25.4,3.5));
#21305=CARTESIAN_POINT('',(49.,-25.4,3.5));
#21306=CARTESIAN_POINT('',(49.,-25.4,2.));
#21307=CARTESIAN_POINT('',(49.,-22.9,2.));
#21308=CARTESIAN_POINT('',(49.,-25.,2.));
#21309=CARTESIAN_POINT('',(49.,-25.,3.5));
#21310=CARTESIAN_POINT('',(49.,-22.9,3.5));
#21311=CARTESIAN_POINT('',(76.,-25.4,2.));
#21312=CARTESIAN_POINT('',(49.,-25.,2.));
#21313=CARTESIAN_POINT('',(0.,0.,2.));
#21314=CARTESIAN_POINT('',(76.,-24.6,3.5));
#21315=CARTESIAN_POINT('',(76.,-24.6,3.5));
#21316=CARTESIAN_POINT('',(76.,-24.6,2.));
#21317=CARTESIAN_POINT('',(76.,-62.5,3.5));
#21318=CARTESIAN_POINT('',(76.,-24.2,3.5));
#21319=CARTESIAN_POINT('',(76.,-24.2,3.5));
#21320=CARTESIAN_POINT('',(76.,-24.2,2.));
#21321=CARTESIAN_POINT('',(76.,-12.5,2.));
#21322=CARTESIAN_POINT('',(76.,-12.5,5.));
#21323=CARTESIAN_POINT('',(49.,-22.9,3.5));
#21324=CARTESIAN_POINT('',(49.,-24.2,3.5));
#21325=CARTESIAN_POINT('',(49.,-24.6,3.5));
#21326=CARTESIAN_POINT('',(49.,-24.6,3.5));
#21327=CARTESIAN_POINT('',(49.,-24.6,2.));
#21328=CARTESIAN_POINT('',(49.,-22.9,2.));
#21329=CARTESIAN_POINT('',(49.,-24.2,2.));
#21330=CARTESIAN_POINT('',(49.,-24.2,3.5));
#21331=CARTESIAN_POINT('',(49.,-22.9,3.5));
#21332=CARTESIAN_POINT('',(76.,-23.8,3.5));
#21333=CARTESIAN_POINT('',(76.,-23.8,3.5));
#21334=CARTESIAN_POINT('',(76.,-23.8,2.));
#21335=CARTESIAN_POINT('',(76.,-62.5,3.5));
#21336=CARTESIAN_POINT('',(76.,-23.4,3.5));
#21337=CARTESIAN_POINT('',(76.,-23.4,3.5));
#21338=CARTESIAN_POINT('',(76.,-23.4,2.));
#21339=CARTESIAN_POINT('',(76.,-12.5,2.));
#21340=CARTESIAN_POINT('',(76.,-12.5,5.));
#21341=CARTESIAN_POINT('',(76.,-24.6,2.));
#21342=CARTESIAN_POINT('',(49.,-24.2,2.));
#21343=CARTESIAN_POINT('',(0.,0.,2.));
#21344=CARTESIAN_POINT('',(49.,-22.9,3.5));
#21345=CARTESIAN_POINT('',(49.,-23.4,3.5));
#21346=CARTESIAN_POINT('',(49.,-23.8,3.5));
#21347=CARTESIAN_POINT('',(49.,-23.8,3.5));
#21348=CARTESIAN_POINT('',(49.,-23.8,2.));
#21349=CARTESIAN_POINT('',(49.,-22.9,2.));
#21350=CARTESIAN_POINT('',(49.,-23.4,2.));
#21351=CARTESIAN_POINT('',(49.,-23.4,3.5));
#21352=CARTESIAN_POINT('',(49.,-22.9,3.5));
#21353=CARTESIAN_POINT('',(19.,-51.8,3.5));
#21354=CARTESIAN_POINT('',(19.,-51.4,3.5));
#21355=CARTESIAN_POINT('',(19.,-51.8,3.5));
#21356=CARTESIAN_POINT('',(49.,-51.8,3.5));
#21357=CARTESIAN_POINT('',(49.,-22.9,3.5));
#21358=CARTESIAN_POINT('',(49.,-51.4,3.5));
#21359=CARTESIAN_POINT('',(49.,-51.4,3.5));
#21360=CARTESIAN_POINT('',(46.,-51.,3.5));
#21361=CARTESIAN_POINT('',(19.,-50.6,3.5));
#21362=CARTESIAN_POINT('',(46.,-50.2,3.5));
#21363=CARTESIAN_POINT('',(19.,-49.8,3.5));
#21364=CARTESIAN_POINT('',(46.,-49.4,3.5));
#21365=CARTESIAN_POINT('',(19.,-49.,3.5));
#21366=CARTESIAN_POINT('',(46.,-48.6,3.5));
#21367=CARTESIAN_POINT('',(19.,-48.2,3.5));
#21368=CARTESIAN_POINT('',(46.,-47.8,3.5));
#21369=CARTESIAN_POINT('',(19.,-47.4,3.5));
#21370=CARTESIAN_POINT('',(46.,-47.,3.5));
#21371=CARTESIAN_POINT('',(19.,-46.6,3.5));
#21372=CARTESIAN_POINT('',(46.,-46.2,3.5));
#21373=CARTESIAN_POINT('',(19.,-45.8,3.5));
#21374=CARTESIAN_POINT('',(46.,-45.4,3.5));
#21375=CARTESIAN_POINT('',(19.,-45.,3.5));
#21376=CARTESIAN_POINT('',(46.,-44.6,3.5));
#21377=CARTESIAN_POINT('',(19.,-44.2,3.5));
#21378=CARTESIAN_POINT('',(46.,-43.8,3.5));
#21379=CARTESIAN_POINT('',(19.,-43.4,3.5));
#21380=CARTESIAN_POINT('',(46.,-43.,3.5));
#21381=CARTESIAN_POINT('',(19.,-42.6,3.5));
#21382=CARTESIAN_POINT('',(46.,-42.2,3.5));
#21383=CARTESIAN_POINT('',(19.,-41.8,3.5));
#21384=CARTESIAN_POINT('',(46.,-41.4,3.5));
#21385=CARTESIAN_POINT('',(19.,-41.,3.5));
#21386=CARTESIAN_POINT('',(46.,-40.6,3.5));
#21387=CARTESIAN_POINT('',(19.,-40.2,3.5));
#21388=CARTESIAN_POINT('',(46.,-39.8,3.5));
#21389=CARTESIAN_POINT('',(19.,-39.4,3.5));
#21390=CARTESIAN_POINT('',(46.,-39.,3.5));
#21391=CARTESIAN_POINT('',(19.,-38.6,3.5));
#21392=CARTESIAN_POINT('',(46.,-38.2,3.5));
#21393=CARTESIAN_POINT('',(19.,-37.8,3.5));
#21394=CARTESIAN_POINT('',(46.,-37.4,3.5));
#21395=CARTESIAN_POINT('',(19.,-37.,3.5));
#21396=CARTESIAN_POINT('',(46.,-36.6,3.5));
#21397=CARTESIAN_POINT('',(19.,-36.2,3.5));
#21398=CARTESIAN_POINT('',(46.,-35.8,3.5));
#21399=CARTESIAN_POINT('',(19.,-35.4,3.5));
#21400=CARTESIAN_POINT('',(46.,-35.,3.5));
#21401=CARTESIAN_POINT('',(19.,-34.6,3.5));
#21402=CARTESIAN_POINT('',(46.,-34.2,3.5));
#21403=CARTESIAN_POINT('',(19.,-33.8,3.5));
#21404=CARTESIAN_POINT('',(46.,-33.4,3.5));
#21405=CARTESIAN_POINT('',(19.,-33.,3.5));
#21406=CARTESIAN_POINT('',(46.,-32.6,3.5));
#21407=CARTESIAN_POINT('',(19.,-32.2,3.5));
#21408=CARTESIAN_POINT('',(46.,-31.8,3.5));
#21409=CARTESIAN_POINT('',(19.,-31.4,3.5));
#21410=CARTESIAN_POINT('',(46.,-31.,3.5));
#21411=CARTESIAN_POINT('',(19.,-30.6,3.5));
#21412=CARTESIAN_POINT('',(46.,-30.2,3.5));
#21413=CARTESIAN_POINT('',(19.,-29.8,3.5));
#21414=CARTESIAN_POINT('',(46.,-29.4,3.5));
#21415=CARTESIAN_POINT('',(19.,-29.,3.5));
#21416=CARTESIAN_POINT('',(46.,-28.6,3.5));
#21417=CARTESIAN_POINT('',(19.,-28.2,3.5));
#21418=CARTESIAN_POINT('',(46.,-27.8,3.5));
#21419=CARTESIAN_POINT('',(19.,-27.4,3.5));
#21420=CARTESIAN_POINT('',(46.,-27.,3.5));
#21421=CARTESIAN_POINT('',(19.,-26.6,3.5));
#21422=CARTESIAN_POINT('',(46.,-26.2,3.5));
#21423=CARTESIAN_POINT('',(19.,-25.8,3.5));
#21424=CARTESIAN_POINT('',(46.,-25.4,3.5));
#21425=CARTESIAN_POINT('',(19.,-25.,3.5));
#21426=CARTESIAN_POINT('',(46.,-24.6,3.5));
#21427=CARTESIAN_POINT('',(19.,-24.2,3.5));
#21428=CARTESIAN_POINT('',(76.,-51.,3.5));
#21429=CARTESIAN_POINT('',(49.,-50.6,3.5));
#21430=CARTESIAN_POINT('',(76.,-50.2,3.5));
#21431=CARTESIAN_POINT('',(49.,-49.8,3.5));
#21432=CARTESIAN_POINT('',(76.,-49.4,3.5));
#21433=CARTESIAN_POINT('',(49.,-49.,3.5));
#21434=CARTESIAN_POINT('',(76.,-48.6,3.5));
#21435=CARTESIAN_POINT('',(49.,-48.2,3.5));
#21436=CARTESIAN_POINT('',(76.,-47.8,3.5));
#21437=CARTESIAN_POINT('',(49.,-47.4,3.5));
#21438=CARTESIAN_POINT('',(76.,-47.,3.5));
#21439=CARTESIAN_POINT('',(49.,-46.6,3.5));
#21440=CARTESIAN_POINT('',(76.,-46.2,3.5));
#21441=CARTESIAN_POINT('',(49.,-45.8,3.5));
#21442=CARTESIAN_POINT('',(76.,-45.4,3.5));
#21443=CARTESIAN_POINT('',(49.,-45.,3.5));
#21444=CARTESIAN_POINT('',(76.,-44.6,3.5));
#21445=CARTESIAN_POINT('',(49.,-44.2,3.5));
#21446=CARTESIAN_POINT('',(76.,-43.8,3.5));
#21447=CARTESIAN_POINT('',(49.,-43.4,3.5));
#21448=CARTESIAN_POINT('',(76.,-43.,3.5));
#21449=CARTESIAN_POINT('',(49.,-42.6,3.5));
#21450=CARTESIAN_POINT('',(49.,-41.8,3.5));
#21451=CARTESIAN_POINT('',(76.,-42.2,3.5));
#21452=CARTESIAN_POINT('',(49.,-41.,3.5));
#21453=CARTESIAN_POINT('',(76.,-41.4,3.5));
#21454=CARTESIAN_POINT('',(49.,-40.2,3.5));
#21455=CARTESIAN_POINT('',(76.,-40.6,3.5));
#21456=CARTESIAN_POINT('',(49.,-39.4,3.5));
#21457=CARTESIAN_POINT('',(76.,-39.8,3.5));
#21458=CARTESIAN_POINT('',(49.,-38.6,3.5));
#21459=CARTESIAN_POINT('',(76.,-39.,3.5));
#21460=CARTESIAN_POINT('',(49.,-37.8,3.5));
#21461=CARTESIAN_POINT('',(76.,-38.2,3.5));
#21462=CARTESIAN_POINT('',(49.,-37.,3.5));
#21463=CARTESIAN_POINT('',(76.,-37.4,3.5));
#21464=CARTESIAN_POINT('',(49.,-36.2,3.5));
#21465=CARTESIAN_POINT('',(76.,-36.6,3.5));
#21466=CARTESIAN_POINT('',(49.,-35.4,3.5));
#21467=CARTESIAN_POINT('',(76.,-35.8,3.5));
#21468=CARTESIAN_POINT('',(49.,-34.6,3.5));
#21469=CARTESIAN_POINT('',(76.,-35.,3.5));
#21470=CARTESIAN_POINT('',(49.,-33.8,3.5));
#21471=CARTESIAN_POINT('',(76.,-34.2,3.5));
#21472=CARTESIAN_POINT('',(49.,-33.,3.5));
#21473=CARTESIAN_POINT('',(76.,-33.4,3.5));
#21474=CARTESIAN_POINT('',(49.,-32.2,3.5));
#21475=CARTESIAN_POINT('',(76.,-32.6,3.5));
#21476=CARTESIAN_POINT('',(49.,-31.4,3.5));
#21477=CARTESIAN_POINT('',(76.,-31.8,3.5));
#21478=CARTESIAN_POINT('',(49.,-30.6,3.5));
#21479=CARTESIAN_POINT('',(76.,-31.,3.5));
#21480=CARTESIAN_POINT('',(49.,-29.8,3.5));
#21481=CARTESIAN_POINT('',(76.,-30.2,3.5));
#21482=CARTESIAN_POINT('',(49.,-29.,3.5));
#21483=CARTESIAN_POINT('',(76.,-29.4,3.5));
#21484=CARTESIAN_POINT('',(49.,-28.2,3.5));
#21485=CARTESIAN_POINT('',(76.,-28.6,3.5));
#21486=CARTESIAN_POINT('',(49.,-27.4,3.5));
#21487=CARTESIAN_POINT('',(76.,-27.8,3.5));
#21488=CARTESIAN_POINT('',(49.,-26.6,3.5));
#21489=CARTESIAN_POINT('',(76.,-27.,3.5));
#21490=CARTESIAN_POINT('',(49.,-25.8,3.5));
#21491=CARTESIAN_POINT('',(76.,-26.2,3.5));
#21492=CARTESIAN_POINT('',(49.,-25.,3.5));
#21493=CARTESIAN_POINT('',(76.,-25.4,3.5));
#21494=CARTESIAN_POINT('',(49.,-24.2,3.5));
#21495=CARTESIAN_POINT('',(76.,-24.6,3.5));
#21496=CARTESIAN_POINT('',(71.,-62.5,3.5));
#21497=CARTESIAN_POINT('',(71.,-62.5,3.5));
#21498=CARTESIAN_POINT('',(78.,-62.5,3.5));
#21499=CARTESIAN_POINT('',(78.,-12.5,3.5));
#21500=CARTESIAN_POINT('',(78.,-12.5,3.5));
#21501=CARTESIAN_POINT('',(78.9,-12.5,3.5));
#21502=CARTESIAN_POINT('',(71.,-12.5,3.5));
#21503=CARTESIAN_POINT('',(71.,-1.99999999999999,3.5));
#21504=CARTESIAN_POINT('',(71.,-2.,3.5));
#21505=CARTESIAN_POINT('',(24.,-1.99999999999999,3.5));
#21506=CARTESIAN_POINT('',(24.,-1.99999999999999,3.5));
#21507=CARTESIAN_POINT('',(24.,-12.5577647921214,3.5));
#21508=CARTESIAN_POINT('',(24.,-12.5,3.5));
#21509=CARTESIAN_POINT('',(19.,-12.5,3.5));
#21510=CARTESIAN_POINT('',(17.,-12.5,3.5));
#21511=CARTESIAN_POINT('',(17.,-12.5,3.5));
#21512=CARTESIAN_POINT('',(17.,-62.5,3.5));
#21513=CARTESIAN_POINT('',(19.,-62.5,3.5));
#21514=CARTESIAN_POINT('',(24.,-62.5,3.5));
#21515=CARTESIAN_POINT('',(24.,-62.5,3.5));
#21516=CARTESIAN_POINT('',(24.,-73.,3.5));
#21517=CARTESIAN_POINT('',(24.,-73.,3.5));
#21518=CARTESIAN_POINT('',(71.,-73.,3.5));
#21519=CARTESIAN_POINT('',(71.,-73.,3.5));
#21520=CARTESIAN_POINT('',(76.,-23.8,3.5));
#21521=CARTESIAN_POINT('',(19.,-23.4,3.5));
#21522=CARTESIAN_POINT('',(46.,-23.8,3.5));
#21523=CARTESIAN_POINT('',(46.,-23.8,3.5));
#21524=CARTESIAN_POINT('',(19.,-23.8,3.5));
#21525=CARTESIAN_POINT('',(19.,-62.5,3.5));
#21526=CARTESIAN_POINT('',(19.,-23.4,3.5));
#21527=CARTESIAN_POINT('',(19.,-23.4,3.5));
#21528=CARTESIAN_POINT('',(46.,-23.4,3.5));
#21529=CARTESIAN_POINT('',(46.,-52.9,3.5));
#21530=CARTESIAN_POINT('',(0.,0.,3.5));
#21531=CARTESIAN_POINT('',(78.9,-12.5,5.5));
#21532=CARTESIAN_POINT('',(78.9,-12.5,5.5));
#21533=CARTESIAN_POINT('',(78.,-12.5,5.5));
#21534=CARTESIAN_POINT('',(78.,-12.5,5.5));
#21535=CARTESIAN_POINT('',(78.,-62.5,5.5));
#21536=CARTESIAN_POINT('',(76.,-62.5,5.5));
#21537=CARTESIAN_POINT('',(78.9,-62.5,5.5));
#21538=CARTESIAN_POINT('',(78.9,-62.5,5.5));
#21539=CARTESIAN_POINT('',(0.,0.,5.5));
#21540=CARTESIAN_POINT('',(19.,-23.8,3.5));
#21541=CARTESIAN_POINT('',(19.,-23.8,2.));
#21542=CARTESIAN_POINT('',(19.,-62.5,2.));
#21543=CARTESIAN_POINT('',(19.,-23.4,2.));
#21544=CARTESIAN_POINT('',(19.,-23.4,3.5));
#21545=CARTESIAN_POINT('',(19.,-62.5,5.));
#21546=CARTESIAN_POINT('',(17.,-12.5,3.5));
#21547=CARTESIAN_POINT('',(17.,-12.5,5.5));
#21548=CARTESIAN_POINT('',(24.,-12.5,3.5));
#21549=CARTESIAN_POINT('',(24.,-12.5,2.));
#21550=CARTESIAN_POINT('',(19.,-12.5,2.));
#21551=CARTESIAN_POINT('',(16.1,-12.5,2.));
#21552=CARTESIAN_POINT('',(16.1,-12.5,5.));
#21553=CARTESIAN_POINT('',(16.1,-12.5,5.5));
#21554=CARTESIAN_POINT('',(19.,-12.5,5.5));
#21555=CARTESIAN_POINT('',(19.,-12.5,5.));
#21556=CARTESIAN_POINT('',(46.,-23.8,3.5));
#21557=CARTESIAN_POINT('',(46.,-23.8,2.));
#21558=CARTESIAN_POINT('',(46.,-23.4,3.5));
#21559=CARTESIAN_POINT('',(46.,-23.4,2.));
#21560=CARTESIAN_POINT('',(46.,-52.9,2.));
#21561=CARTESIAN_POINT('',(46.,-52.9,3.5));
#21562=CARTESIAN_POINT('',(92.1,-62.5,2.));
#21563=CARTESIAN_POINT('',(92.1,-62.5,2.));
#21564=CARTESIAN_POINT('',(92.1,-12.5,2.));
#21565=CARTESIAN_POINT('',(92.1,-12.5,2.));
#21566=CARTESIAN_POINT('',(92.4,-12.5,2.));
#21567=CARTESIAN_POINT('',(92.4,-12.5,2.));
#21568=CARTESIAN_POINT('',(92.4,-62.5,2.));
#21569=CARTESIAN_POINT('',(92.4,-62.5,2.));
#21570=CARTESIAN_POINT('',(91.2,-62.5,2.));
#21571=CARTESIAN_POINT('',(91.2,-62.5,2.));
#21572=CARTESIAN_POINT('',(91.2,-12.5,2.));
#21573=CARTESIAN_POINT('',(91.2,-12.5,2.));
#21574=CARTESIAN_POINT('',(91.5,-12.5,2.));
#21575=CARTESIAN_POINT('',(91.5,-12.5,2.));
#21576=CARTESIAN_POINT('',(91.5,-62.5,2.));
#21577=CARTESIAN_POINT('',(91.5,-62.5,2.));
#21578=CARTESIAN_POINT('',(90.3,-62.5,2.));
#21579=CARTESIAN_POINT('',(90.3,-62.5,2.));
#21580=CARTESIAN_POINT('',(90.3,-12.5,2.));
#21581=CARTESIAN_POINT('',(90.3,-12.5,2.));
#21582=CARTESIAN_POINT('',(90.6,-12.5,2.));
#21583=CARTESIAN_POINT('',(90.6,-12.5,2.));
#21584=CARTESIAN_POINT('',(90.6,-62.5,2.));
#21585=CARTESIAN_POINT('',(90.6,-62.5,2.));
#21586=CARTESIAN_POINT('',(89.4,-62.5,2.));
#21587=CARTESIAN_POINT('',(89.4,-62.5,2.));
#21588=CARTESIAN_POINT('',(89.4,-12.5,2.));
#21589=CARTESIAN_POINT('',(89.4,-12.5,2.));
#21590=CARTESIAN_POINT('',(89.7,-12.5,2.));
#21591=CARTESIAN_POINT('',(89.7,-12.5,2.));
#21592=CARTESIAN_POINT('',(89.7,-62.5,2.));
#21593=CARTESIAN_POINT('',(89.7,-62.5,2.));
#21594=CARTESIAN_POINT('',(88.5,-62.5,2.));
#21595=CARTESIAN_POINT('',(88.5,-62.5,2.));
#21596=CARTESIAN_POINT('',(88.5,-12.5,2.));
#21597=CARTESIAN_POINT('',(88.5,-12.5,2.));
#21598=CARTESIAN_POINT('',(88.8,-12.5,2.));
#21599=CARTESIAN_POINT('',(88.8,-12.5,2.));
#21600=CARTESIAN_POINT('',(88.8,-62.5,2.));
#21601=CARTESIAN_POINT('',(88.8,-62.5,2.));
#21602=CARTESIAN_POINT('',(87.6,-62.5,2.));
#21603=CARTESIAN_POINT('',(87.6,-62.5,2.));
#21604=CARTESIAN_POINT('',(87.6,-12.5,2.));
#21605=CARTESIAN_POINT('',(87.6,-12.5,2.));
#21606=CARTESIAN_POINT('',(87.9,-12.5,2.));
#21607=CARTESIAN_POINT('',(87.9,-12.5,2.));
#21608=CARTESIAN_POINT('',(87.9,-62.5,2.));
#21609=CARTESIAN_POINT('',(87.9,-62.5,2.));
#21610=CARTESIAN_POINT('',(86.7,-62.5,2.));
#21611=CARTESIAN_POINT('',(86.7,-62.5,2.));
#21612=CARTESIAN_POINT('',(86.7,-12.5,2.));
#21613=CARTESIAN_POINT('',(86.7,-12.5,2.));
#21614=CARTESIAN_POINT('',(87.,-12.5,2.));
#21615=CARTESIAN_POINT('',(87.,-12.5,2.));
#21616=CARTESIAN_POINT('',(87.,-62.5,2.));
#21617=CARTESIAN_POINT('',(87.,-62.5,2.));
#21618=CARTESIAN_POINT('',(85.8,-62.5,2.));
#21619=CARTESIAN_POINT('',(85.8,-62.5,2.));
#21620=CARTESIAN_POINT('',(85.8,-12.5,2.));
#21621=CARTESIAN_POINT('',(85.8,-12.5,2.));
#21622=CARTESIAN_POINT('',(86.1,-12.5,2.));
#21623=CARTESIAN_POINT('',(86.1,-12.5,2.));
#21624=CARTESIAN_POINT('',(86.1,-62.5,2.));
#21625=CARTESIAN_POINT('',(86.1,-62.5,2.));
#21626=CARTESIAN_POINT('',(84.9,-62.5,2.));
#21627=CARTESIAN_POINT('',(84.9,-62.5,2.));
#21628=CARTESIAN_POINT('',(84.9,-12.5,2.));
#21629=CARTESIAN_POINT('',(84.9,-12.5,2.));
#21630=CARTESIAN_POINT('',(85.2,-12.5,2.));
#21631=CARTESIAN_POINT('',(85.2,-12.5,2.));
#21632=CARTESIAN_POINT('',(85.2,-62.5,2.));
#21633=CARTESIAN_POINT('',(85.2,-62.5,2.));
#21634=CARTESIAN_POINT('',(84.,-62.5,2.));
#21635=CARTESIAN_POINT('',(84.,-62.5,2.));
#21636=CARTESIAN_POINT('',(84.,-12.5,2.));
#21637=CARTESIAN_POINT('',(84.,-12.5,2.));
#21638=CARTESIAN_POINT('',(84.3,-12.5,2.));
#21639=CARTESIAN_POINT('',(84.3,-12.5,2.));
#21640=CARTESIAN_POINT('',(84.3,-62.5,2.));
#21641=CARTESIAN_POINT('',(84.3,-62.5,2.));
#21642=CARTESIAN_POINT('',(83.1,-62.5,2.));
#21643=CARTESIAN_POINT('',(83.1,-62.5,2.));
#21644=CARTESIAN_POINT('',(83.1,-12.5,2.));
#21645=CARTESIAN_POINT('',(83.1,-12.5,2.));
#21646=CARTESIAN_POINT('',(83.4,-12.5,2.));
#21647=CARTESIAN_POINT('',(83.4,-12.5,2.));
#21648=CARTESIAN_POINT('',(83.4,-62.5,2.));
#21649=CARTESIAN_POINT('',(83.4,-62.5,2.));
#21650=CARTESIAN_POINT('',(82.2,-62.5,2.));
#21651=CARTESIAN_POINT('',(82.2,-62.5,2.));
#21652=CARTESIAN_POINT('',(82.5,-62.5,2.));
#21653=CARTESIAN_POINT('',(82.2,-12.5,2.));
#21654=CARTESIAN_POINT('',(82.2,-12.5,2.));
#21655=CARTESIAN_POINT('',(82.5,-12.5,2.));
#21656=CARTESIAN_POINT('',(82.5,-12.5,2.));
#21657=CARTESIAN_POINT('',(82.5,-62.5,2.));
#21658=CARTESIAN_POINT('',(81.3,-62.5,2.));
#21659=CARTESIAN_POINT('',(81.3,-62.5,2.));
#21660=CARTESIAN_POINT('',(81.6,-62.5,2.));
#21661=CARTESIAN_POINT('',(81.3,-12.5,2.));
#21662=CARTESIAN_POINT('',(81.3,-12.5,2.));
#21663=CARTESIAN_POINT('',(81.6,-12.5,2.));
#21664=CARTESIAN_POINT('',(81.6,-12.5,2.));
#21665=CARTESIAN_POINT('',(81.6,-62.5,2.));
#21666=CARTESIAN_POINT('',(80.4,-62.5,2.));
#21667=CARTESIAN_POINT('',(80.4,-62.5,2.));
#21668=CARTESIAN_POINT('',(80.7,-62.5,2.));
#21669=CARTESIAN_POINT('',(80.4,-12.5,2.));
#21670=CARTESIAN_POINT('',(80.4,-12.5,2.));
#21671=CARTESIAN_POINT('',(80.7,-12.5,2.));
#21672=CARTESIAN_POINT('',(80.7,-12.5,2.));
#21673=CARTESIAN_POINT('',(80.7,-62.5,2.));
#21674=CARTESIAN_POINT('',(79.5,-62.5,2.));
#21675=CARTESIAN_POINT('',(79.5,-62.5,2.));
#21676=CARTESIAN_POINT('',(79.8,-62.5,2.));
#21677=CARTESIAN_POINT('',(79.5,-12.5,2.));
#21678=CARTESIAN_POINT('',(79.5,-12.5,2.));
#21679=CARTESIAN_POINT('',(79.8,-12.5,2.));
#21680=CARTESIAN_POINT('',(79.8,-12.5,2.));
#21681=CARTESIAN_POINT('',(79.8,-62.5,2.));
#21682=CARTESIAN_POINT('',(76.,-62.5,2.));
#21683=CARTESIAN_POINT('',(71.,-62.5,2.));
#21684=CARTESIAN_POINT('',(78.9,-62.5,2.));
#21685=CARTESIAN_POINT('',(71.,-73.,2.));
#21686=CARTESIAN_POINT('',(71.,-73.,2.));
#21687=CARTESIAN_POINT('',(93.,-73.,2.));
#21688=CARTESIAN_POINT('',(93.,-73.,2.));
#21689=CARTESIAN_POINT('',(93.,-2.,2.));
#21690=CARTESIAN_POINT('',(93.,-2.,2.));
#21691=CARTESIAN_POINT('',(2.,-2.,2.));
#21692=CARTESIAN_POINT('',(71.,-2.,2.));
#21693=CARTESIAN_POINT('',(71.,-1.99999999999999,2.));
#21694=CARTESIAN_POINT('',(71.,-12.5,2.));
#21695=CARTESIAN_POINT('',(78.9,-12.5,2.));
#21696=CARTESIAN_POINT('',(78.9,-12.5,2.));
#21697=CARTESIAN_POINT('',(78.9,-62.5,2.));
#21698=CARTESIAN_POINT('',(0.,0.,2.));
#21699=CARTESIAN_POINT('',(2.60000000000001,-62.5,2.));
#21700=CARTESIAN_POINT('',(2.60000000000001,-62.5,2.));
#21701=CARTESIAN_POINT('',(2.60000000000001,-12.5,2.));
#21702=CARTESIAN_POINT('',(2.60000000000001,-12.5,2.));
#21703=CARTESIAN_POINT('',(2.90000000000001,-12.5,2.));
#21704=CARTESIAN_POINT('',(2.90000000000001,-12.5,2.));
#21705=CARTESIAN_POINT('',(2.90000000000001,-62.5,2.));
#21706=CARTESIAN_POINT('',(2.90000000000001,-62.5,2.));
#21707=CARTESIAN_POINT('',(3.50000000000001,-62.5,2.));
#21708=CARTESIAN_POINT('',(3.50000000000001,-62.5,2.));
#21709=CARTESIAN_POINT('',(3.50000000000001,-12.5,2.));
#21710=CARTESIAN_POINT('',(3.50000000000001,-12.5,2.));
#21711=CARTESIAN_POINT('',(3.80000000000001,-12.5,2.));
#21712=CARTESIAN_POINT('',(3.80000000000001,-12.5,2.));
#21713=CARTESIAN_POINT('',(3.80000000000001,-62.5,2.));
#21714=CARTESIAN_POINT('',(3.80000000000001,-62.5,2.));
#21715=CARTESIAN_POINT('',(4.40000000000001,-62.5,2.));
#21716=CARTESIAN_POINT('',(4.40000000000001,-62.5,2.));
#21717=CARTESIAN_POINT('',(4.40000000000001,-12.5,2.));
#21718=CARTESIAN_POINT('',(4.40000000000001,-12.5,2.));
#21719=CARTESIAN_POINT('',(4.7,-12.5,2.));
#21720=CARTESIAN_POINT('',(4.7,-12.5,2.));
#21721=CARTESIAN_POINT('',(4.7,-62.5,2.));
#21722=CARTESIAN_POINT('',(4.7,-62.5,2.));
#21723=CARTESIAN_POINT('',(5.30000000000001,-62.5,2.));
#21724=CARTESIAN_POINT('',(5.30000000000001,-62.5,2.));
#21725=CARTESIAN_POINT('',(5.30000000000001,-12.5,2.));
#21726=CARTESIAN_POINT('',(5.30000000000001,-12.5,2.));
#21727=CARTESIAN_POINT('',(5.60000000000001,-12.5,2.));
#21728=CARTESIAN_POINT('',(5.60000000000001,-12.5,2.));
#21729=CARTESIAN_POINT('',(5.60000000000001,-62.5,2.));
#21730=CARTESIAN_POINT('',(5.60000000000001,-62.5,2.));
#21731=CARTESIAN_POINT('',(6.2,-62.5,2.));
#21732=CARTESIAN_POINT('',(6.2,-62.5,2.));
#21733=CARTESIAN_POINT('',(6.2,-12.5,2.));
#21734=CARTESIAN_POINT('',(6.2,-12.5,2.));
#21735=CARTESIAN_POINT('',(6.5,-12.5,2.));
#21736=CARTESIAN_POINT('',(6.5,-12.5,2.));
#21737=CARTESIAN_POINT('',(6.5,-62.5,2.));
#21738=CARTESIAN_POINT('',(6.5,-62.5,2.));
#21739=CARTESIAN_POINT('',(7.10000000000001,-62.5,2.));
#21740=CARTESIAN_POINT('',(7.10000000000001,-62.5,2.));
#21741=CARTESIAN_POINT('',(7.10000000000001,-12.5,2.));
#21742=CARTESIAN_POINT('',(7.10000000000001,-12.5,2.));
#21743=CARTESIAN_POINT('',(7.40000000000001,-12.5,2.));
#21744=CARTESIAN_POINT('',(7.40000000000001,-12.5,2.));
#21745=CARTESIAN_POINT('',(7.40000000000001,-62.5,2.));
#21746=CARTESIAN_POINT('',(7.40000000000001,-62.5,2.));
#21747=CARTESIAN_POINT('',(8.00000000000001,-62.5,2.));
#21748=CARTESIAN_POINT('',(8.00000000000001,-62.5,2.));
#21749=CARTESIAN_POINT('',(8.00000000000001,-12.5,2.));
#21750=CARTESIAN_POINT('',(8.00000000000001,-12.5,2.));
#21751=CARTESIAN_POINT('',(8.30000000000001,-12.5,2.));
#21752=CARTESIAN_POINT('',(8.30000000000001,-12.5,2.));
#21753=CARTESIAN_POINT('',(8.30000000000001,-62.5,2.));
#21754=CARTESIAN_POINT('',(8.30000000000001,-62.5,2.));
#21755=CARTESIAN_POINT('',(8.90000000000001,-62.5,2.));
#21756=CARTESIAN_POINT('',(8.90000000000001,-62.5,2.));
#21757=CARTESIAN_POINT('',(8.90000000000001,-12.5,2.));
#21758=CARTESIAN_POINT('',(8.90000000000001,-12.5,2.));
#21759=CARTESIAN_POINT('',(9.2,-12.5,2.));
#21760=CARTESIAN_POINT('',(9.2,-12.5,2.));
#21761=CARTESIAN_POINT('',(9.2,-62.5,2.));
#21762=CARTESIAN_POINT('',(9.2,-62.5,2.));
#21763=CARTESIAN_POINT('',(9.80000000000001,-62.5,2.));
#21764=CARTESIAN_POINT('',(9.80000000000001,-62.5,2.));
#21765=CARTESIAN_POINT('',(9.80000000000001,-12.5,2.));
#21766=CARTESIAN_POINT('',(9.80000000000001,-12.5,2.));
#21767=CARTESIAN_POINT('',(10.1,-12.5,2.));
#21768=CARTESIAN_POINT('',(10.1,-12.5,2.));
#21769=CARTESIAN_POINT('',(10.1,-62.5,2.));
#21770=CARTESIAN_POINT('',(10.1,-62.5,2.));
#21771=CARTESIAN_POINT('',(10.7,-62.5,2.));
#21772=CARTESIAN_POINT('',(10.7,-62.5,2.));
#21773=CARTESIAN_POINT('',(10.7,-12.5,2.));
#21774=CARTESIAN_POINT('',(10.7,-12.5,2.));
#21775=CARTESIAN_POINT('',(11.,-12.5,2.));
#21776=CARTESIAN_POINT('',(11.,-12.5,2.));
#21777=CARTESIAN_POINT('',(11.,-62.5,2.));
#21778=CARTESIAN_POINT('',(11.,-62.5,2.));
#21779=CARTESIAN_POINT('',(11.6,-62.5,2.));
#21780=CARTESIAN_POINT('',(11.6,-62.5,2.));
#21781=CARTESIAN_POINT('',(11.6,-12.5,2.));
#21782=CARTESIAN_POINT('',(11.6,-12.5,2.));
#21783=CARTESIAN_POINT('',(11.9,-12.5,2.));
#21784=CARTESIAN_POINT('',(11.9,-12.5,2.));
#21785=CARTESIAN_POINT('',(11.9,-62.5,2.));
#21786=CARTESIAN_POINT('',(11.9,-62.5,2.));
#21787=CARTESIAN_POINT('',(12.5,-62.5,2.));
#21788=CARTESIAN_POINT('',(12.5,-62.5,2.));
#21789=CARTESIAN_POINT('',(12.5,-12.5,2.));
#21790=CARTESIAN_POINT('',(12.5,-12.5,2.));
#21791=CARTESIAN_POINT('',(12.8,-12.5,2.));
#21792=CARTESIAN_POINT('',(12.8,-12.5,2.));
#21793=CARTESIAN_POINT('',(12.8,-62.5,2.));
#21794=CARTESIAN_POINT('',(12.8,-62.5,2.));
#21795=CARTESIAN_POINT('',(13.4,-62.5,2.));
#21796=CARTESIAN_POINT('',(13.4,-62.5,2.));
#21797=CARTESIAN_POINT('',(13.4,-12.5,2.));
#21798=CARTESIAN_POINT('',(13.4,-12.5,2.));
#21799=CARTESIAN_POINT('',(13.7,-12.5,2.));
#21800=CARTESIAN_POINT('',(13.7,-12.5,2.));
#21801=CARTESIAN_POINT('',(13.7,-62.5,2.));
#21802=CARTESIAN_POINT('',(13.7,-62.5,2.));
#21803=CARTESIAN_POINT('',(14.3,-62.5,2.));
#21804=CARTESIAN_POINT('',(14.3,-62.5,2.));
#21805=CARTESIAN_POINT('',(14.3,-12.5,2.));
#21806=CARTESIAN_POINT('',(14.3,-12.5,2.));
#21807=CARTESIAN_POINT('',(14.6,-12.5,2.));
#21808=CARTESIAN_POINT('',(14.6,-12.5,2.));
#21809=CARTESIAN_POINT('',(14.6,-62.5,2.));
#21810=CARTESIAN_POINT('',(14.6,-62.5,2.));
#21811=CARTESIAN_POINT('',(15.2,-62.5,2.));
#21812=CARTESIAN_POINT('',(15.2,-62.5,2.));
#21813=CARTESIAN_POINT('',(15.2,-12.5,2.));
#21814=CARTESIAN_POINT('',(15.2,-12.5,2.));
#21815=CARTESIAN_POINT('',(15.5,-12.5,2.));
#21816=CARTESIAN_POINT('',(15.5,-12.5,2.));
#21817=CARTESIAN_POINT('',(15.5,-62.5,2.));
#21818=CARTESIAN_POINT('',(15.5,-62.5,2.));
#21819=CARTESIAN_POINT('',(93.,-73.,2.));
#21820=CARTESIAN_POINT('',(24.,-73.,2.));
#21821=CARTESIAN_POINT('',(2.,-73.,2.));
#21822=CARTESIAN_POINT('',(24.,-62.5,2.));
#21823=CARTESIAN_POINT('',(24.,-62.5,2.));
#21824=CARTESIAN_POINT('',(16.1,-62.5,2.));
#21825=CARTESIAN_POINT('',(16.1,-62.5,2.));
#21826=CARTESIAN_POINT('',(16.1,-12.5,2.));
#21827=CARTESIAN_POINT('',(24.,-12.5577647921214,2.));
#21828=CARTESIAN_POINT('',(24.,-2.,2.));
#21829=CARTESIAN_POINT('',(2.,-2.,2.));
#21830=CARTESIAN_POINT('',(2.,-2.,2.));
#21831=CARTESIAN_POINT('',(2.,-73.,2.));
#21832=CARTESIAN_POINT('',(0.,0.,2.));
#21833=CARTESIAN_POINT('',(71.,-73.,3.5));
#21834=CARTESIAN_POINT('',(24.,-73.,3.5));
#21835=CARTESIAN_POINT('',(2.,-73.,5.));
#21836=CARTESIAN_POINT('',(2.,-73.,5.5));
#21837=CARTESIAN_POINT('',(93.,-73.,5.5));
#21838=CARTESIAN_POINT('',(93.,-73.,5.5));
#21839=CARTESIAN_POINT('',(93.,-73.,5.));
#21840=CARTESIAN_POINT('',(93.,-73.,5.));
#21841=CARTESIAN_POINT('',(24.,-1.99999999999999,3.5));
#21842=CARTESIAN_POINT('',(71.,-1.99999999999999,3.5));
#21843=CARTESIAN_POINT('',(93.,-2.,5.));
#21844=CARTESIAN_POINT('',(93.,-2.,5.5));
#21845=CARTESIAN_POINT('',(2.,-2.,5.5));
#21846=CARTESIAN_POINT('',(2.,-2.,5.5));
#21847=CARTESIAN_POINT('',(2.,-2.,5.));
#21848=CARTESIAN_POINT('',(2.,-2.,5.));
#21849=CARTESIAN_POINT('',(76.,-23.8,2.));
#21850=CARTESIAN_POINT('',(19.,-23.4,2.));
#21851=CARTESIAN_POINT('',(0.,0.,2.));
#21852=CARTESIAN_POINT('',(46.,-23.8,2.));
#21853=CARTESIAN_POINT('',(19.,-23.4,2.));
#21854=CARTESIAN_POINT('',(0.,0.,2.));
#21855=CARTESIAN_POINT('',(79.,-49.5,0.));
#21856=CARTESIAN_POINT('',(79.,-49.5,0.));
#21857=CARTESIAN_POINT('',(79.,-59.5,0.));
#21858=CARTESIAN_POINT('',(79.,-59.5,0.));
#21859=CARTESIAN_POINT('',(90.,-59.5,0.));
#21860=CARTESIAN_POINT('',(90.,-59.5,0.));
#21861=CARTESIAN_POINT('',(90.,-49.5,0.));
#21862=CARTESIAN_POINT('',(90.,-49.5,0.));
#21863=CARTESIAN_POINT('',(79.,-25.5,0.));
#21864=CARTESIAN_POINT('',(79.,-25.5,0.));
#21865=CARTESIAN_POINT('',(79.,-35.5,0.));
#21866=CARTESIAN_POINT('',(79.,-35.5,0.));
#21867=CARTESIAN_POINT('',(90.,-35.5,0.));
#21868=CARTESIAN_POINT('',(90.,-35.5,0.));
#21869=CARTESIAN_POINT('',(90.,-25.5,0.));
#21870=CARTESIAN_POINT('',(90.,-25.5,0.));
#21871=CARTESIAN_POINT('',(5.,-25.5,0.));
#21872=CARTESIAN_POINT('',(5.,-25.5,0.));
#21873=CARTESIAN_POINT('',(5.,-35.5,0.));
#21874=CARTESIAN_POINT('',(5.,-35.5,0.));
#21875=CARTESIAN_POINT('',(16.,-35.5,0.));
#21876=CARTESIAN_POINT('',(16.,-35.5,0.));
#21877=CARTESIAN_POINT('',(16.,-25.5,0.));
#21878=CARTESIAN_POINT('',(16.,-25.5,0.));
#21879=CARTESIAN_POINT('',(19.,-23.5,0.));
#21880=CARTESIAN_POINT('',(19.,-23.5,0.));
#21881=CARTESIAN_POINT('',(19.,-51.5,0.));
#21882=CARTESIAN_POINT('',(19.,-51.5,0.));
#21883=CARTESIAN_POINT('',(46.,-51.5,0.));
#21884=CARTESIAN_POINT('',(46.,-51.5,0.));
#21885=CARTESIAN_POINT('',(46.,-23.5,0.));
#21886=CARTESIAN_POINT('',(46.,-23.5,0.));
#21887=CARTESIAN_POINT('',(79.,-13.5,0.));
#21888=CARTESIAN_POINT('',(79.,-13.5,0.));
#21889=CARTESIAN_POINT('',(79.,-23.5,0.));
#21890=CARTESIAN_POINT('',(79.,-23.5,0.));
#21891=CARTESIAN_POINT('',(90.,-23.5,0.));
#21892=CARTESIAN_POINT('',(90.,-23.5,0.));
#21893=CARTESIAN_POINT('',(90.,-13.5,0.));
#21894=CARTESIAN_POINT('',(90.,-13.5,0.));
#21895=CARTESIAN_POINT('',(0.,0.,0.));
#21896=CARTESIAN_POINT('',(0.,0.,0.));
#21897=CARTESIAN_POINT('',(0.,-75.,0.));
#21898=CARTESIAN_POINT('',(95.,0.,0.));
#21899=CARTESIAN_POINT('',(95.,0.,0.));
#21900=CARTESIAN_POINT('',(95.,-75.,0.));
#21901=CARTESIAN_POINT('',(95.,-75.,0.));
#21902=CARTESIAN_POINT('',(0.,-75.,0.));
#21903=CARTESIAN_POINT('',(5.,-49.5,0.));
#21904=CARTESIAN_POINT('',(5.,-49.5,0.));
#21905=CARTESIAN_POINT('',(5.,-59.5,0.));
#21906=CARTESIAN_POINT('',(5.,-59.5,0.));
#21907=CARTESIAN_POINT('',(16.,-59.5,0.));
#21908=CARTESIAN_POINT('',(16.,-59.5,0.));
#21909=CARTESIAN_POINT('',(16.,-49.5,0.));
#21910=CARTESIAN_POINT('',(16.,-49.5,0.));
#21911=CARTESIAN_POINT('',(5.,-13.5,0.));
#21912=CARTESIAN_POINT('',(5.,-13.5,0.));
#21913=CARTESIAN_POINT('',(5.,-23.5,0.));
#21914=CARTESIAN_POINT('',(5.,-23.5,0.));
#21915=CARTESIAN_POINT('',(16.,-23.5,0.));
#21916=CARTESIAN_POINT('',(16.,-23.5,0.));
#21917=CARTESIAN_POINT('',(16.,-13.5,0.));
#21918=CARTESIAN_POINT('',(16.,-13.5,0.));
#21919=CARTESIAN_POINT('',(5.,-37.5,0.));
#21920=CARTESIAN_POINT('',(5.,-37.5,0.));
#21921=CARTESIAN_POINT('',(5.,-47.5,0.));
#21922=CARTESIAN_POINT('',(5.,-47.5,0.));
#21923=CARTESIAN_POINT('',(16.,-47.5,0.));
#21924=CARTESIAN_POINT('',(16.,-47.5,0.));
#21925=CARTESIAN_POINT('',(16.,-37.5,0.));
#21926=CARTESIAN_POINT('',(16.,-37.5,0.));
#21927=CARTESIAN_POINT('',(79.,-37.5,0.));
#21928=CARTESIAN_POINT('',(79.,-37.5,0.));
#21929=CARTESIAN_POINT('',(79.,-47.5,0.));
#21930=CARTESIAN_POINT('',(79.,-47.5,0.));
#21931=CARTESIAN_POINT('',(90.,-47.5,0.));
#21932=CARTESIAN_POINT('',(90.,-47.5,0.));
#21933=CARTESIAN_POINT('',(90.,-37.5,0.));
#21934=CARTESIAN_POINT('',(90.,-37.5,0.));
#21935=CARTESIAN_POINT('',(49.,-23.5,0.));
#21936=CARTESIAN_POINT('',(49.,-23.5,0.));
#21937=CARTESIAN_POINT('',(49.,-51.5,0.));
#21938=CARTESIAN_POINT('',(49.,-51.5,0.));
#21939=CARTESIAN_POINT('',(76.,-51.5,0.));
#21940=CARTESIAN_POINT('',(76.,-51.5,0.));
#21941=CARTESIAN_POINT('',(76.,-23.5,0.));
#21942=CARTESIAN_POINT('',(76.,-23.5,0.));
#21943=CARTESIAN_POINT('',(0.,0.,0.));
#21944=CARTESIAN_POINT('',(0.,-75.,2.));
#21945=CARTESIAN_POINT('',(0.,-75.,5.5));
#21946=CARTESIAN_POINT('',(0.,0.,5.5));
#21947=CARTESIAN_POINT('',(0.,0.,5.5));
#21948=CARTESIAN_POINT('',(0.,0.,2.));
#21949=CARTESIAN_POINT('',(0.,0.,2.));
#21950=CARTESIAN_POINT('',(95.,-75.,2.));
#21951=CARTESIAN_POINT('',(95.,-75.,5.5));
#21952=CARTESIAN_POINT('',(0.,-75.,5.5));
#21953=CARTESIAN_POINT('',(0.,-75.,2.));
#21954=CARTESIAN_POINT('',(95.,0.,2.));
#21955=CARTESIAN_POINT('',(95.,0.,5.5));
#21956=CARTESIAN_POINT('',(95.,-75.,5.5));
#21957=CARTESIAN_POINT('',(95.,-75.,2.));
#21958=CARTESIAN_POINT('',(95.,0.,5.5));
#21959=CARTESIAN_POINT('',(95.,0.,2.));
#21960=CARTESIAN_POINT('',(79.,-13.5,0.2));
#21961=CARTESIAN_POINT('',(79.,-13.5,0.2));
#21962=CARTESIAN_POINT('',(79.,-13.5,0.2));
#21963=CARTESIAN_POINT('',(79.,-23.5,0.2));
#21964=CARTESIAN_POINT('',(79.,-23.5,0.2));
#21965=CARTESIAN_POINT('',(79.,-13.5,0.2));
#21966=CARTESIAN_POINT('',(79.,-23.5,0.2));
#21967=CARTESIAN_POINT('',(90.,-23.5,0.2));
#21968=CARTESIAN_POINT('',(90.,-23.5,0.2));
#21969=CARTESIAN_POINT('',(79.,-23.5,0.2));
#21970=CARTESIAN_POINT('',(90.,-23.5,0.2));
#21971=CARTESIAN_POINT('',(90.,-13.5,0.2));
#21972=CARTESIAN_POINT('',(90.,-13.5,0.2));
#21973=CARTESIAN_POINT('',(90.,-23.5,0.2));
#21974=CARTESIAN_POINT('',(90.,-13.5,0.2));
#21975=CARTESIAN_POINT('',(90.,-13.5,0.2));
#21976=CARTESIAN_POINT('',(0.,0.,0.2));
#21977=CARTESIAN_POINT('',(5.,-49.5,0.2));
#21978=CARTESIAN_POINT('',(5.,-49.5,0.2));
#21979=CARTESIAN_POINT('',(5.,-49.5,0.2));
#21980=CARTESIAN_POINT('',(5.,-59.5,0.2));
#21981=CARTESIAN_POINT('',(5.,-59.5,0.2));
#21982=CARTESIAN_POINT('',(5.,-49.5,0.2));
#21983=CARTESIAN_POINT('',(5.,-59.5,0.2));
#21984=CARTESIAN_POINT('',(16.,-59.5,0.2));
#21985=CARTESIAN_POINT('',(16.,-59.5,0.2));
#21986=CARTESIAN_POINT('',(5.,-59.5,0.2));
#21987=CARTESIAN_POINT('',(16.,-59.5,0.2));
#21988=CARTESIAN_POINT('',(16.,-49.5,0.2));
#21989=CARTESIAN_POINT('',(16.,-49.5,0.2));
#21990=CARTESIAN_POINT('',(16.,-59.5,0.2));
#21991=CARTESIAN_POINT('',(16.,-49.5,0.2));
#21992=CARTESIAN_POINT('',(16.,-49.5,0.2));
#21993=CARTESIAN_POINT('',(0.,0.,0.2));
#21994=CARTESIAN_POINT('',(19.,-23.5,0.2));
#21995=CARTESIAN_POINT('',(19.,-23.5,0.2));
#21996=CARTESIAN_POINT('',(19.,-23.5,0.2));
#21997=CARTESIAN_POINT('',(19.,-51.5,0.2));
#21998=CARTESIAN_POINT('',(19.,-51.5,0.2));
#21999=CARTESIAN_POINT('',(19.,-23.5,0.2));
#22000=CARTESIAN_POINT('',(19.,-51.5,0.2));
#22001=CARTESIAN_POINT('',(46.,-51.5,0.2));
#22002=CARTESIAN_POINT('',(46.,-51.5,0.2));
#22003=CARTESIAN_POINT('',(19.,-51.5,0.2));
#22004=CARTESIAN_POINT('',(46.,-51.5,0.2));
#22005=CARTESIAN_POINT('',(46.,-23.5,0.2));
#22006=CARTESIAN_POINT('',(46.,-23.5,0.2));
#22007=CARTESIAN_POINT('',(46.,-51.5,0.2));
#22008=CARTESIAN_POINT('',(46.,-23.5,0.2));
#22009=CARTESIAN_POINT('',(46.,-23.5,0.2));
#22010=CARTESIAN_POINT('',(0.,0.,0.2));
#22011=CARTESIAN_POINT('',(5.,-13.5,0.2));
#22012=CARTESIAN_POINT('',(5.,-13.5,0.2));
#22013=CARTESIAN_POINT('',(5.,-13.5,0.2));
#22014=CARTESIAN_POINT('',(5.,-23.5,0.2));
#22015=CARTESIAN_POINT('',(5.,-23.5,0.2));
#22016=CARTESIAN_POINT('',(5.,-13.5,0.2));
#22017=CARTESIAN_POINT('',(5.,-23.5,0.2));
#22018=CARTESIAN_POINT('',(16.,-23.5,0.2));
#22019=CARTESIAN_POINT('',(16.,-23.5,0.2));
#22020=CARTESIAN_POINT('',(5.,-23.5,0.2));
#22021=CARTESIAN_POINT('',(16.,-23.5,0.2));
#22022=CARTESIAN_POINT('',(16.,-13.5,0.2));
#22023=CARTESIAN_POINT('',(16.,-13.5,0.2));
#22024=CARTESIAN_POINT('',(16.,-23.5,0.2));
#22025=CARTESIAN_POINT('',(16.,-13.5,0.2));
#22026=CARTESIAN_POINT('',(16.,-13.5,0.2));
#22027=CARTESIAN_POINT('',(0.,0.,0.2));
#22028=CARTESIAN_POINT('',(5.,-25.5,0.2));
#22029=CARTESIAN_POINT('',(5.,-25.5,0.2));
#22030=CARTESIAN_POINT('',(5.,-25.5,0.2));
#22031=CARTESIAN_POINT('',(5.,-35.5,0.2));
#22032=CARTESIAN_POINT('',(5.,-35.5,0.2));
#22033=CARTESIAN_POINT('',(5.,-25.5,0.2));
#22034=CARTESIAN_POINT('',(5.,-35.5,0.2));
#22035=CARTESIAN_POINT('',(16.,-35.5,0.2));
#22036=CARTESIAN_POINT('',(16.,-35.5,0.2));
#22037=CARTESIAN_POINT('',(5.,-35.5,0.2));
#22038=CARTESIAN_POINT('',(16.,-35.5,0.2));
#22039=CARTESIAN_POINT('',(16.,-25.5,0.2));
#22040=CARTESIAN_POINT('',(16.,-25.5,0.2));
#22041=CARTESIAN_POINT('',(16.,-35.5,0.2));
#22042=CARTESIAN_POINT('',(16.,-25.5,0.2));
#22043=CARTESIAN_POINT('',(16.,-25.5,0.2));
#22044=CARTESIAN_POINT('',(0.,0.,0.2));
#22045=CARTESIAN_POINT('',(5.,-37.5,0.2));
#22046=CARTESIAN_POINT('',(5.,-37.5,0.2));
#22047=CARTESIAN_POINT('',(5.,-37.5,0.2));
#22048=CARTESIAN_POINT('',(5.,-47.5,0.2));
#22049=CARTESIAN_POINT('',(5.,-47.5,0.2));
#22050=CARTESIAN_POINT('',(5.,-37.5,0.2));
#22051=CARTESIAN_POINT('',(5.,-47.5,0.2));
#22052=CARTESIAN_POINT('',(16.,-47.5,0.2));
#22053=CARTESIAN_POINT('',(16.,-47.5,0.2));
#22054=CARTESIAN_POINT('',(5.,-47.5,0.2));
#22055=CARTESIAN_POINT('',(16.,-47.5,0.2));
#22056=CARTESIAN_POINT('',(16.,-37.5,0.2));
#22057=CARTESIAN_POINT('',(16.,-37.5,0.2));
#22058=CARTESIAN_POINT('',(16.,-47.5,0.2));
#22059=CARTESIAN_POINT('',(16.,-37.5,0.2));
#22060=CARTESIAN_POINT('',(16.,-37.5,0.2));
#22061=CARTESIAN_POINT('',(0.,0.,0.2));
#22062=CARTESIAN_POINT('',(79.,-25.5,0.2));
#22063=CARTESIAN_POINT('',(79.,-25.5,0.2));
#22064=CARTESIAN_POINT('',(79.,-25.5,0.2));
#22065=CARTESIAN_POINT('',(79.,-35.5,0.2));
#22066=CARTESIAN_POINT('',(79.,-35.5,0.2));
#22067=CARTESIAN_POINT('',(79.,-25.5,0.2));
#22068=CARTESIAN_POINT('',(79.,-35.5,0.2));
#22069=CARTESIAN_POINT('',(90.,-35.5,0.2));
#22070=CARTESIAN_POINT('',(90.,-35.5,0.2));
#22071=CARTESIAN_POINT('',(79.,-35.5,0.2));
#22072=CARTESIAN_POINT('',(90.,-35.5,0.2));
#22073=CARTESIAN_POINT('',(90.,-25.5,0.2));
#22074=CARTESIAN_POINT('',(90.,-25.5,0.2));
#22075=CARTESIAN_POINT('',(90.,-35.5,0.2));
#22076=CARTESIAN_POINT('',(90.,-25.5,0.2));
#22077=CARTESIAN_POINT('',(90.,-25.5,0.2));
#22078=CARTESIAN_POINT('',(0.,0.,0.2));
#22079=CARTESIAN_POINT('',(79.,-37.5,0.2));
#22080=CARTESIAN_POINT('',(79.,-37.5,0.2));
#22081=CARTESIAN_POINT('',(79.,-37.5,0.2));
#22082=CARTESIAN_POINT('',(79.,-47.5,0.2));
#22083=CARTESIAN_POINT('',(79.,-47.5,0.2));
#22084=CARTESIAN_POINT('',(79.,-37.5,0.2));
#22085=CARTESIAN_POINT('',(79.,-47.5,0.2));
#22086=CARTESIAN_POINT('',(90.,-47.5,0.2));
#22087=CARTESIAN_POINT('',(90.,-47.5,0.2));
#22088=CARTESIAN_POINT('',(79.,-47.5,0.2));
#22089=CARTESIAN_POINT('',(90.,-47.5,0.2));
#22090=CARTESIAN_POINT('',(90.,-37.5,0.2));
#22091=CARTESIAN_POINT('',(90.,-37.5,0.2));
#22092=CARTESIAN_POINT('',(90.,-47.5,0.2));
#22093=CARTESIAN_POINT('',(90.,-37.5,0.2));
#22094=CARTESIAN_POINT('',(90.,-37.5,0.2));
#22095=CARTESIAN_POINT('',(0.,0.,0.2));
#22096=CARTESIAN_POINT('',(79.,-49.5,0.2));
#22097=CARTESIAN_POINT('',(79.,-49.5,0.2));
#22098=CARTESIAN_POINT('',(79.,-49.5,0.2));
#22099=CARTESIAN_POINT('',(79.,-59.5,0.2));
#22100=CARTESIAN_POINT('',(79.,-59.5,0.2));
#22101=CARTESIAN_POINT('',(79.,-49.5,0.2));
#22102=CARTESIAN_POINT('',(79.,-59.5,0.2));
#22103=CARTESIAN_POINT('',(90.,-59.5,0.2));
#22104=CARTESIAN_POINT('',(90.,-59.5,0.2));
#22105=CARTESIAN_POINT('',(79.,-59.5,0.2));
#22106=CARTESIAN_POINT('',(90.,-59.5,0.2));
#22107=CARTESIAN_POINT('',(90.,-49.5,0.2));
#22108=CARTESIAN_POINT('',(90.,-49.5,0.2));
#22109=CARTESIAN_POINT('',(90.,-59.5,0.2));
#22110=CARTESIAN_POINT('',(90.,-49.5,0.2));
#22111=CARTESIAN_POINT('',(90.,-49.5,0.2));
#22112=CARTESIAN_POINT('',(0.,0.,0.2));
#22113=CARTESIAN_POINT('',(49.,-23.5,0.2));
#22114=CARTESIAN_POINT('',(49.,-23.5,0.2));
#22115=CARTESIAN_POINT('',(49.,-23.5,0.2));
#22116=CARTESIAN_POINT('',(49.,-51.5,0.2));
#22117=CARTESIAN_POINT('',(49.,-51.5,0.2));
#22118=CARTESIAN_POINT('',(49.,-23.5,0.2));
#22119=CARTESIAN_POINT('',(49.,-51.5,0.2));
#22120=CARTESIAN_POINT('',(76.,-51.5,0.2));
#22121=CARTESIAN_POINT('',(76.,-51.5,0.2));
#22122=CARTESIAN_POINT('',(49.,-51.5,0.2));
#22123=CARTESIAN_POINT('',(76.,-51.5,0.2));
#22124=CARTESIAN_POINT('',(76.,-23.5,0.2));
#22125=CARTESIAN_POINT('',(76.,-23.5,0.2));
#22126=CARTESIAN_POINT('',(76.,-51.5,0.2));
#22127=CARTESIAN_POINT('',(76.,-23.5,0.2));
#22128=CARTESIAN_POINT('',(76.,-23.5,0.2));
#22129=CARTESIAN_POINT('',(0.,0.,0.2));
#22130=CARTESIAN_POINT('',(2.,-73.,5.5));
#22131=CARTESIAN_POINT('',(2.,-73.,5.));
#22132=CARTESIAN_POINT('',(93.,-2.,5.5));
#22133=CARTESIAN_POINT('',(93.,-2.,5.));
#22134=CARTESIAN_POINT('',(0.,0.,5.5));
#22135=CARTESIAN_POINT('',(2.60000000000001,-62.5,5.));
#22136=CARTESIAN_POINT('',(2.60000000000001,-62.5,5.5));
#22137=CARTESIAN_POINT('',(2.60000000000001,-62.5,5.5));
#22138=CARTESIAN_POINT('',(2.60000000000001,-12.5,5.5));
#22139=CARTESIAN_POINT('',(2.60000000000001,-12.5,5.));
#22140=CARTESIAN_POINT('',(2.60000000000001,-62.5,5.));
#22141=CARTESIAN_POINT('',(2.60000000000001,-12.5,5.5));
#22142=CARTESIAN_POINT('',(2.90000000000001,-12.5,5.5));
#22143=CARTESIAN_POINT('',(2.90000000000001,-12.5,5.));
#22144=CARTESIAN_POINT('',(2.60000000000001,-12.5,5.));
#22145=CARTESIAN_POINT('',(2.90000000000001,-12.5,5.5));
#22146=CARTESIAN_POINT('',(2.90000000000001,-62.5,5.5));
#22147=CARTESIAN_POINT('',(2.90000000000001,-62.5,5.));
#22148=CARTESIAN_POINT('',(2.90000000000001,-12.5,5.));
#22149=CARTESIAN_POINT('',(2.90000000000001,-62.5,5.5));
#22150=CARTESIAN_POINT('',(2.90000000000001,-62.5,5.));
#22151=CARTESIAN_POINT('',(0.,0.,5.5));
#22152=CARTESIAN_POINT('',(3.50000000000001,-62.5,5.));
#22153=CARTESIAN_POINT('',(3.50000000000001,-62.5,5.5));
#22154=CARTESIAN_POINT('',(3.50000000000001,-62.5,5.5));
#22155=CARTESIAN_POINT('',(3.50000000000001,-12.5,5.5));
#22156=CARTESIAN_POINT('',(3.50000000000001,-12.5,5.));
#22157=CARTESIAN_POINT('',(3.50000000000001,-62.5,5.));
#22158=CARTESIAN_POINT('',(3.50000000000001,-12.5,5.5));
#22159=CARTESIAN_POINT('',(3.80000000000001,-12.5,5.5));
#22160=CARTESIAN_POINT('',(3.80000000000001,-12.5,5.));
#22161=CARTESIAN_POINT('',(3.50000000000001,-12.5,5.));
#22162=CARTESIAN_POINT('',(3.80000000000001,-12.5,5.5));
#22163=CARTESIAN_POINT('',(3.80000000000001,-62.5,5.5));
#22164=CARTESIAN_POINT('',(3.80000000000001,-62.5,5.));
#22165=CARTESIAN_POINT('',(3.80000000000001,-12.5,5.));
#22166=CARTESIAN_POINT('',(3.80000000000001,-62.5,5.5));
#22167=CARTESIAN_POINT('',(3.80000000000001,-62.5,5.));
#22168=CARTESIAN_POINT('',(0.,0.,5.5));
#22169=CARTESIAN_POINT('',(4.40000000000001,-62.5,5.));
#22170=CARTESIAN_POINT('',(4.40000000000001,-62.5,5.5));
#22171=CARTESIAN_POINT('',(4.40000000000001,-62.5,5.5));
#22172=CARTESIAN_POINT('',(4.40000000000001,-12.5,5.5));
#22173=CARTESIAN_POINT('',(4.40000000000001,-12.5,5.));
#22174=CARTESIAN_POINT('',(4.40000000000001,-62.5,5.));
#22175=CARTESIAN_POINT('',(4.40000000000001,-12.5,5.5));
#22176=CARTESIAN_POINT('',(4.7,-12.5,5.5));
#22177=CARTESIAN_POINT('',(4.7,-12.5,5.));
#22178=CARTESIAN_POINT('',(4.40000000000001,-12.5,5.));
#22179=CARTESIAN_POINT('',(4.7,-12.5,5.5));
#22180=CARTESIAN_POINT('',(4.7,-62.5,5.5));
#22181=CARTESIAN_POINT('',(4.7,-62.5,5.));
#22182=CARTESIAN_POINT('',(4.7,-12.5,5.));
#22183=CARTESIAN_POINT('',(4.7,-62.5,5.5));
#22184=CARTESIAN_POINT('',(4.7,-62.5,5.));
#22185=CARTESIAN_POINT('',(0.,0.,5.5));
#22186=CARTESIAN_POINT('',(5.30000000000001,-62.5,5.));
#22187=CARTESIAN_POINT('',(5.30000000000001,-62.5,5.5));
#22188=CARTESIAN_POINT('',(5.30000000000001,-62.5,5.5));
#22189=CARTESIAN_POINT('',(5.30000000000001,-12.5,5.5));
#22190=CARTESIAN_POINT('',(5.30000000000001,-12.5,5.));
#22191=CARTESIAN_POINT('',(5.30000000000001,-62.5,5.));
#22192=CARTESIAN_POINT('',(5.30000000000001,-12.5,5.5));
#22193=CARTESIAN_POINT('',(5.60000000000001,-12.5,5.5));
#22194=CARTESIAN_POINT('',(5.60000000000001,-12.5,5.));
#22195=CARTESIAN_POINT('',(5.30000000000001,-12.5,5.));
#22196=CARTESIAN_POINT('',(5.60000000000001,-12.5,5.5));
#22197=CARTESIAN_POINT('',(5.60000000000001,-62.5,5.5));
#22198=CARTESIAN_POINT('',(5.60000000000001,-62.5,5.));
#22199=CARTESIAN_POINT('',(5.60000000000001,-12.5,5.));
#22200=CARTESIAN_POINT('',(5.60000000000001,-62.5,5.5));
#22201=CARTESIAN_POINT('',(5.60000000000001,-62.5,5.));
#22202=CARTESIAN_POINT('',(0.,0.,5.5));
#22203=CARTESIAN_POINT('',(6.2,-62.5,5.));
#22204=CARTESIAN_POINT('',(6.2,-62.5,5.5));
#22205=CARTESIAN_POINT('',(6.2,-62.5,5.5));
#22206=CARTESIAN_POINT('',(6.2,-12.5,5.5));
#22207=CARTESIAN_POINT('',(6.2,-12.5,5.));
#22208=CARTESIAN_POINT('',(6.2,-62.5,5.));
#22209=CARTESIAN_POINT('',(6.2,-12.5,5.5));
#22210=CARTESIAN_POINT('',(6.5,-12.5,5.5));
#22211=CARTESIAN_POINT('',(6.5,-12.5,5.));
#22212=CARTESIAN_POINT('',(6.2,-12.5,5.));
#22213=CARTESIAN_POINT('',(6.5,-12.5,5.5));
#22214=CARTESIAN_POINT('',(6.5,-62.5,5.5));
#22215=CARTESIAN_POINT('',(6.5,-62.5,5.));
#22216=CARTESIAN_POINT('',(6.5,-12.5,5.));
#22217=CARTESIAN_POINT('',(6.5,-62.5,5.5));
#22218=CARTESIAN_POINT('',(6.5,-62.5,5.));
#22219=CARTESIAN_POINT('',(0.,0.,5.5));
#22220=CARTESIAN_POINT('',(7.10000000000001,-62.5,5.));
#22221=CARTESIAN_POINT('',(7.10000000000001,-62.5,5.5));
#22222=CARTESIAN_POINT('',(7.10000000000001,-62.5,5.5));
#22223=CARTESIAN_POINT('',(7.10000000000001,-12.5,5.5));
#22224=CARTESIAN_POINT('',(7.10000000000001,-12.5,5.));
#22225=CARTESIAN_POINT('',(7.10000000000001,-62.5,5.));
#22226=CARTESIAN_POINT('',(7.10000000000001,-12.5,5.5));
#22227=CARTESIAN_POINT('',(7.40000000000001,-12.5,5.5));
#22228=CARTESIAN_POINT('',(7.40000000000001,-12.5,5.));
#22229=CARTESIAN_POINT('',(7.10000000000001,-12.5,5.));
#22230=CARTESIAN_POINT('',(7.40000000000001,-12.5,5.5));
#22231=CARTESIAN_POINT('',(7.40000000000001,-62.5,5.5));
#22232=CARTESIAN_POINT('',(7.40000000000001,-62.5,5.));
#22233=CARTESIAN_POINT('',(7.40000000000001,-12.5,5.));
#22234=CARTESIAN_POINT('',(7.40000000000001,-62.5,5.5));
#22235=CARTESIAN_POINT('',(7.40000000000001,-62.5,5.));
#22236=CARTESIAN_POINT('',(0.,0.,5.5));
#22237=CARTESIAN_POINT('',(8.00000000000001,-62.5,5.));
#22238=CARTESIAN_POINT('',(8.00000000000001,-62.5,5.5));
#22239=CARTESIAN_POINT('',(8.00000000000001,-62.5,5.5));
#22240=CARTESIAN_POINT('',(8.00000000000001,-12.5,5.5));
#22241=CARTESIAN_POINT('',(8.00000000000001,-12.5,5.));
#22242=CARTESIAN_POINT('',(8.00000000000001,-62.5,5.));
#22243=CARTESIAN_POINT('',(8.00000000000001,-12.5,5.5));
#22244=CARTESIAN_POINT('',(8.30000000000001,-12.5,5.5));
#22245=CARTESIAN_POINT('',(8.30000000000001,-12.5,5.));
#22246=CARTESIAN_POINT('',(8.00000000000001,-12.5,5.));
#22247=CARTESIAN_POINT('',(8.30000000000001,-12.5,5.5));
#22248=CARTESIAN_POINT('',(8.30000000000001,-62.5,5.5));
#22249=CARTESIAN_POINT('',(8.30000000000001,-62.5,5.));
#22250=CARTESIAN_POINT('',(8.30000000000001,-12.5,5.));
#22251=CARTESIAN_POINT('',(8.30000000000001,-62.5,5.5));
#22252=CARTESIAN_POINT('',(8.30000000000001,-62.5,5.));
#22253=CARTESIAN_POINT('',(0.,0.,5.5));
#22254=CARTESIAN_POINT('',(8.90000000000001,-62.5,5.));
#22255=CARTESIAN_POINT('',(8.90000000000001,-62.5,5.5));
#22256=CARTESIAN_POINT('',(8.90000000000001,-62.5,5.5));
#22257=CARTESIAN_POINT('',(8.90000000000001,-12.5,5.5));
#22258=CARTESIAN_POINT('',(8.90000000000001,-12.5,5.));
#22259=CARTESIAN_POINT('',(8.90000000000001,-62.5,5.));
#22260=CARTESIAN_POINT('',(8.90000000000001,-12.5,5.5));
#22261=CARTESIAN_POINT('',(9.2,-12.5,5.5));
#22262=CARTESIAN_POINT('',(9.2,-12.5,5.));
#22263=CARTESIAN_POINT('',(8.90000000000001,-12.5,5.));
#22264=CARTESIAN_POINT('',(9.2,-12.5,5.5));
#22265=CARTESIAN_POINT('',(9.2,-62.5,5.5));
#22266=CARTESIAN_POINT('',(9.2,-62.5,5.));
#22267=CARTESIAN_POINT('',(9.2,-12.5,5.));
#22268=CARTESIAN_POINT('',(9.2,-62.5,5.5));
#22269=CARTESIAN_POINT('',(9.2,-62.5,5.));
#22270=CARTESIAN_POINT('',(0.,0.,5.5));
#22271=CARTESIAN_POINT('',(9.80000000000001,-62.5,5.));
#22272=CARTESIAN_POINT('',(9.80000000000001,-62.5,5.5));
#22273=CARTESIAN_POINT('',(9.80000000000001,-62.5,5.5));
#22274=CARTESIAN_POINT('',(9.80000000000001,-12.5,5.5));
#22275=CARTESIAN_POINT('',(9.80000000000001,-12.5,5.));
#22276=CARTESIAN_POINT('',(9.80000000000001,-62.5,5.));
#22277=CARTESIAN_POINT('',(9.80000000000001,-12.5,5.5));
#22278=CARTESIAN_POINT('',(10.1,-12.5,5.5));
#22279=CARTESIAN_POINT('',(10.1,-12.5,5.));
#22280=CARTESIAN_POINT('',(9.80000000000001,-12.5,5.));
#22281=CARTESIAN_POINT('',(10.1,-12.5,5.5));
#22282=CARTESIAN_POINT('',(10.1,-62.5,5.5));
#22283=CARTESIAN_POINT('',(10.1,-62.5,5.));
#22284=CARTESIAN_POINT('',(10.1,-12.5,5.));
#22285=CARTESIAN_POINT('',(10.1,-62.5,5.5));
#22286=CARTESIAN_POINT('',(10.1,-62.5,5.));
#22287=CARTESIAN_POINT('',(0.,0.,5.5));
#22288=CARTESIAN_POINT('',(10.7,-62.5,5.));
#22289=CARTESIAN_POINT('',(10.7,-62.5,5.5));
#22290=CARTESIAN_POINT('',(10.7,-62.5,5.5));
#22291=CARTESIAN_POINT('',(10.7,-12.5,5.5));
#22292=CARTESIAN_POINT('',(10.7,-12.5,5.));
#22293=CARTESIAN_POINT('',(10.7,-62.5,5.));
#22294=CARTESIAN_POINT('',(10.7,-12.5,5.5));
#22295=CARTESIAN_POINT('',(11.,-12.5,5.5));
#22296=CARTESIAN_POINT('',(11.,-12.5,5.));
#22297=CARTESIAN_POINT('',(10.7,-12.5,5.));
#22298=CARTESIAN_POINT('',(11.,-12.5,5.5));
#22299=CARTESIAN_POINT('',(11.,-62.5,5.5));
#22300=CARTESIAN_POINT('',(11.,-62.5,5.));
#22301=CARTESIAN_POINT('',(11.,-12.5,5.));
#22302=CARTESIAN_POINT('',(11.,-62.5,5.5));
#22303=CARTESIAN_POINT('',(11.,-62.5,5.));
#22304=CARTESIAN_POINT('',(0.,0.,5.5));
#22305=CARTESIAN_POINT('',(11.6,-62.5,5.));
#22306=CARTESIAN_POINT('',(11.6,-62.5,5.5));
#22307=CARTESIAN_POINT('',(11.6,-62.5,5.5));
#22308=CARTESIAN_POINT('',(11.6,-12.5,5.5));
#22309=CARTESIAN_POINT('',(11.6,-12.5,5.));
#22310=CARTESIAN_POINT('',(11.6,-62.5,5.));
#22311=CARTESIAN_POINT('',(11.6,-12.5,5.5));
#22312=CARTESIAN_POINT('',(11.9,-12.5,5.5));
#22313=CARTESIAN_POINT('',(11.9,-12.5,5.));
#22314=CARTESIAN_POINT('',(11.6,-12.5,5.));
#22315=CARTESIAN_POINT('',(11.9,-12.5,5.5));
#22316=CARTESIAN_POINT('',(11.9,-62.5,5.5));
#22317=CARTESIAN_POINT('',(11.9,-62.5,5.));
#22318=CARTESIAN_POINT('',(11.9,-12.5,5.));
#22319=CARTESIAN_POINT('',(11.9,-62.5,5.5));
#22320=CARTESIAN_POINT('',(11.9,-62.5,5.));
#22321=CARTESIAN_POINT('',(0.,0.,5.5));
#22322=CARTESIAN_POINT('',(83.1,-62.5,5.));
#22323=CARTESIAN_POINT('',(83.1,-62.5,5.5));
#22324=CARTESIAN_POINT('',(83.1,-62.5,5.5));
#22325=CARTESIAN_POINT('',(83.1,-12.5,5.5));
#22326=CARTESIAN_POINT('',(83.1,-12.5,5.));
#22327=CARTESIAN_POINT('',(83.1,-62.5,5.));
#22328=CARTESIAN_POINT('',(83.1,-12.5,5.5));
#22329=CARTESIAN_POINT('',(83.4,-12.5,5.5));
#22330=CARTESIAN_POINT('',(83.4,-12.5,5.));
#22331=CARTESIAN_POINT('',(83.1,-12.5,5.));
#22332=CARTESIAN_POINT('',(83.4,-12.5,5.5));
#22333=CARTESIAN_POINT('',(83.4,-62.5,5.5));
#22334=CARTESIAN_POINT('',(83.4,-62.5,5.));
#22335=CARTESIAN_POINT('',(83.4,-12.5,5.));
#22336=CARTESIAN_POINT('',(83.4,-62.5,5.5));
#22337=CARTESIAN_POINT('',(83.4,-62.5,5.));
#22338=CARTESIAN_POINT('',(0.,0.,5.5));
#22339=CARTESIAN_POINT('',(84.,-62.5,5.));
#22340=CARTESIAN_POINT('',(84.,-62.5,5.5));
#22341=CARTESIAN_POINT('',(84.,-62.5,5.5));
#22342=CARTESIAN_POINT('',(84.,-12.5,5.5));
#22343=CARTESIAN_POINT('',(84.,-12.5,5.));
#22344=CARTESIAN_POINT('',(84.,-62.5,5.));
#22345=CARTESIAN_POINT('',(84.,-12.5,5.5));
#22346=CARTESIAN_POINT('',(84.3,-12.5,5.5));
#22347=CARTESIAN_POINT('',(84.3,-12.5,5.));
#22348=CARTESIAN_POINT('',(84.,-12.5,5.));
#22349=CARTESIAN_POINT('',(84.3,-12.5,5.5));
#22350=CARTESIAN_POINT('',(84.3,-62.5,5.5));
#22351=CARTESIAN_POINT('',(84.3,-62.5,5.));
#22352=CARTESIAN_POINT('',(84.3,-12.5,5.));
#22353=CARTESIAN_POINT('',(84.3,-62.5,5.5));
#22354=CARTESIAN_POINT('',(84.3,-62.5,5.));
#22355=CARTESIAN_POINT('',(0.,0.,5.5));
#22356=CARTESIAN_POINT('',(84.9,-62.5,5.));
#22357=CARTESIAN_POINT('',(84.9,-62.5,5.5));
#22358=CARTESIAN_POINT('',(84.9,-62.5,5.5));
#22359=CARTESIAN_POINT('',(84.9,-12.5,5.5));
#22360=CARTESIAN_POINT('',(84.9,-12.5,5.));
#22361=CARTESIAN_POINT('',(84.9,-62.5,5.));
#22362=CARTESIAN_POINT('',(84.9,-12.5,5.5));
#22363=CARTESIAN_POINT('',(85.2,-12.5,5.5));
#22364=CARTESIAN_POINT('',(85.2,-12.5,5.));
#22365=CARTESIAN_POINT('',(84.9,-12.5,5.));
#22366=CARTESIAN_POINT('',(85.2,-12.5,5.5));
#22367=CARTESIAN_POINT('',(85.2,-62.5,5.5));
#22368=CARTESIAN_POINT('',(85.2,-62.5,5.));
#22369=CARTESIAN_POINT('',(85.2,-12.5,5.));
#22370=CARTESIAN_POINT('',(85.2,-62.5,5.5));
#22371=CARTESIAN_POINT('',(85.2,-62.5,5.));
#22372=CARTESIAN_POINT('',(0.,0.,5.5));
#22373=CARTESIAN_POINT('',(85.8,-62.5,5.));
#22374=CARTESIAN_POINT('',(85.8,-62.5,5.5));
#22375=CARTESIAN_POINT('',(85.8,-62.5,5.5));
#22376=CARTESIAN_POINT('',(85.8,-12.5,5.5));
#22377=CARTESIAN_POINT('',(85.8,-12.5,5.));
#22378=CARTESIAN_POINT('',(85.8,-62.5,5.));
#22379=CARTESIAN_POINT('',(85.8,-12.5,5.5));
#22380=CARTESIAN_POINT('',(86.1,-12.5,5.5));
#22381=CARTESIAN_POINT('',(86.1,-12.5,5.));
#22382=CARTESIAN_POINT('',(85.8,-12.5,5.));
#22383=CARTESIAN_POINT('',(86.1,-12.5,5.5));
#22384=CARTESIAN_POINT('',(86.1,-62.5,5.5));
#22385=CARTESIAN_POINT('',(86.1,-62.5,5.));
#22386=CARTESIAN_POINT('',(86.1,-12.5,5.));
#22387=CARTESIAN_POINT('',(86.1,-62.5,5.5));
#22388=CARTESIAN_POINT('',(86.1,-62.5,5.));
#22389=CARTESIAN_POINT('',(0.,0.,5.5));
#22390=CARTESIAN_POINT('',(86.7,-62.5,5.));
#22391=CARTESIAN_POINT('',(86.7,-62.5,5.5));
#22392=CARTESIAN_POINT('',(86.7,-62.5,5.5));
#22393=CARTESIAN_POINT('',(86.7,-12.5,5.5));
#22394=CARTESIAN_POINT('',(86.7,-12.5,5.));
#22395=CARTESIAN_POINT('',(86.7,-62.5,5.));
#22396=CARTESIAN_POINT('',(86.7,-12.5,5.5));
#22397=CARTESIAN_POINT('',(87.,-12.5,5.5));
#22398=CARTESIAN_POINT('',(87.,-12.5,5.));
#22399=CARTESIAN_POINT('',(86.7,-12.5,5.));
#22400=CARTESIAN_POINT('',(87.,-12.5,5.5));
#22401=CARTESIAN_POINT('',(87.,-62.5,5.5));
#22402=CARTESIAN_POINT('',(87.,-62.5,5.));
#22403=CARTESIAN_POINT('',(87.,-12.5,5.));
#22404=CARTESIAN_POINT('',(87.,-62.5,5.5));
#22405=CARTESIAN_POINT('',(87.,-62.5,5.));
#22406=CARTESIAN_POINT('',(0.,0.,5.5));
#22407=CARTESIAN_POINT('',(87.6,-62.5,5.));
#22408=CARTESIAN_POINT('',(87.6,-62.5,5.5));
#22409=CARTESIAN_POINT('',(87.6,-62.5,5.5));
#22410=CARTESIAN_POINT('',(87.6,-12.5,5.5));
#22411=CARTESIAN_POINT('',(87.6,-12.5,5.));
#22412=CARTESIAN_POINT('',(87.6,-62.5,5.));
#22413=CARTESIAN_POINT('',(87.6,-12.5,5.5));
#22414=CARTESIAN_POINT('',(87.9,-12.5,5.5));
#22415=CARTESIAN_POINT('',(87.9,-12.5,5.));
#22416=CARTESIAN_POINT('',(87.6,-12.5,5.));
#22417=CARTESIAN_POINT('',(87.9,-12.5,5.5));
#22418=CARTESIAN_POINT('',(87.9,-62.5,5.5));
#22419=CARTESIAN_POINT('',(87.9,-62.5,5.));
#22420=CARTESIAN_POINT('',(87.9,-12.5,5.));
#22421=CARTESIAN_POINT('',(87.9,-62.5,5.5));
#22422=CARTESIAN_POINT('',(87.9,-62.5,5.));
#22423=CARTESIAN_POINT('',(0.,0.,5.5));
#22424=CARTESIAN_POINT('',(88.5,-62.5,5.));
#22425=CARTESIAN_POINT('',(88.5,-62.5,5.5));
#22426=CARTESIAN_POINT('',(88.5,-62.5,5.5));
#22427=CARTESIAN_POINT('',(88.5,-12.5,5.5));
#22428=CARTESIAN_POINT('',(88.5,-12.5,5.));
#22429=CARTESIAN_POINT('',(88.5,-62.5,5.));
#22430=CARTESIAN_POINT('',(88.5,-12.5,5.5));
#22431=CARTESIAN_POINT('',(88.8,-12.5,5.5));
#22432=CARTESIAN_POINT('',(88.8,-12.5,5.));
#22433=CARTESIAN_POINT('',(88.5,-12.5,5.));
#22434=CARTESIAN_POINT('',(88.8,-12.5,5.5));
#22435=CARTESIAN_POINT('',(88.8,-62.5,5.5));
#22436=CARTESIAN_POINT('',(88.8,-62.5,5.));
#22437=CARTESIAN_POINT('',(88.8,-12.5,5.));
#22438=CARTESIAN_POINT('',(88.8,-62.5,5.5));
#22439=CARTESIAN_POINT('',(88.8,-62.5,5.));
#22440=CARTESIAN_POINT('',(0.,0.,5.5));
#22441=CARTESIAN_POINT('',(89.4,-62.5,5.));
#22442=CARTESIAN_POINT('',(89.4,-62.5,5.5));
#22443=CARTESIAN_POINT('',(89.4,-62.5,5.5));
#22444=CARTESIAN_POINT('',(89.4,-12.5,5.5));
#22445=CARTESIAN_POINT('',(89.4,-12.5,5.));
#22446=CARTESIAN_POINT('',(89.4,-62.5,5.));
#22447=CARTESIAN_POINT('',(89.4,-12.5,5.5));
#22448=CARTESIAN_POINT('',(89.7,-12.5,5.5));
#22449=CARTESIAN_POINT('',(89.7,-12.5,5.));
#22450=CARTESIAN_POINT('',(89.4,-12.5,5.));
#22451=CARTESIAN_POINT('',(89.7,-12.5,5.5));
#22452=CARTESIAN_POINT('',(89.7,-62.5,5.5));
#22453=CARTESIAN_POINT('',(89.7,-62.5,5.));
#22454=CARTESIAN_POINT('',(89.7,-12.5,5.));
#22455=CARTESIAN_POINT('',(89.7,-62.5,5.5));
#22456=CARTESIAN_POINT('',(89.7,-62.5,5.));
#22457=CARTESIAN_POINT('',(0.,0.,5.5));
#22458=CARTESIAN_POINT('',(90.3,-62.5,5.));
#22459=CARTESIAN_POINT('',(90.3,-62.5,5.5));
#22460=CARTESIAN_POINT('',(90.3,-62.5,5.5));
#22461=CARTESIAN_POINT('',(90.3,-12.5,5.5));
#22462=CARTESIAN_POINT('',(90.3,-12.5,5.));
#22463=CARTESIAN_POINT('',(90.3,-62.5,5.));
#22464=CARTESIAN_POINT('',(90.3,-12.5,5.5));
#22465=CARTESIAN_POINT('',(90.6,-12.5,5.5));
#22466=CARTESIAN_POINT('',(90.6,-12.5,5.));
#22467=CARTESIAN_POINT('',(90.3,-12.5,5.));
#22468=CARTESIAN_POINT('',(90.6,-12.5,5.5));
#22469=CARTESIAN_POINT('',(90.6,-62.5,5.5));
#22470=CARTESIAN_POINT('',(90.6,-62.5,5.));
#22471=CARTESIAN_POINT('',(90.6,-12.5,5.));
#22472=CARTESIAN_POINT('',(90.6,-62.5,5.5));
#22473=CARTESIAN_POINT('',(90.6,-62.5,5.));
#22474=CARTESIAN_POINT('',(0.,0.,5.5));
#22475=CARTESIAN_POINT('',(91.2,-62.5,5.));
#22476=CARTESIAN_POINT('',(91.2,-62.5,5.5));
#22477=CARTESIAN_POINT('',(91.2,-62.5,5.5));
#22478=CARTESIAN_POINT('',(91.2,-12.5,5.5));
#22479=CARTESIAN_POINT('',(91.2,-12.5,5.));
#22480=CARTESIAN_POINT('',(91.2,-62.5,5.));
#22481=CARTESIAN_POINT('',(91.2,-12.5,5.5));
#22482=CARTESIAN_POINT('',(91.5,-12.5,5.5));
#22483=CARTESIAN_POINT('',(91.5,-12.5,5.));
#22484=CARTESIAN_POINT('',(91.2,-12.5,5.));
#22485=CARTESIAN_POINT('',(91.5,-12.5,5.5));
#22486=CARTESIAN_POINT('',(91.5,-62.5,5.5));
#22487=CARTESIAN_POINT('',(91.5,-62.5,5.));
#22488=CARTESIAN_POINT('',(91.5,-12.5,5.));
#22489=CARTESIAN_POINT('',(91.5,-62.5,5.5));
#22490=CARTESIAN_POINT('',(91.5,-62.5,5.));
#22491=CARTESIAN_POINT('',(0.,0.,5.5));
#22492=CARTESIAN_POINT('',(92.1,-62.5,5.));
#22493=CARTESIAN_POINT('',(92.1,-62.5,5.5));
#22494=CARTESIAN_POINT('',(92.1,-62.5,5.5));
#22495=CARTESIAN_POINT('',(92.1,-12.5,5.5));
#22496=CARTESIAN_POINT('',(92.1,-12.5,5.));
#22497=CARTESIAN_POINT('',(92.1,-62.5,5.));
#22498=CARTESIAN_POINT('',(92.1,-12.5,5.5));
#22499=CARTESIAN_POINT('',(92.4,-12.5,5.5));
#22500=CARTESIAN_POINT('',(92.4,-12.5,5.));
#22501=CARTESIAN_POINT('',(92.1,-12.5,5.));
#22502=CARTESIAN_POINT('',(92.4,-12.5,5.5));
#22503=CARTESIAN_POINT('',(92.4,-62.5,5.5));
#22504=CARTESIAN_POINT('',(92.4,-62.5,5.));
#22505=CARTESIAN_POINT('',(92.4,-12.5,5.));
#22506=CARTESIAN_POINT('',(92.4,-62.5,5.5));
#22507=CARTESIAN_POINT('',(92.4,-62.5,5.));
#22508=CARTESIAN_POINT('',(0.,0.,5.5));
#22509=CARTESIAN_POINT('',(82.2,-62.5,5.));
#22510=CARTESIAN_POINT('',(82.2,-62.5,5.5));
#22511=CARTESIAN_POINT('',(82.2,-12.5,5.5));
#22512=CARTESIAN_POINT('',(82.2,-12.5,5.5));
#22513=CARTESIAN_POINT('',(82.2,-12.5,5.));
#22514=CARTESIAN_POINT('',(82.2,-12.5,5.));
#22515=CARTESIAN_POINT('',(82.5,-62.5,5.));
#22516=CARTESIAN_POINT('',(82.5,-62.5,5.5));
#22517=CARTESIAN_POINT('',(82.2,-62.5,5.5));
#22518=CARTESIAN_POINT('',(82.2,-62.5,5.));
#22519=CARTESIAN_POINT('',(82.5,-12.5,5.));
#22520=CARTESIAN_POINT('',(82.5,-12.5,5.5));
#22521=CARTESIAN_POINT('',(82.5,-62.5,5.5));
#22522=CARTESIAN_POINT('',(82.5,-62.5,5.));
#22523=CARTESIAN_POINT('',(82.5,-12.5,5.5));
#22524=CARTESIAN_POINT('',(82.5,-12.5,5.));
#22525=CARTESIAN_POINT('',(0.,0.,5.5));
#22526=CARTESIAN_POINT('',(81.3,-62.5,5.));
#22527=CARTESIAN_POINT('',(81.3,-62.5,5.5));
#22528=CARTESIAN_POINT('',(81.3,-12.5,5.5));
#22529=CARTESIAN_POINT('',(81.3,-12.5,5.5));
#22530=CARTESIAN_POINT('',(81.3,-12.5,5.));
#22531=CARTESIAN_POINT('',(81.3,-12.5,5.));
#22532=CARTESIAN_POINT('',(81.6,-62.5,5.));
#22533=CARTESIAN_POINT('',(81.6,-62.5,5.5));
#22534=CARTESIAN_POINT('',(81.3,-62.5,5.5));
#22535=CARTESIAN_POINT('',(81.3,-62.5,5.));
#22536=CARTESIAN_POINT('',(81.6,-12.5,5.));
#22537=CARTESIAN_POINT('',(81.6,-12.5,5.5));
#22538=CARTESIAN_POINT('',(81.6,-62.5,5.5));
#22539=CARTESIAN_POINT('',(81.6,-62.5,5.));
#22540=CARTESIAN_POINT('',(81.6,-12.5,5.5));
#22541=CARTESIAN_POINT('',(81.6,-12.5,5.));
#22542=CARTESIAN_POINT('',(0.,0.,5.5));
#22543=CARTESIAN_POINT('',(80.4,-62.5,5.));
#22544=CARTESIAN_POINT('',(80.4,-62.5,5.5));
#22545=CARTESIAN_POINT('',(80.4,-12.5,5.5));
#22546=CARTESIAN_POINT('',(80.4,-12.5,5.5));
#22547=CARTESIAN_POINT('',(80.4,-12.5,5.));
#22548=CARTESIAN_POINT('',(80.4,-12.5,5.));
#22549=CARTESIAN_POINT('',(80.7,-62.5,5.));
#22550=CARTESIAN_POINT('',(80.7,-62.5,5.5));
#22551=CARTESIAN_POINT('',(80.4,-62.5,5.5));
#22552=CARTESIAN_POINT('',(80.4,-62.5,5.));
#22553=CARTESIAN_POINT('',(80.7,-12.5,5.));
#22554=CARTESIAN_POINT('',(80.7,-12.5,5.5));
#22555=CARTESIAN_POINT('',(80.7,-62.5,5.5));
#22556=CARTESIAN_POINT('',(80.7,-62.5,5.));
#22557=CARTESIAN_POINT('',(80.7,-12.5,5.5));
#22558=CARTESIAN_POINT('',(80.7,-12.5,5.));
#22559=CARTESIAN_POINT('',(0.,0.,5.5));
#22560=CARTESIAN_POINT('',(79.5,-62.5,5.));
#22561=CARTESIAN_POINT('',(79.5,-62.5,5.5));
#22562=CARTESIAN_POINT('',(79.5,-12.5,5.5));
#22563=CARTESIAN_POINT('',(79.5,-12.5,5.5));
#22564=CARTESIAN_POINT('',(79.5,-12.5,5.));
#22565=CARTESIAN_POINT('',(79.5,-12.5,5.));
#22566=CARTESIAN_POINT('',(79.8,-62.5,5.));
#22567=CARTESIAN_POINT('',(79.8,-62.5,5.5));
#22568=CARTESIAN_POINT('',(79.5,-62.5,5.5));
#22569=CARTESIAN_POINT('',(79.5,-62.5,5.));
#22570=CARTESIAN_POINT('',(79.8,-12.5,5.));
#22571=CARTESIAN_POINT('',(79.8,-12.5,5.5));
#22572=CARTESIAN_POINT('',(79.8,-62.5,5.5));
#22573=CARTESIAN_POINT('',(79.8,-62.5,5.));
#22574=CARTESIAN_POINT('',(79.8,-12.5,5.5));
#22575=CARTESIAN_POINT('',(79.8,-12.5,5.));
#22576=CARTESIAN_POINT('',(0.,0.,5.5));
#22577=CARTESIAN_POINT('',(78.,-62.5,3.5));
#22578=CARTESIAN_POINT('',(71.,-62.5,3.5));
#22579=CARTESIAN_POINT('',(78.9,-62.5,5.));
#22580=CARTESIAN_POINT('',(76.,-62.5,5.));
#22581=CARTESIAN_POINT('',(78.9,-12.5,5.));
#22582=CARTESIAN_POINT('',(78.9,-62.5,5.));
#22583=CARTESIAN_POINT('',(78.,-12.5,3.5));
#22584=CARTESIAN_POINT('',(71.,-12.5,5.));
#22585=CARTESIAN_POINT('',(78.9,-12.5,5.));
#22586=CARTESIAN_POINT('',(17.,-62.5,3.5));
#22587=CARTESIAN_POINT('',(17.,-62.5,5.5));
#22588=CARTESIAN_POINT('',(16.1,-62.5,5.5));
#22589=CARTESIAN_POINT('',(16.1,-62.5,5.5));
#22590=CARTESIAN_POINT('',(16.1,-62.5,5.));
#22591=CARTESIAN_POINT('',(24.,-62.5,3.5));
#22592=CARTESIAN_POINT('',(16.1,-62.5,5.));
#22593=CARTESIAN_POINT('',(16.1,-12.5,5.5));
#22594=CARTESIAN_POINT('',(16.1,-12.5,5.));
#22595=CARTESIAN_POINT('',(17.,-12.5,5.5));
#22596=CARTESIAN_POINT('',(0.,0.,5.5));
#22597=CARTESIAN_POINT('',(12.5,-62.5,5.));
#22598=CARTESIAN_POINT('',(12.5,-62.5,5.5));
#22599=CARTESIAN_POINT('',(12.5,-62.5,5.5));
#22600=CARTESIAN_POINT('',(12.5,-12.5,5.5));
#22601=CARTESIAN_POINT('',(12.5,-12.5,5.));
#22602=CARTESIAN_POINT('',(12.5,-62.5,5.));
#22603=CARTESIAN_POINT('',(12.5,-12.5,5.5));
#22604=CARTESIAN_POINT('',(12.8,-12.5,5.5));
#22605=CARTESIAN_POINT('',(12.8,-12.5,5.));
#22606=CARTESIAN_POINT('',(12.5,-12.5,5.));
#22607=CARTESIAN_POINT('',(12.8,-12.5,5.5));
#22608=CARTESIAN_POINT('',(12.8,-62.5,5.5));
#22609=CARTESIAN_POINT('',(12.8,-62.5,5.));
#22610=CARTESIAN_POINT('',(12.8,-12.5,5.));
#22611=CARTESIAN_POINT('',(12.8,-62.5,5.5));
#22612=CARTESIAN_POINT('',(12.8,-62.5,5.));
#22613=CARTESIAN_POINT('',(0.,0.,5.5));
#22614=CARTESIAN_POINT('',(13.4,-62.5,5.));
#22615=CARTESIAN_POINT('',(13.4,-62.5,5.5));
#22616=CARTESIAN_POINT('',(13.4,-62.5,5.5));
#22617=CARTESIAN_POINT('',(13.4,-12.5,5.5));
#22618=CARTESIAN_POINT('',(13.4,-12.5,5.));
#22619=CARTESIAN_POINT('',(13.4,-62.5,5.));
#22620=CARTESIAN_POINT('',(13.4,-12.5,5.5));
#22621=CARTESIAN_POINT('',(13.7,-12.5,5.5));
#22622=CARTESIAN_POINT('',(13.7,-12.5,5.));
#22623=CARTESIAN_POINT('',(13.4,-12.5,5.));
#22624=CARTESIAN_POINT('',(13.7,-12.5,5.5));
#22625=CARTESIAN_POINT('',(13.7,-62.5,5.5));
#22626=CARTESIAN_POINT('',(13.7,-62.5,5.));
#22627=CARTESIAN_POINT('',(13.7,-12.5,5.));
#22628=CARTESIAN_POINT('',(13.7,-62.5,5.5));
#22629=CARTESIAN_POINT('',(13.7,-62.5,5.));
#22630=CARTESIAN_POINT('',(0.,0.,5.5));
#22631=CARTESIAN_POINT('',(14.3,-62.5,5.));
#22632=CARTESIAN_POINT('',(14.3,-62.5,5.5));
#22633=CARTESIAN_POINT('',(14.3,-62.5,5.5));
#22634=CARTESIAN_POINT('',(14.3,-12.5,5.5));
#22635=CARTESIAN_POINT('',(14.3,-12.5,5.));
#22636=CARTESIAN_POINT('',(14.3,-62.5,5.));
#22637=CARTESIAN_POINT('',(14.3,-12.5,5.5));
#22638=CARTESIAN_POINT('',(14.6,-12.5,5.5));
#22639=CARTESIAN_POINT('',(14.6,-12.5,5.));
#22640=CARTESIAN_POINT('',(14.3,-12.5,5.));
#22641=CARTESIAN_POINT('',(14.6,-12.5,5.5));
#22642=CARTESIAN_POINT('',(14.6,-62.5,5.5));
#22643=CARTESIAN_POINT('',(14.6,-62.5,5.));
#22644=CARTESIAN_POINT('',(14.6,-12.5,5.));
#22645=CARTESIAN_POINT('',(14.6,-62.5,5.5));
#22646=CARTESIAN_POINT('',(14.6,-62.5,5.));
#22647=CARTESIAN_POINT('',(0.,0.,5.5));
#22648=CARTESIAN_POINT('',(15.2,-62.5,5.));
#22649=CARTESIAN_POINT('',(15.2,-62.5,5.5));
#22650=CARTESIAN_POINT('',(15.2,-62.5,5.5));
#22651=CARTESIAN_POINT('',(15.2,-12.5,5.5));
#22652=CARTESIAN_POINT('',(15.2,-12.5,5.));
#22653=CARTESIAN_POINT('',(15.2,-62.5,5.));
#22654=CARTESIAN_POINT('',(15.2,-12.5,5.5));
#22655=CARTESIAN_POINT('',(15.5,-12.5,5.5));
#22656=CARTESIAN_POINT('',(15.5,-12.5,5.));
#22657=CARTESIAN_POINT('',(15.2,-12.5,5.));
#22658=CARTESIAN_POINT('',(15.5,-12.5,5.5));
#22659=CARTESIAN_POINT('',(15.5,-62.5,5.5));
#22660=CARTESIAN_POINT('',(15.5,-62.5,5.));
#22661=CARTESIAN_POINT('',(15.5,-12.5,5.));
#22662=CARTESIAN_POINT('',(15.5,-62.5,5.5));
#22663=CARTESIAN_POINT('',(15.5,-62.5,5.));
#22664=CARTESIAN_POINT('',(0.,0.,5.5));
#22665=CARTESIAN_POINT('',(49.,-51.8,3.5));
#22666=CARTESIAN_POINT('',(49.,-51.4,3.5));
#22667=CARTESIAN_POINT('',(49.,-22.9,3.5));
#22668=CARTESIAN_POINT('',(24.,-12.5577647921214,3.5));
#22669=CARTESIAN_POINT('',(71.,-1.99999999999999,3.5));
#22670=CARTESIAN_POINT('',(24.,-62.5,3.5));
#22671=CARTESIAN_POINT('',(71.,-73.,3.5));
#22672=CARTESIAN_POINT('',(19.,-23.4,3.5));
#22673=CARTESIAN_POINT('',(19.,-23.4,3.5));
#22674=CARTESIAN_POINT('',(17.,-12.5,3.5));
#22675=CARTESIAN_POINT('',(78.,-12.5,3.5));
#22676=CARTESIAN_POINT('',(49.,-24.2,3.5));
#22677=CARTESIAN_POINT('',(76.,-23.8,3.5));
#22678=CARTESIAN_POINT('',(49.,-25.,3.5));
#22679=CARTESIAN_POINT('',(76.,-24.6,3.5));
#22680=CARTESIAN_POINT('',(49.,-25.8,3.5));
#22681=CARTESIAN_POINT('',(76.,-25.4,3.5));
#22682=CARTESIAN_POINT('',(49.,-26.6,3.5));
#22683=CARTESIAN_POINT('',(76.,-26.2,3.5));
#22684=CARTESIAN_POINT('',(49.,-27.4,3.5));
#22685=CARTESIAN_POINT('',(76.,-27.,3.5));
#22686=CARTESIAN_POINT('',(49.,-28.2,3.5));
#22687=CARTESIAN_POINT('',(76.,-27.8,3.5));
#22688=CARTESIAN_POINT('',(49.,-29.,3.5));
#22689=CARTESIAN_POINT('',(76.,-28.6,3.5));
#22690=CARTESIAN_POINT('',(49.,-29.8,3.5));
#22691=CARTESIAN_POINT('',(76.,-29.4,3.5));
#22692=CARTESIAN_POINT('',(49.,-30.6,3.5));
#22693=CARTESIAN_POINT('',(76.,-30.2,3.5));
#22694=CARTESIAN_POINT('',(49.,-31.4,3.5));
#22695=CARTESIAN_POINT('',(76.,-31.,3.5));
#22696=CARTESIAN_POINT('',(49.,-32.2,3.5));
#22697=CARTESIAN_POINT('',(76.,-31.8,3.5));
#22698=CARTESIAN_POINT('',(49.,-33.,3.5));
#22699=CARTESIAN_POINT('',(76.,-32.6,3.5));
#22700=CARTESIAN_POINT('',(49.,-33.8,3.5));
#22701=CARTESIAN_POINT('',(76.,-33.4,3.5));
#22702=CARTESIAN_POINT('',(49.,-34.6,3.5));
#22703=CARTESIAN_POINT('',(76.,-34.2,3.5));
#22704=CARTESIAN_POINT('',(49.,-35.4,3.5));
#22705=CARTESIAN_POINT('',(76.,-35.,3.5));
#22706=CARTESIAN_POINT('',(49.,-36.2,3.5));
#22707=CARTESIAN_POINT('',(76.,-35.8,3.5));
#22708=CARTESIAN_POINT('',(49.,-37.,3.5));
#22709=CARTESIAN_POINT('',(76.,-36.6,3.5));
#22710=CARTESIAN_POINT('',(49.,-37.8,3.5));
#22711=CARTESIAN_POINT('',(76.,-37.4,3.5));
#22712=CARTESIAN_POINT('',(49.,-38.6,3.5));
#22713=CARTESIAN_POINT('',(76.,-38.2,3.5));
#22714=CARTESIAN_POINT('',(49.,-39.4,3.5));
#22715=CARTESIAN_POINT('',(76.,-39.,3.5));
#22716=CARTESIAN_POINT('',(49.,-40.2,3.5));
#22717=CARTESIAN_POINT('',(76.,-39.8,3.5));
#22718=CARTESIAN_POINT('',(49.,-41.,3.5));
#22719=CARTESIAN_POINT('',(76.,-40.6,3.5));
#22720=CARTESIAN_POINT('',(49.,-41.8,3.5));
#22721=CARTESIAN_POINT('',(76.,-41.4,3.5));
#22722=CARTESIAN_POINT('',(49.,-42.6,3.5));
#22723=CARTESIAN_POINT('',(76.,-42.2,3.5));
#22724=CARTESIAN_POINT('',(49.,-43.4,3.5));
#22725=CARTESIAN_POINT('',(76.,-43.,3.5));
#22726=CARTESIAN_POINT('',(49.,-44.2,3.5));
#22727=CARTESIAN_POINT('',(76.,-43.8,3.5));
#22728=CARTESIAN_POINT('',(49.,-45.,3.5));
#22729=CARTESIAN_POINT('',(76.,-44.6,3.5));
#22730=CARTESIAN_POINT('',(49.,-45.8,3.5));
#22731=CARTESIAN_POINT('',(76.,-45.4,3.5));
#22732=CARTESIAN_POINT('',(49.,-46.6,3.5));
#22733=CARTESIAN_POINT('',(76.,-46.2,3.5));
#22734=CARTESIAN_POINT('',(49.,-47.4,3.5));
#22735=CARTESIAN_POINT('',(76.,-47.,3.5));
#22736=CARTESIAN_POINT('',(49.,-48.2,3.5));
#22737=CARTESIAN_POINT('',(76.,-47.8,3.5));
#22738=CARTESIAN_POINT('',(49.,-49.,3.5));
#22739=CARTESIAN_POINT('',(76.,-48.6,3.5));
#22740=CARTESIAN_POINT('',(49.,-49.8,3.5));
#22741=CARTESIAN_POINT('',(76.,-49.4,3.5));
#22742=CARTESIAN_POINT('',(49.,-50.6,3.5));
#22743=CARTESIAN_POINT('',(76.,-50.2,3.5));
#22744=CARTESIAN_POINT('',(49.,-51.4,3.5));
#22745=CARTESIAN_POINT('',(76.,-51.,3.5));
#22746=CARTESIAN_POINT('',(19.,-24.2,3.5));
#22747=CARTESIAN_POINT('',(46.,-23.8,3.5));
#22748=CARTESIAN_POINT('',(46.,-24.6,3.5));
#22749=CARTESIAN_POINT('',(19.,-25.,3.5));
#22750=CARTESIAN_POINT('',(19.,-25.8,3.5));
#22751=CARTESIAN_POINT('',(46.,-25.4,3.5));
#22752=CARTESIAN_POINT('',(19.,-26.6,3.5));
#22753=CARTESIAN_POINT('',(46.,-26.2,3.5));
#22754=CARTESIAN_POINT('',(19.,-27.4,3.5));
#22755=CARTESIAN_POINT('',(46.,-27.,3.5));
#22756=CARTESIAN_POINT('',(19.,-28.2,3.5));
#22757=CARTESIAN_POINT('',(46.,-27.8,3.5));
#22758=CARTESIAN_POINT('',(19.,-29.,3.5));
#22759=CARTESIAN_POINT('',(46.,-28.6,3.5));
#22760=CARTESIAN_POINT('',(19.,-29.8,3.5));
#22761=CARTESIAN_POINT('',(46.,-29.4,3.5));
#22762=CARTESIAN_POINT('',(19.,-30.6,3.5));
#22763=CARTESIAN_POINT('',(46.,-30.2,3.5));
#22764=CARTESIAN_POINT('',(19.,-31.4,3.5));
#22765=CARTESIAN_POINT('',(46.,-31.,3.5));
#22766=CARTESIAN_POINT('',(19.,-32.2,3.5));
#22767=CARTESIAN_POINT('',(46.,-31.8,3.5));
#22768=CARTESIAN_POINT('',(19.,-33.,3.5));
#22769=CARTESIAN_POINT('',(46.,-32.6,3.5));
#22770=CARTESIAN_POINT('',(19.,-33.8,3.5));
#22771=CARTESIAN_POINT('',(46.,-33.4,3.5));
#22772=CARTESIAN_POINT('',(19.,-34.6,3.5));
#22773=CARTESIAN_POINT('',(46.,-34.2,3.5));
#22774=CARTESIAN_POINT('',(19.,-35.4,3.5));
#22775=CARTESIAN_POINT('',(46.,-35.,3.5));
#22776=CARTESIAN_POINT('',(19.,-36.2,3.5));
#22777=CARTESIAN_POINT('',(46.,-35.8,3.5));
#22778=CARTESIAN_POINT('',(19.,-37.,3.5));
#22779=CARTESIAN_POINT('',(46.,-36.6,3.5));
#22780=CARTESIAN_POINT('',(19.,-37.8,3.5));
#22781=CARTESIAN_POINT('',(46.,-37.4,3.5));
#22782=CARTESIAN_POINT('',(19.,-38.6,3.5));
#22783=CARTESIAN_POINT('',(46.,-38.2,3.5));
#22784=CARTESIAN_POINT('',(19.,-39.4,3.5));
#22785=CARTESIAN_POINT('',(46.,-39.,3.5));
#22786=CARTESIAN_POINT('',(19.,-40.2,3.5));
#22787=CARTESIAN_POINT('',(46.,-39.8,3.5));
#22788=CARTESIAN_POINT('',(19.,-41.,3.5));
#22789=CARTESIAN_POINT('',(46.,-40.6,3.5));
#22790=CARTESIAN_POINT('',(19.,-41.8,3.5));
#22791=CARTESIAN_POINT('',(46.,-41.4,3.5));
#22792=CARTESIAN_POINT('',(19.,-42.6,3.5));
#22793=CARTESIAN_POINT('',(46.,-42.2,3.5));
#22794=CARTESIAN_POINT('',(19.,-43.4,3.5));
#22795=CARTESIAN_POINT('',(46.,-43.,3.5));
#22796=CARTESIAN_POINT('',(19.,-44.2,3.5));
#22797=CARTESIAN_POINT('',(46.,-43.8,3.5));
#22798=CARTESIAN_POINT('',(19.,-45.,3.5));
#22799=CARTESIAN_POINT('',(46.,-44.6,3.5));
#22800=CARTESIAN_POINT('',(19.,-45.8,3.5));
#22801=CARTESIAN_POINT('',(46.,-45.4,3.5));
#22802=CARTESIAN_POINT('',(19.,-46.6,3.5));
#22803=CARTESIAN_POINT('',(46.,-46.2,3.5));
#22804=CARTESIAN_POINT('',(19.,-47.4,3.5));
#22805=CARTESIAN_POINT('',(46.,-47.,3.5));
#22806=CARTESIAN_POINT('',(19.,-48.2,3.5));
#22807=CARTESIAN_POINT('',(46.,-47.8,3.5));
#22808=CARTESIAN_POINT('',(19.,-49.,3.5));
#22809=CARTESIAN_POINT('',(46.,-48.6,3.5));
#22810=CARTESIAN_POINT('',(19.,-49.8,3.5));
#22811=CARTESIAN_POINT('',(46.,-49.4,3.5));
#22812=CARTESIAN_POINT('',(19.,-50.6,3.5));
#22813=CARTESIAN_POINT('',(46.,-50.2,3.5));
#22814=CARTESIAN_POINT('',(19.,-51.4,3.5));
#22815=CARTESIAN_POINT('',(46.,-51.,3.5));
#22816=CARTESIAN_POINT('',(19.,-51.8,3.5));
#22817=CARTESIAN_POINT('',(19.,-51.8,3.5));
#22818=CARTESIAN_POINT('',(74.1,12.5,2.5));
#22819=CARTESIAN_POINT('',(74.1,12.5,2.5));
#22820=CARTESIAN_POINT('',(74.1,12.5,2.));
#22821=CARTESIAN_POINT('',(74.1,0.,2.));
#22822=CARTESIAN_POINT('',(74.1,51.8,2.));
#22823=CARTESIAN_POINT('',(74.1,51.8,2.));
#22824=CARTESIAN_POINT('',(74.1,51.8,2.5));
#22825=CARTESIAN_POINT('',(74.1,12.5,2.5));
#22826=CARTESIAN_POINT('',(74.1,12.5,2.5));
#22827=CARTESIAN_POINT('',(74.1,12.5,2.));
#22828=CARTESIAN_POINT('',(62.9,12.5,2.));
#22829=CARTESIAN_POINT('',(74.9,12.5,2.5));
#22830=CARTESIAN_POINT('',(74.9,12.5,2.5));
#22831=CARTESIAN_POINT('',(74.9,12.5,2.5));
#22832=CARTESIAN_POINT('',(74.9,12.5,0.));
#22833=CARTESIAN_POINT('',(71.,12.5,0.));
#22834=CARTESIAN_POINT('',(78.,12.5,0.));
#22835=CARTESIAN_POINT('',(78.,12.5,4.));
#22836=CARTESIAN_POINT('',(78.,12.5,2.));
#22837=CARTESIAN_POINT('',(78.,12.5,4.));
#22838=CARTESIAN_POINT('',(78.,12.5,4.));
#22839=CARTESIAN_POINT('',(71.,12.5,4.));
#22840=CARTESIAN_POINT('',(17.,12.5,4.));
#22841=CARTESIAN_POINT('',(17.,12.5,4.));
#22842=CARTESIAN_POINT('',(17.,12.5,2.));
#22843=CARTESIAN_POINT('',(17.,12.5,4.));
#22844=CARTESIAN_POINT('',(17.,12.5,0.));
#22845=CARTESIAN_POINT('',(71.,12.5,0.));
#22846=CARTESIAN_POINT('',(20.1,12.5,0.));
#22847=CARTESIAN_POINT('',(20.1,12.5,2.5));
#22848=CARTESIAN_POINT('',(20.1,12.5,2.5));
#22849=CARTESIAN_POINT('',(20.1,12.5,2.5));
#22850=CARTESIAN_POINT('',(20.9,12.5,2.5));
#22851=CARTESIAN_POINT('',(20.9,12.5,2.5));
#22852=CARTESIAN_POINT('',(20.9,12.5,2.));
#22853=CARTESIAN_POINT('',(74.1,12.5,2.));
#22854=CARTESIAN_POINT('',(32.1,12.5,2.));
#22855=CARTESIAN_POINT('',(32.1,12.5,2.5));
#22856=CARTESIAN_POINT('',(32.1,12.5,2.5));
#22857=CARTESIAN_POINT('',(0.,12.5,2.5));
#22858=CARTESIAN_POINT('',(32.9,12.5,2.5));
#22859=CARTESIAN_POINT('',(32.9,12.5,2.5));
#22860=CARTESIAN_POINT('',(32.9,12.5,2.));
#22861=CARTESIAN_POINT('',(74.1,12.5,2.));
#22862=CARTESIAN_POINT('',(44.1,12.5,2.));
#22863=CARTESIAN_POINT('',(44.1,12.5,2.5));
#22864=CARTESIAN_POINT('',(44.1,12.5,2.5));
#22865=CARTESIAN_POINT('',(0.,12.5,2.5));
#22866=CARTESIAN_POINT('',(44.9,12.5,2.5));
#22867=CARTESIAN_POINT('',(44.9,12.5,2.5));
#22868=CARTESIAN_POINT('',(44.9,12.5,2.));
#22869=CARTESIAN_POINT('',(74.1,12.5,2.));
#22870=CARTESIAN_POINT('',(50.1,12.5,2.));
#22871=CARTESIAN_POINT('',(50.1,12.5,2.5));
#22872=CARTESIAN_POINT('',(50.1,12.5,2.5));
#22873=CARTESIAN_POINT('',(0.,12.5,2.5));
#22874=CARTESIAN_POINT('',(50.9,12.5,2.5));
#22875=CARTESIAN_POINT('',(50.9,12.5,2.5));
#22876=CARTESIAN_POINT('',(50.9,12.5,2.));
#22877=CARTESIAN_POINT('',(74.1,12.5,2.));
#22878=CARTESIAN_POINT('',(62.1,12.5,2.));
#22879=CARTESIAN_POINT('',(62.1,12.5,2.5));
#22880=CARTESIAN_POINT('',(62.1,12.5,2.5));
#22881=CARTESIAN_POINT('',(0.,12.5,2.5));
#22882=CARTESIAN_POINT('',(62.9,12.5,2.5));
#22883=CARTESIAN_POINT('',(62.9,12.5,2.5));
#22884=CARTESIAN_POINT('',(71.,12.5,4.));
#22885=CARTESIAN_POINT('',(62.1,0.,2.));
#22886=CARTESIAN_POINT('',(62.1,51.8,2.));
#22887=CARTESIAN_POINT('',(62.1,51.8,2.5));
#22888=CARTESIAN_POINT('',(62.1,51.8,2.5));
#22889=CARTESIAN_POINT('',(62.1,51.6,2.5));
#22890=CARTESIAN_POINT('',(62.1,51.6,2.5));
#22891=CARTESIAN_POINT('',(62.9,0.,2.));
#22892=CARTESIAN_POINT('',(62.9,51.8,2.));
#22893=CARTESIAN_POINT('',(62.9,12.5,2.5));
#22894=CARTESIAN_POINT('',(62.9,51.8,2.5));
#22895=CARTESIAN_POINT('',(62.9,51.8,2.));
#22896=CARTESIAN_POINT('',(62.9,12.5,2.5));
#22897=CARTESIAN_POINT('',(50.1,0.,2.));
#22898=CARTESIAN_POINT('',(50.1,51.8,2.));
#22899=CARTESIAN_POINT('',(50.1,51.8,2.5));
#22900=CARTESIAN_POINT('',(50.1,51.8,2.5));
#22901=CARTESIAN_POINT('',(50.1,51.6,2.5));
#22902=CARTESIAN_POINT('',(50.1,51.6,2.5));
#22903=CARTESIAN_POINT('',(50.9,0.,2.));
#22904=CARTESIAN_POINT('',(50.9,51.8,2.));
#22905=CARTESIAN_POINT('',(50.9,12.5,2.5));
#22906=CARTESIAN_POINT('',(50.9,51.8,2.5));
#22907=CARTESIAN_POINT('',(50.9,51.8,2.));
#22908=CARTESIAN_POINT('',(50.9,12.5,2.5));
#22909=CARTESIAN_POINT('',(44.1,0.,2.));
#22910=CARTESIAN_POINT('',(44.1,51.8,2.));
#22911=CARTESIAN_POINT('',(44.1,51.8,2.5));
#22912=CARTESIAN_POINT('',(44.1,51.8,2.5));
#22913=CARTESIAN_POINT('',(44.1,51.6,2.5));
#22914=CARTESIAN_POINT('',(44.1,51.6,2.5));
#22915=CARTESIAN_POINT('',(44.9,0.,2.));
#22916=CARTESIAN_POINT('',(44.9,51.8,2.));
#22917=CARTESIAN_POINT('',(44.9,12.5,2.5));
#22918=CARTESIAN_POINT('',(44.9,51.8,2.5));
#22919=CARTESIAN_POINT('',(44.9,51.8,2.));
#22920=CARTESIAN_POINT('',(44.9,12.5,2.5));
#22921=CARTESIAN_POINT('',(32.1,0.,2.));
#22922=CARTESIAN_POINT('',(32.1,51.8,2.));
#22923=CARTESIAN_POINT('',(32.1,51.8,2.5));
#22924=CARTESIAN_POINT('',(32.1,51.8,2.5));
#22925=CARTESIAN_POINT('',(32.1,51.6,2.5));
#22926=CARTESIAN_POINT('',(32.1,51.6,2.5));
#22927=CARTESIAN_POINT('',(32.9,0.,2.));
#22928=CARTESIAN_POINT('',(32.9,51.8,2.));
#22929=CARTESIAN_POINT('',(32.9,12.5,2.5));
#22930=CARTESIAN_POINT('',(32.9,51.8,2.5));
#22931=CARTESIAN_POINT('',(32.9,51.8,2.));
#22932=CARTESIAN_POINT('',(32.9,12.5,2.5));
#22933=CARTESIAN_POINT('',(17.,62.5,4.));
#22934=CARTESIAN_POINT('',(17.,62.5,4.));
#22935=CARTESIAN_POINT('',(17.,73.,4.));
#22936=CARTESIAN_POINT('',(17.,73.,4.));
#22937=CARTESIAN_POINT('',(24.,73.,4.));
#22938=CARTESIAN_POINT('',(24.,73.,4.));
#22939=CARTESIAN_POINT('',(24.,62.5,4.));
#22940=CARTESIAN_POINT('',(24.,62.5,4.));
#22941=CARTESIAN_POINT('',(34.,44.9,4.));
#22942=CARTESIAN_POINT('',(34.25,44.9,4.));
#22943=CARTESIAN_POINT('',(37.,26.9,4.));
#22944=CARTESIAN_POINT('',(37.25,26.9,4.));
#22945=CARTESIAN_POINT('',(37.,32.9,4.));
#22946=CARTESIAN_POINT('',(37.25,32.9,4.));
#22947=CARTESIAN_POINT('',(37.,38.9,4.));
#22948=CARTESIAN_POINT('',(37.25,38.9,4.));
#22949=CARTESIAN_POINT('',(31.,44.9,4.));
#22950=CARTESIAN_POINT('',(31.25,44.9,4.));
#22951=CARTESIAN_POINT('',(34.,26.9,4.));
#22952=CARTESIAN_POINT('',(34.25,26.9,4.));
#22953=CARTESIAN_POINT('',(34.,32.9,4.));
#22954=CARTESIAN_POINT('',(34.25,32.9,4.));
#22955=CARTESIAN_POINT('',(34.,38.9,4.));
#22956=CARTESIAN_POINT('',(34.25,38.9,4.));
#22957=CARTESIAN_POINT('',(40.,44.9,4.));
#22958=CARTESIAN_POINT('',(40.25,44.9,4.));
#22959=CARTESIAN_POINT('',(43.,26.9,4.));
#22960=CARTESIAN_POINT('',(43.25,26.9,4.));
#22961=CARTESIAN_POINT('',(43.,32.9,4.));
#22962=CARTESIAN_POINT('',(43.25,32.9,4.));
#22963=CARTESIAN_POINT('',(43.,38.9,4.));
#22964=CARTESIAN_POINT('',(43.25,38.9,4.));
#22965=CARTESIAN_POINT('',(37.,44.9,4.));
#22966=CARTESIAN_POINT('',(37.25,44.9,4.));
#22967=CARTESIAN_POINT('',(40.,26.9,4.));
#22968=CARTESIAN_POINT('',(40.25,26.9,4.));
#22969=CARTESIAN_POINT('',(40.,32.9,4.));
#22970=CARTESIAN_POINT('',(40.25,32.9,4.));
#22971=CARTESIAN_POINT('',(40.,38.9,4.));
#22972=CARTESIAN_POINT('',(40.25,38.9,4.));
#22973=CARTESIAN_POINT('',(22.,44.9,4.));
#22974=CARTESIAN_POINT('',(22.25,44.9,4.));
#22975=CARTESIAN_POINT('',(25.,26.9,4.));
#22976=CARTESIAN_POINT('',(25.25,26.9,4.));
#22977=CARTESIAN_POINT('',(25.,32.9,4.));
#22978=CARTESIAN_POINT('',(25.25,32.9,4.));
#22979=CARTESIAN_POINT('',(25.,38.9,4.));
#22980=CARTESIAN_POINT('',(25.25,38.9,4.));
#22981=CARTESIAN_POINT('',(22.,38.9,4.));
#22982=CARTESIAN_POINT('',(22.25,38.9,4.));
#22983=CARTESIAN_POINT('',(22.,32.9,4.));
#22984=CARTESIAN_POINT('',(22.25,32.9,4.));
#22985=CARTESIAN_POINT('',(22.,26.9,4.));
#22986=CARTESIAN_POINT('',(22.25,26.9,4.));
#22987=CARTESIAN_POINT('',(22.,29.9,4.));
#22988=CARTESIAN_POINT('',(22.25,29.9,4.));
#22989=CARTESIAN_POINT('',(28.,44.9,4.));
#22990=CARTESIAN_POINT('',(28.25,44.9,4.));
#22991=CARTESIAN_POINT('',(31.,26.9,4.));
#22992=CARTESIAN_POINT('',(31.25,26.9,4.));
#22993=CARTESIAN_POINT('',(31.,32.9,4.));
#22994=CARTESIAN_POINT('',(31.25,32.9,4.));
#22995=CARTESIAN_POINT('',(31.,38.9,4.));
#22996=CARTESIAN_POINT('',(31.25,38.9,4.));
#22997=CARTESIAN_POINT('',(25.,44.9,4.));
#22998=CARTESIAN_POINT('',(25.25,44.9,4.));
#22999=CARTESIAN_POINT('',(28.,26.9,4.));
#23000=CARTESIAN_POINT('',(28.25,26.9,4.));
#23001=CARTESIAN_POINT('',(28.,32.9,4.));
#23002=CARTESIAN_POINT('',(28.25,32.9,4.));
#23003=CARTESIAN_POINT('',(28.,38.9,4.));
#23004=CARTESIAN_POINT('',(28.25,38.9,4.));
#23005=CARTESIAN_POINT('',(64.,44.9,4.));
#23006=CARTESIAN_POINT('',(64.25,44.9,4.));
#23007=CARTESIAN_POINT('',(67.,26.9,4.));
#23008=CARTESIAN_POINT('',(67.25,26.9,4.));
#23009=CARTESIAN_POINT('',(67.,32.9,4.));
#23010=CARTESIAN_POINT('',(67.25,32.9,4.));
#23011=CARTESIAN_POINT('',(67.,38.9,4.));
#23012=CARTESIAN_POINT('',(67.25,38.9,4.));
#23013=CARTESIAN_POINT('',(61.,44.9,4.));
#23014=CARTESIAN_POINT('',(61.25,44.9,4.));
#23015=CARTESIAN_POINT('',(64.,26.9,4.));
#23016=CARTESIAN_POINT('',(64.25,26.9,4.));
#23017=CARTESIAN_POINT('',(64.,32.9,4.));
#23018=CARTESIAN_POINT('',(64.25,32.9,4.));
#23019=CARTESIAN_POINT('',(64.,38.9,4.));
#23020=CARTESIAN_POINT('',(64.25,38.9,4.));
#23021=CARTESIAN_POINT('',(70.,44.9,4.));
#23022=CARTESIAN_POINT('',(70.25,44.9,4.));
#23023=CARTESIAN_POINT('',(73.,26.9,4.));
#23024=CARTESIAN_POINT('',(73.25,26.9,4.));
#23025=CARTESIAN_POINT('',(73.,32.9,4.));
#23026=CARTESIAN_POINT('',(73.25,32.9,4.));
#23027=CARTESIAN_POINT('',(73.,38.9,4.));
#23028=CARTESIAN_POINT('',(73.25,38.9,4.));
#23029=CARTESIAN_POINT('',(67.,44.9,4.));
#23030=CARTESIAN_POINT('',(67.25,44.9,4.));
#23031=CARTESIAN_POINT('',(70.,26.9,4.));
#23032=CARTESIAN_POINT('',(70.25,26.9,4.));
#23033=CARTESIAN_POINT('',(70.,32.9,4.));
#23034=CARTESIAN_POINT('',(70.25,32.9,4.));
#23035=CARTESIAN_POINT('',(70.,38.9,4.));
#23036=CARTESIAN_POINT('',(70.25,38.9,4.));
#23037=CARTESIAN_POINT('',(52.,44.9,4.));
#23038=CARTESIAN_POINT('',(52.25,44.9,4.));
#23039=CARTESIAN_POINT('',(55.,26.9,4.));
#23040=CARTESIAN_POINT('',(55.25,26.9,4.));
#23041=CARTESIAN_POINT('',(55.,32.9,4.));
#23042=CARTESIAN_POINT('',(55.25,32.9,4.));
#23043=CARTESIAN_POINT('',(55.,38.9,4.));
#23044=CARTESIAN_POINT('',(55.25,38.9,4.));
#23045=CARTESIAN_POINT('',(43.,44.9,4.));
#23046=CARTESIAN_POINT('',(43.25,44.9,4.));
#23047=CARTESIAN_POINT('',(52.,26.9,4.));
#23048=CARTESIAN_POINT('',(52.25,26.9,4.));
#23049=CARTESIAN_POINT('',(52.,32.9,4.));
#23050=CARTESIAN_POINT('',(52.25,32.9,4.));
#23051=CARTESIAN_POINT('',(52.,38.9,4.));
#23052=CARTESIAN_POINT('',(52.25,38.9,4.));
#23053=CARTESIAN_POINT('',(58.,44.9,4.));
#23054=CARTESIAN_POINT('',(58.25,44.9,4.));
#23055=CARTESIAN_POINT('',(61.,26.9,4.));
#23056=CARTESIAN_POINT('',(61.25,26.9,4.));
#23057=CARTESIAN_POINT('',(61.,32.9,4.));
#23058=CARTESIAN_POINT('',(61.25,32.9,4.));
#23059=CARTESIAN_POINT('',(61.,38.9,4.));
#23060=CARTESIAN_POINT('',(61.25,38.9,4.));
#23061=CARTESIAN_POINT('',(55.,44.9,4.));
#23062=CARTESIAN_POINT('',(55.25,44.9,4.));
#23063=CARTESIAN_POINT('',(58.,26.9,4.));
#23064=CARTESIAN_POINT('',(58.25,26.9,4.));
#23065=CARTESIAN_POINT('',(58.,32.9,4.));
#23066=CARTESIAN_POINT('',(58.25,32.9,4.));
#23067=CARTESIAN_POINT('',(58.,38.9,4.));
#23068=CARTESIAN_POINT('',(58.25,38.9,4.));
#23069=CARTESIAN_POINT('',(61.,29.9,4.));
#23070=CARTESIAN_POINT('',(61.25,29.9,4.));
#23071=CARTESIAN_POINT('',(58.,47.9,4.));
#23072=CARTESIAN_POINT('',(58.25,47.9,4.));
#23073=CARTESIAN_POINT('',(58.,41.9,4.));
#23074=CARTESIAN_POINT('',(58.25,41.9,4.));
#23075=CARTESIAN_POINT('',(58.,35.9,4.));
#23076=CARTESIAN_POINT('',(58.25,35.9,4.));
#23077=CARTESIAN_POINT('',(64.,29.9,4.));
#23078=CARTESIAN_POINT('',(64.25,29.9,4.));
#23079=CARTESIAN_POINT('',(61.,47.9,4.));
#23080=CARTESIAN_POINT('',(61.25,47.9,4.));
#23081=CARTESIAN_POINT('',(61.,41.9,4.));
#23082=CARTESIAN_POINT('',(61.25,41.9,4.));
#23083=CARTESIAN_POINT('',(61.,35.9,4.));
#23084=CARTESIAN_POINT('',(61.25,35.9,4.));
#23085=CARTESIAN_POINT('',(55.,29.9,4.));
#23086=CARTESIAN_POINT('',(55.25,29.9,4.));
#23087=CARTESIAN_POINT('',(52.,47.9,4.));
#23088=CARTESIAN_POINT('',(52.25,47.9,4.));
#23089=CARTESIAN_POINT('',(52.,41.9,4.));
#23090=CARTESIAN_POINT('',(52.25,41.9,4.));
#23091=CARTESIAN_POINT('',(52.,35.9,4.));
#23092=CARTESIAN_POINT('',(52.25,35.9,4.));
#23093=CARTESIAN_POINT('',(58.,29.9,4.));
#23094=CARTESIAN_POINT('',(58.25,29.9,4.));
#23095=CARTESIAN_POINT('',(55.,47.9,4.));
#23096=CARTESIAN_POINT('',(55.25,47.9,4.));
#23097=CARTESIAN_POINT('',(55.,41.9,4.));
#23098=CARTESIAN_POINT('',(55.25,41.9,4.));
#23099=CARTESIAN_POINT('',(55.,35.9,4.));
#23100=CARTESIAN_POINT('',(55.25,35.9,4.));
#23101=CARTESIAN_POINT('',(73.,29.9,4.));
#23102=CARTESIAN_POINT('',(73.25,29.9,4.));
#23103=CARTESIAN_POINT('',(70.,47.9,4.));
#23104=CARTESIAN_POINT('',(70.25,47.9,4.));
#23105=CARTESIAN_POINT('',(70.,41.9,4.));
#23106=CARTESIAN_POINT('',(70.25,41.9,4.));
#23107=CARTESIAN_POINT('',(70.,35.9,4.));
#23108=CARTESIAN_POINT('',(70.25,35.9,4.));
#23109=CARTESIAN_POINT('',(73.,35.9,4.));
#23110=CARTESIAN_POINT('',(73.25,35.9,4.));
#23111=CARTESIAN_POINT('',(73.,41.9,4.));
#23112=CARTESIAN_POINT('',(73.25,41.9,4.));
#23113=CARTESIAN_POINT('',(73.,47.9,4.));
#23114=CARTESIAN_POINT('',(73.25,47.9,4.));
#23115=CARTESIAN_POINT('',(67.,29.9,4.));
#23116=CARTESIAN_POINT('',(67.25,29.9,4.));
#23117=CARTESIAN_POINT('',(64.,47.9,4.));
#23118=CARTESIAN_POINT('',(64.25,47.9,4.));
#23119=CARTESIAN_POINT('',(64.,41.9,4.));
#23120=CARTESIAN_POINT('',(64.25,41.9,4.));
#23121=CARTESIAN_POINT('',(64.,35.9,4.));
#23122=CARTESIAN_POINT('',(64.25,35.9,4.));
#23123=CARTESIAN_POINT('',(70.,29.9,4.));
#23124=CARTESIAN_POINT('',(70.25,29.9,4.));
#23125=CARTESIAN_POINT('',(67.,47.9,4.));
#23126=CARTESIAN_POINT('',(67.25,47.9,4.));
#23127=CARTESIAN_POINT('',(67.,41.9,4.));
#23128=CARTESIAN_POINT('',(67.25,41.9,4.));
#23129=CARTESIAN_POINT('',(67.,35.9,4.));
#23130=CARTESIAN_POINT('',(67.25,35.9,4.));
#23131=CARTESIAN_POINT('',(31.,29.9,4.));
#23132=CARTESIAN_POINT('',(31.25,29.9,4.));
#23133=CARTESIAN_POINT('',(28.,47.9,4.));
#23134=CARTESIAN_POINT('',(28.25,47.9,4.));
#23135=CARTESIAN_POINT('',(28.,41.9,4.));
#23136=CARTESIAN_POINT('',(28.25,41.9,4.));
#23137=CARTESIAN_POINT('',(28.,35.9,4.));
#23138=CARTESIAN_POINT('',(28.25,35.9,4.));
#23139=CARTESIAN_POINT('',(34.,29.9,4.));
#23140=CARTESIAN_POINT('',(34.25,29.9,4.));
#23141=CARTESIAN_POINT('',(31.,47.9,4.));
#23142=CARTESIAN_POINT('',(31.25,47.9,4.));
#23143=CARTESIAN_POINT('',(31.,41.9,4.));
#23144=CARTESIAN_POINT('',(31.25,41.9,4.));
#23145=CARTESIAN_POINT('',(31.,35.9,4.));
#23146=CARTESIAN_POINT('',(31.25,35.9,4.));
#23147=CARTESIAN_POINT('',(25.,29.9,4.));
#23148=CARTESIAN_POINT('',(25.25,29.9,4.));
#23149=CARTESIAN_POINT('',(22.,47.9,4.));
#23150=CARTESIAN_POINT('',(22.25,47.9,4.));
#23151=CARTESIAN_POINT('',(22.,41.9,4.));
#23152=CARTESIAN_POINT('',(22.25,41.9,4.));
#23153=CARTESIAN_POINT('',(22.,35.9,4.));
#23154=CARTESIAN_POINT('',(22.25,35.9,4.));
#23155=CARTESIAN_POINT('',(28.,29.9,4.));
#23156=CARTESIAN_POINT('',(28.25,29.9,4.));
#23157=CARTESIAN_POINT('',(25.,47.9,4.));
#23158=CARTESIAN_POINT('',(25.25,47.9,4.));
#23159=CARTESIAN_POINT('',(25.,41.9,4.));
#23160=CARTESIAN_POINT('',(25.25,41.9,4.));
#23161=CARTESIAN_POINT('',(25.,35.9,4.));
#23162=CARTESIAN_POINT('',(25.25,35.9,4.));
#23163=CARTESIAN_POINT('',(43.,29.9,4.));
#23164=CARTESIAN_POINT('',(43.25,29.9,4.));
#23165=CARTESIAN_POINT('',(40.,47.9,4.));
#23166=CARTESIAN_POINT('',(40.25,47.9,4.));
#23167=CARTESIAN_POINT('',(40.,41.9,4.));
#23168=CARTESIAN_POINT('',(40.25,41.9,4.));
#23169=CARTESIAN_POINT('',(40.,35.9,4.));
#23170=CARTESIAN_POINT('',(40.25,35.9,4.));
#23171=CARTESIAN_POINT('',(52.,29.9,4.));
#23172=CARTESIAN_POINT('',(52.25,29.9,4.));
#23173=CARTESIAN_POINT('',(43.,47.9,4.));
#23174=CARTESIAN_POINT('',(43.25,47.9,4.));
#23175=CARTESIAN_POINT('',(43.,41.9,4.));
#23176=CARTESIAN_POINT('',(43.25,41.9,4.));
#23177=CARTESIAN_POINT('',(43.,35.9,4.));
#23178=CARTESIAN_POINT('',(43.25,35.9,4.));
#23179=CARTESIAN_POINT('',(37.,29.9,4.));
#23180=CARTESIAN_POINT('',(37.25,29.9,4.));
#23181=CARTESIAN_POINT('',(34.,47.9,4.));
#23182=CARTESIAN_POINT('',(34.25,47.9,4.));
#23183=CARTESIAN_POINT('',(34.,41.9,4.));
#23184=CARTESIAN_POINT('',(34.25,41.9,4.));
#23185=CARTESIAN_POINT('',(34.,35.9,4.));
#23186=CARTESIAN_POINT('',(34.25,35.9,4.));
#23187=CARTESIAN_POINT('',(40.,29.9,4.));
#23188=CARTESIAN_POINT('',(40.25,29.9,4.));
#23189=CARTESIAN_POINT('',(37.,47.9,4.));
#23190=CARTESIAN_POINT('',(37.25,47.9,4.));
#23191=CARTESIAN_POINT('',(37.,41.9,4.));
#23192=CARTESIAN_POINT('',(37.25,41.9,4.));
#23193=CARTESIAN_POINT('',(37.,35.9,4.));
#23194=CARTESIAN_POINT('',(37.25,35.9,4.));
#23195=CARTESIAN_POINT('',(73.,44.9,4.));
#23196=CARTESIAN_POINT('',(73.25,44.9,4.));
#23197=CARTESIAN_POINT('',(0.,75.,4.));
#23198=CARTESIAN_POINT('',(0.,75.,4.));
#23199=CARTESIAN_POINT('',(0.,0.,4.));
#23200=CARTESIAN_POINT('',(0.,0.,4.));
#23201=CARTESIAN_POINT('',(95.,0.,4.));
#23202=CARTESIAN_POINT('',(95.,0.,4.));
#23203=CARTESIAN_POINT('',(95.,75.,4.));
#23204=CARTESIAN_POINT('',(95.,75.,4.));
#23205=CARTESIAN_POINT('',(71.,62.5,4.));
#23206=CARTESIAN_POINT('',(71.,62.5,4.));
#23207=CARTESIAN_POINT('',(78.,62.5,4.));
#23208=CARTESIAN_POINT('',(71.,73.,4.));
#23209=CARTESIAN_POINT('',(71.,73.,4.));
#23210=CARTESIAN_POINT('',(78.,73.,4.));
#23211=CARTESIAN_POINT('',(78.,73.,4.));
#23212=CARTESIAN_POINT('',(78.,62.5,4.));
#23213=CARTESIAN_POINT('',(17.,12.5,4.));
#23214=CARTESIAN_POINT('',(17.,2.,4.));
#23215=CARTESIAN_POINT('',(78.,12.5,4.));
#23216=CARTESIAN_POINT('',(78.,2.,4.));
#23217=CARTESIAN_POINT('',(78.,2.,4.));
#23218=CARTESIAN_POINT('',(0.,0.,4.));
#23219=CARTESIAN_POINT('',(95.,75.,2.));
#23220=CARTESIAN_POINT('',(95.,75.,2.));
#23221=CARTESIAN_POINT('',(0.,75.,2.));
#23222=CARTESIAN_POINT('',(95.,0.,2.));
#23223=CARTESIAN_POINT('',(95.,0.,2.));
#23224=CARTESIAN_POINT('',(0.,0.,2.));
#23225=CARTESIAN_POINT('',(0.,0.,2.));
#23226=CARTESIAN_POINT('',(0.,0.,2.));
#23227=CARTESIAN_POINT('',(17.,75.,2.));
#23228=CARTESIAN_POINT('',(17.,2.,2.));
#23229=CARTESIAN_POINT('',(78.,2.,2.));
#23230=CARTESIAN_POINT('',(78.,2.,2.));
#23231=CARTESIAN_POINT('',(78.,75.,2.));
#23232=CARTESIAN_POINT('',(78.,75.,2.));
#23233=CARTESIAN_POINT('',(78.,62.5,2.));
#23234=CARTESIAN_POINT('',(78.,75.,2.));
#23235=CARTESIAN_POINT('',(78.,73.,2.));
#23236=CARTESIAN_POINT('',(17.,73.,2.));
#23237=CARTESIAN_POINT('',(71.,73.,2.));
#23238=CARTESIAN_POINT('',(71.,73.,2.));
#23239=CARTESIAN_POINT('',(24.,73.,2.));
#23240=CARTESIAN_POINT('',(17.,73.,2.));
#23241=CARTESIAN_POINT('',(17.,73.,2.));
#23242=CARTESIAN_POINT('',(17.,75.,2.));
#23243=CARTESIAN_POINT('',(17.,62.5,2.));
#23244=CARTESIAN_POINT('',(17.,75.,2.));
#23245=CARTESIAN_POINT('',(0.,0.,2.));
#23246=CARTESIAN_POINT('',(24.,62.5,4.));
#23247=CARTESIAN_POINT('',(24.,62.5,0.));
#23248=CARTESIAN_POINT('',(24.,62.5,0.));
#23249=CARTESIAN_POINT('',(17.,62.5,0.));
#23250=CARTESIAN_POINT('',(17.,62.5,4.));
#23251=CARTESIAN_POINT('',(17.,62.5,4.));
#23252=CARTESIAN_POINT('',(24.,62.5,4.));
#23253=CARTESIAN_POINT('',(74.9,51.6,0.));
#23254=CARTESIAN_POINT('',(74.9,23.2,0.));
#23255=CARTESIAN_POINT('',(19.,23.2,0.));
#23256=CARTESIAN_POINT('',(76.,23.2,0.));
#23257=CARTESIAN_POINT('',(76.,23.2,0.));
#23258=CARTESIAN_POINT('',(76.,51.8,0.));
#23259=CARTESIAN_POINT('',(76.,51.8,0.));
#23260=CARTESIAN_POINT('',(19.,51.8,0.));
#23261=CARTESIAN_POINT('',(19.,51.6,0.));
#23262=CARTESIAN_POINT('',(19.,23.2,0.));
#23263=CARTESIAN_POINT('',(19.,23.2,0.));
#23264=CARTESIAN_POINT('',(20.1,23.2,0.));
#23265=CARTESIAN_POINT('',(20.1,51.6,0.));
#23266=CARTESIAN_POINT('',(17.,75.,0.));
#23267=CARTESIAN_POINT('',(24.,73.,0.));
#23268=CARTESIAN_POINT('',(24.,73.,0.));
#23269=CARTESIAN_POINT('',(71.,73.,0.));
#23270=CARTESIAN_POINT('',(71.,73.,0.));
#23271=CARTESIAN_POINT('',(71.,62.5,0.));
#23272=CARTESIAN_POINT('',(71.,62.5,0.));
#23273=CARTESIAN_POINT('',(24.,62.5,0.));
#23274=CARTESIAN_POINT('',(78.,62.5,0.));
#23275=CARTESIAN_POINT('',(78.,75.,0.));
#23276=CARTESIAN_POINT('',(0.,0.,0.));
#23277=CARTESIAN_POINT('',(19.,23.2,2.));
#23278=CARTESIAN_POINT('',(20.1,23.2,2.));
#23279=CARTESIAN_POINT('',(19.,23.2,2.));
#23280=CARTESIAN_POINT('',(20.1,23.2,2.));
#23281=CARTESIAN_POINT('',(19.,23.2,2.));
#23282=CARTESIAN_POINT('',(19.,23.2,2.));
#23283=CARTESIAN_POINT('',(74.9,23.2,2.));
#23284=CARTESIAN_POINT('',(74.9,23.2,2.));
#23285=CARTESIAN_POINT('',(19.,23.2,2.));
#23286=CARTESIAN_POINT('',(76.,23.2,2.));
#23287=CARTESIAN_POINT('',(76.,23.2,2.));
#23288=CARTESIAN_POINT('',(19.,23.2,2.));
#23289=CARTESIAN_POINT('',(73.,44.9,2.));
#23290=CARTESIAN_POINT('',(73.25,44.9,2.));
#23291=CARTESIAN_POINT('',(67.,35.9,2.));
#23292=CARTESIAN_POINT('',(67.25,35.9,2.));
#23293=CARTESIAN_POINT('',(67.,41.9,2.));
#23294=CARTESIAN_POINT('',(67.25,41.9,2.));
#23295=CARTESIAN_POINT('',(67.,47.9,2.));
#23296=CARTESIAN_POINT('',(67.25,47.9,2.));
#23297=CARTESIAN_POINT('',(70.,29.9,2.));
#23298=CARTESIAN_POINT('',(70.25,29.9,2.));
#23299=CARTESIAN_POINT('',(64.,35.9,2.));
#23300=CARTESIAN_POINT('',(64.25,35.9,2.));
#23301=CARTESIAN_POINT('',(64.,41.9,2.));
#23302=CARTESIAN_POINT('',(64.25,41.9,2.));
#23303=CARTESIAN_POINT('',(64.,47.9,2.));
#23304=CARTESIAN_POINT('',(64.25,47.9,2.));
#23305=CARTESIAN_POINT('',(67.,29.9,2.));
#23306=CARTESIAN_POINT('',(67.25,29.9,2.));
#23307=CARTESIAN_POINT('',(73.,47.9,2.));
#23308=CARTESIAN_POINT('',(73.25,47.9,2.));
#23309=CARTESIAN_POINT('',(73.,41.9,2.));
#23310=CARTESIAN_POINT('',(73.25,41.9,2.));
#23311=CARTESIAN_POINT('',(73.,35.9,2.));
#23312=CARTESIAN_POINT('',(73.25,35.9,2.));
#23313=CARTESIAN_POINT('',(70.,35.9,2.));
#23314=CARTESIAN_POINT('',(70.25,35.9,2.));
#23315=CARTESIAN_POINT('',(70.,41.9,2.));
#23316=CARTESIAN_POINT('',(70.25,41.9,2.));
#23317=CARTESIAN_POINT('',(70.,47.9,2.));
#23318=CARTESIAN_POINT('',(70.25,47.9,2.));
#23319=CARTESIAN_POINT('',(73.,29.9,2.));
#23320=CARTESIAN_POINT('',(73.25,29.9,2.));
#23321=CARTESIAN_POINT('',(64.,29.9,2.));
#23322=CARTESIAN_POINT('',(64.25,29.9,2.));
#23323=CARTESIAN_POINT('',(70.,38.9,2.));
#23324=CARTESIAN_POINT('',(70.25,38.9,2.));
#23325=CARTESIAN_POINT('',(70.,32.9,2.));
#23326=CARTESIAN_POINT('',(70.25,32.9,2.));
#23327=CARTESIAN_POINT('',(70.,26.9,2.));
#23328=CARTESIAN_POINT('',(70.25,26.9,2.));
#23329=CARTESIAN_POINT('',(67.,44.9,2.));
#23330=CARTESIAN_POINT('',(67.25,44.9,2.));
#23331=CARTESIAN_POINT('',(73.,38.9,2.));
#23332=CARTESIAN_POINT('',(73.25,38.9,2.));
#23333=CARTESIAN_POINT('',(73.,32.9,2.));
#23334=CARTESIAN_POINT('',(73.25,32.9,2.));
#23335=CARTESIAN_POINT('',(73.,26.9,2.));
#23336=CARTESIAN_POINT('',(73.25,26.9,2.));
#23337=CARTESIAN_POINT('',(70.,44.9,2.));
#23338=CARTESIAN_POINT('',(70.25,44.9,2.));
#23339=CARTESIAN_POINT('',(64.,38.9,2.));
#23340=CARTESIAN_POINT('',(64.25,38.9,2.));
#23341=CARTESIAN_POINT('',(64.,32.9,2.));
#23342=CARTESIAN_POINT('',(64.25,32.9,2.));
#23343=CARTESIAN_POINT('',(64.,26.9,2.));
#23344=CARTESIAN_POINT('',(64.25,26.9,2.));
#23345=CARTESIAN_POINT('',(67.,38.9,2.));
#23346=CARTESIAN_POINT('',(67.25,38.9,2.));
#23347=CARTESIAN_POINT('',(67.,32.9,2.));
#23348=CARTESIAN_POINT('',(67.25,32.9,2.));
#23349=CARTESIAN_POINT('',(67.,26.9,2.));
#23350=CARTESIAN_POINT('',(67.25,26.9,2.));
#23351=CARTESIAN_POINT('',(64.,44.9,2.));
#23352=CARTESIAN_POINT('',(64.25,44.9,2.));
#23353=CARTESIAN_POINT('',(0.,51.8,2.));
#23354=CARTESIAN_POINT('',(0.,0.,2.));
#23355=CARTESIAN_POINT('',(20.1,0.,2.));
#23356=CARTESIAN_POINT('',(20.1,51.8,2.));
#23357=CARTESIAN_POINT('',(19.,51.6,2.));
#23358=CARTESIAN_POINT('',(19.,51.8,2.));
#23359=CARTESIAN_POINT('',(0.,51.8,2.));
#23360=CARTESIAN_POINT('',(0.,0.,2.));
#23361=CARTESIAN_POINT('',(31.,44.9,2.));
#23362=CARTESIAN_POINT('',(31.25,44.9,2.));
#23363=CARTESIAN_POINT('',(22.,44.9,2.));
#23364=CARTESIAN_POINT('',(22.25,44.9,2.));
#23365=CARTESIAN_POINT('',(25.,26.9,2.));
#23366=CARTESIAN_POINT('',(25.25,26.9,2.));
#23367=CARTESIAN_POINT('',(25.,32.9,2.));
#23368=CARTESIAN_POINT('',(25.25,32.9,2.));
#23369=CARTESIAN_POINT('',(25.,38.9,2.));
#23370=CARTESIAN_POINT('',(25.25,38.9,2.));
#23371=CARTESIAN_POINT('',(22.,38.9,2.));
#23372=CARTESIAN_POINT('',(22.25,38.9,2.));
#23373=CARTESIAN_POINT('',(22.,32.9,2.));
#23374=CARTESIAN_POINT('',(22.25,32.9,2.));
#23375=CARTESIAN_POINT('',(22.,26.9,2.));
#23376=CARTESIAN_POINT('',(22.25,26.9,2.));
#23377=CARTESIAN_POINT('',(22.,29.9,2.));
#23378=CARTESIAN_POINT('',(22.25,29.9,2.));
#23379=CARTESIAN_POINT('',(28.,44.9,2.));
#23380=CARTESIAN_POINT('',(28.25,44.9,2.));
#23381=CARTESIAN_POINT('',(31.,26.9,2.));
#23382=CARTESIAN_POINT('',(31.25,26.9,2.));
#23383=CARTESIAN_POINT('',(31.,32.9,2.));
#23384=CARTESIAN_POINT('',(31.25,32.9,2.));
#23385=CARTESIAN_POINT('',(31.,38.9,2.));
#23386=CARTESIAN_POINT('',(31.25,38.9,2.));
#23387=CARTESIAN_POINT('',(25.,44.9,2.));
#23388=CARTESIAN_POINT('',(25.25,44.9,2.));
#23389=CARTESIAN_POINT('',(28.,26.9,2.));
#23390=CARTESIAN_POINT('',(28.25,26.9,2.));
#23391=CARTESIAN_POINT('',(28.,32.9,2.));
#23392=CARTESIAN_POINT('',(28.25,32.9,2.));
#23393=CARTESIAN_POINT('',(28.,38.9,2.));
#23394=CARTESIAN_POINT('',(28.25,38.9,2.));
#23395=CARTESIAN_POINT('',(31.,29.9,2.));
#23396=CARTESIAN_POINT('',(31.25,29.9,2.));
#23397=CARTESIAN_POINT('',(28.,47.9,2.));
#23398=CARTESIAN_POINT('',(28.25,47.9,2.));
#23399=CARTESIAN_POINT('',(28.,41.9,2.));
#23400=CARTESIAN_POINT('',(28.25,41.9,2.));
#23401=CARTESIAN_POINT('',(28.,35.9,2.));
#23402=CARTESIAN_POINT('',(28.25,35.9,2.));
#23403=CARTESIAN_POINT('',(31.,47.9,2.));
#23404=CARTESIAN_POINT('',(31.25,47.9,2.));
#23405=CARTESIAN_POINT('',(31.,41.9,2.));
#23406=CARTESIAN_POINT('',(31.25,41.9,2.));
#23407=CARTESIAN_POINT('',(31.,35.9,2.));
#23408=CARTESIAN_POINT('',(31.25,35.9,2.));
#23409=CARTESIAN_POINT('',(25.,29.9,2.));
#23410=CARTESIAN_POINT('',(25.25,29.9,2.));
#23411=CARTESIAN_POINT('',(22.,47.9,2.));
#23412=CARTESIAN_POINT('',(22.25,47.9,2.));
#23413=CARTESIAN_POINT('',(22.,41.9,2.));
#23414=CARTESIAN_POINT('',(22.25,41.9,2.));
#23415=CARTESIAN_POINT('',(22.,35.9,2.));
#23416=CARTESIAN_POINT('',(22.25,35.9,2.));
#23417=CARTESIAN_POINT('',(28.,29.9,2.));
#23418=CARTESIAN_POINT('',(28.25,29.9,2.));
#23419=CARTESIAN_POINT('',(25.,47.9,2.));
#23420=CARTESIAN_POINT('',(25.25,47.9,2.));
#23421=CARTESIAN_POINT('',(25.,41.9,2.));
#23422=CARTESIAN_POINT('',(25.25,41.9,2.));
#23423=CARTESIAN_POINT('',(25.,35.9,2.));
#23424=CARTESIAN_POINT('',(25.25,35.9,2.));
#23425=CARTESIAN_POINT('',(20.9,0.,2.));
#23426=CARTESIAN_POINT('',(20.9,51.8,2.));
#23427=CARTESIAN_POINT('',(0.,51.8,2.));
#23428=CARTESIAN_POINT('',(0.,0.,2.));
#23429=CARTESIAN_POINT('',(37.,35.9,2.));
#23430=CARTESIAN_POINT('',(37.25,35.9,2.));
#23431=CARTESIAN_POINT('',(37.,41.9,2.));
#23432=CARTESIAN_POINT('',(37.25,41.9,2.));
#23433=CARTESIAN_POINT('',(37.,47.9,2.));
#23434=CARTESIAN_POINT('',(37.25,47.9,2.));
#23435=CARTESIAN_POINT('',(40.,29.9,2.));
#23436=CARTESIAN_POINT('',(40.25,29.9,2.));
#23437=CARTESIAN_POINT('',(34.,35.9,2.));
#23438=CARTESIAN_POINT('',(34.25,35.9,2.));
#23439=CARTESIAN_POINT('',(34.,41.9,2.));
#23440=CARTESIAN_POINT('',(34.25,41.9,2.));
#23441=CARTESIAN_POINT('',(34.,47.9,2.));
#23442=CARTESIAN_POINT('',(34.25,47.9,2.));
#23443=CARTESIAN_POINT('',(37.,29.9,2.));
#23444=CARTESIAN_POINT('',(37.25,29.9,2.));
#23445=CARTESIAN_POINT('',(43.,35.9,2.));
#23446=CARTESIAN_POINT('',(43.25,35.9,2.));
#23447=CARTESIAN_POINT('',(43.,41.9,2.));
#23448=CARTESIAN_POINT('',(43.25,41.9,2.));
#23449=CARTESIAN_POINT('',(43.,47.9,2.));
#23450=CARTESIAN_POINT('',(43.25,47.9,2.));
#23451=CARTESIAN_POINT('',(40.,35.9,2.));
#23452=CARTESIAN_POINT('',(40.25,35.9,2.));
#23453=CARTESIAN_POINT('',(40.,41.9,2.));
#23454=CARTESIAN_POINT('',(40.25,41.9,2.));
#23455=CARTESIAN_POINT('',(40.,47.9,2.));
#23456=CARTESIAN_POINT('',(40.25,47.9,2.));
#23457=CARTESIAN_POINT('',(43.,29.9,2.));
#23458=CARTESIAN_POINT('',(43.25,29.9,2.));
#23459=CARTESIAN_POINT('',(34.,29.9,2.));
#23460=CARTESIAN_POINT('',(34.25,29.9,2.));
#23461=CARTESIAN_POINT('',(43.,44.9,2.));
#23462=CARTESIAN_POINT('',(43.25,44.9,2.));
#23463=CARTESIAN_POINT('',(40.,38.9,2.));
#23464=CARTESIAN_POINT('',(40.25,38.9,2.));
#23465=CARTESIAN_POINT('',(40.,32.9,2.));
#23466=CARTESIAN_POINT('',(40.25,32.9,2.));
#23467=CARTESIAN_POINT('',(40.,26.9,2.));
#23468=CARTESIAN_POINT('',(40.25,26.9,2.));
#23469=CARTESIAN_POINT('',(37.,44.9,2.));
#23470=CARTESIAN_POINT('',(37.25,44.9,2.));
#23471=CARTESIAN_POINT('',(43.,38.9,2.));
#23472=CARTESIAN_POINT('',(43.25,38.9,2.));
#23473=CARTESIAN_POINT('',(43.,32.9,2.));
#23474=CARTESIAN_POINT('',(43.25,32.9,2.));
#23475=CARTESIAN_POINT('',(43.,26.9,2.));
#23476=CARTESIAN_POINT('',(43.25,26.9,2.));
#23477=CARTESIAN_POINT('',(40.,44.9,2.));
#23478=CARTESIAN_POINT('',(40.25,44.9,2.));
#23479=CARTESIAN_POINT('',(34.,38.9,2.));
#23480=CARTESIAN_POINT('',(34.25,38.9,2.));
#23481=CARTESIAN_POINT('',(34.,32.9,2.));
#23482=CARTESIAN_POINT('',(34.25,32.9,2.));
#23483=CARTESIAN_POINT('',(34.,26.9,2.));
#23484=CARTESIAN_POINT('',(34.25,26.9,2.));
#23485=CARTESIAN_POINT('',(37.,38.9,2.));
#23486=CARTESIAN_POINT('',(37.25,38.9,2.));
#23487=CARTESIAN_POINT('',(37.,32.9,2.));
#23488=CARTESIAN_POINT('',(37.25,32.9,2.));
#23489=CARTESIAN_POINT('',(37.,26.9,2.));
#23490=CARTESIAN_POINT('',(37.25,26.9,2.));
#23491=CARTESIAN_POINT('',(34.,44.9,2.));
#23492=CARTESIAN_POINT('',(34.25,44.9,2.));
#23493=CARTESIAN_POINT('',(0.,51.8,2.));
#23494=CARTESIAN_POINT('',(0.,0.,2.));
#23495=CARTESIAN_POINT('',(0.,51.8,2.));
#23496=CARTESIAN_POINT('',(0.,0.,2.));
#23497=CARTESIAN_POINT('',(52.,29.9,2.));
#23498=CARTESIAN_POINT('',(52.25,29.9,2.));
#23499=CARTESIAN_POINT('',(55.,35.9,2.));
#23500=CARTESIAN_POINT('',(55.25,35.9,2.));
#23501=CARTESIAN_POINT('',(55.,41.9,2.));
#23502=CARTESIAN_POINT('',(55.25,41.9,2.));
#23503=CARTESIAN_POINT('',(55.,47.9,2.));
#23504=CARTESIAN_POINT('',(55.25,47.9,2.));
#23505=CARTESIAN_POINT('',(58.,29.9,2.));
#23506=CARTESIAN_POINT('',(58.25,29.9,2.));
#23507=CARTESIAN_POINT('',(52.,35.9,2.));
#23508=CARTESIAN_POINT('',(52.25,35.9,2.));
#23509=CARTESIAN_POINT('',(52.,41.9,2.));
#23510=CARTESIAN_POINT('',(52.25,41.9,2.));
#23511=CARTESIAN_POINT('',(52.,47.9,2.));
#23512=CARTESIAN_POINT('',(52.25,47.9,2.));
#23513=CARTESIAN_POINT('',(55.,29.9,2.));
#23514=CARTESIAN_POINT('',(55.25,29.9,2.));
#23515=CARTESIAN_POINT('',(61.,35.9,2.));
#23516=CARTESIAN_POINT('',(61.25,35.9,2.));
#23517=CARTESIAN_POINT('',(61.,41.9,2.));
#23518=CARTESIAN_POINT('',(61.25,41.9,2.));
#23519=CARTESIAN_POINT('',(61.,47.9,2.));
#23520=CARTESIAN_POINT('',(61.25,47.9,2.));
#23521=CARTESIAN_POINT('',(58.,35.9,2.));
#23522=CARTESIAN_POINT('',(58.25,35.9,2.));
#23523=CARTESIAN_POINT('',(58.,41.9,2.));
#23524=CARTESIAN_POINT('',(58.25,41.9,2.));
#23525=CARTESIAN_POINT('',(58.,47.9,2.));
#23526=CARTESIAN_POINT('',(58.25,47.9,2.));
#23527=CARTESIAN_POINT('',(61.,29.9,2.));
#23528=CARTESIAN_POINT('',(61.25,29.9,2.));
#23529=CARTESIAN_POINT('',(58.,38.9,2.));
#23530=CARTESIAN_POINT('',(58.25,38.9,2.));
#23531=CARTESIAN_POINT('',(58.,32.9,2.));
#23532=CARTESIAN_POINT('',(58.25,32.9,2.));
#23533=CARTESIAN_POINT('',(58.,26.9,2.));
#23534=CARTESIAN_POINT('',(58.25,26.9,2.));
#23535=CARTESIAN_POINT('',(55.,44.9,2.));
#23536=CARTESIAN_POINT('',(55.25,44.9,2.));
#23537=CARTESIAN_POINT('',(61.,38.9,2.));
#23538=CARTESIAN_POINT('',(61.25,38.9,2.));
#23539=CARTESIAN_POINT('',(61.,32.9,2.));
#23540=CARTESIAN_POINT('',(61.25,32.9,2.));
#23541=CARTESIAN_POINT('',(61.,26.9,2.));
#23542=CARTESIAN_POINT('',(61.25,26.9,2.));
#23543=CARTESIAN_POINT('',(58.,44.9,2.));
#23544=CARTESIAN_POINT('',(58.25,44.9,2.));
#23545=CARTESIAN_POINT('',(52.,38.9,2.));
#23546=CARTESIAN_POINT('',(52.25,38.9,2.));
#23547=CARTESIAN_POINT('',(52.,32.9,2.));
#23548=CARTESIAN_POINT('',(52.25,32.9,2.));
#23549=CARTESIAN_POINT('',(52.,26.9,2.));
#23550=CARTESIAN_POINT('',(52.25,26.9,2.));
#23551=CARTESIAN_POINT('',(55.,38.9,2.));
#23552=CARTESIAN_POINT('',(55.25,38.9,2.));
#23553=CARTESIAN_POINT('',(55.,32.9,2.));
#23554=CARTESIAN_POINT('',(55.25,32.9,2.));
#23555=CARTESIAN_POINT('',(55.,26.9,2.));
#23556=CARTESIAN_POINT('',(55.25,26.9,2.));
#23557=CARTESIAN_POINT('',(52.,44.9,2.));
#23558=CARTESIAN_POINT('',(52.25,44.9,2.));
#23559=CARTESIAN_POINT('',(61.,44.9,2.));
#23560=CARTESIAN_POINT('',(61.25,44.9,2.));
#23561=CARTESIAN_POINT('',(0.,51.8,2.));
#23562=CARTESIAN_POINT('',(0.,0.,2.));
#23563=CARTESIAN_POINT('',(74.9,0.,2.));
#23564=CARTESIAN_POINT('',(74.9,51.8,2.));
#23565=CARTESIAN_POINT('',(0.,51.8,2.));
#23566=CARTESIAN_POINT('',(76.,51.8,2.));
#23567=CARTESIAN_POINT('',(76.,23.2,2.));
#23568=CARTESIAN_POINT('',(0.,0.,2.));
#23569=CARTESIAN_POINT('',(71.,73.,4.));
#23570=CARTESIAN_POINT('',(78.,73.,4.));
#23571=CARTESIAN_POINT('',(17.,73.,4.));
#23572=CARTESIAN_POINT('',(24.,73.,4.));
#23573=CARTESIAN_POINT('',(24.,73.,0.));
#23574=CARTESIAN_POINT('',(24.,73.,4.));
#23575=CARTESIAN_POINT('',(17.,75.,2.));
#23576=CARTESIAN_POINT('',(78.,62.5,4.));
#23577=CARTESIAN_POINT('',(78.,75.,2.));
#23578=CARTESIAN_POINT('',(0.,0.,4.));
#23579=CARTESIAN_POINT('',(0.,75.,4.));
#23580=CARTESIAN_POINT('',(0.,75.,4.));
#23581=CARTESIAN_POINT('',(95.,75.,4.));
#23582=CARTESIAN_POINT('',(95.,75.,4.));
#23583=CARTESIAN_POINT('',(95.,0.,4.));
#23584=CARTESIAN_POINT('',(0.,0.,4.));
#23585=CARTESIAN_POINT('',(95.,0.,4.));
#23586=CARTESIAN_POINT('',(73.,44.9,0.));
#23587=CARTESIAN_POINT('',(37.,35.9,0.));
#23588=CARTESIAN_POINT('',(37.,41.9,0.));
#23589=CARTESIAN_POINT('',(37.,47.9,0.));
#23590=CARTESIAN_POINT('',(40.,29.9,0.));
#23591=CARTESIAN_POINT('',(34.,35.9,0.));
#23592=CARTESIAN_POINT('',(34.,41.9,0.));
#23593=CARTESIAN_POINT('',(34.,47.9,0.));
#23594=CARTESIAN_POINT('',(37.,29.9,0.));
#23595=CARTESIAN_POINT('',(43.,35.9,0.));
#23596=CARTESIAN_POINT('',(43.,41.9,0.));
#23597=CARTESIAN_POINT('',(43.,47.9,0.));
#23598=CARTESIAN_POINT('',(52.,29.9,0.));
#23599=CARTESIAN_POINT('',(40.,35.9,0.));
#23600=CARTESIAN_POINT('',(40.,41.9,0.));
#23601=CARTESIAN_POINT('',(40.,47.9,0.));
#23602=CARTESIAN_POINT('',(43.,29.9,0.));
#23603=CARTESIAN_POINT('',(25.,35.9,0.));
#23604=CARTESIAN_POINT('',(25.,41.9,0.));
#23605=CARTESIAN_POINT('',(25.,47.9,0.));
#23606=CARTESIAN_POINT('',(28.,29.9,0.));
#23607=CARTESIAN_POINT('',(22.,35.9,0.));
#23608=CARTESIAN_POINT('',(22.,41.9,0.));
#23609=CARTESIAN_POINT('',(22.,47.9,0.));
#23610=CARTESIAN_POINT('',(25.,29.9,0.));
#23611=CARTESIAN_POINT('',(31.,35.9,0.));
#23612=CARTESIAN_POINT('',(31.,41.9,0.));
#23613=CARTESIAN_POINT('',(31.,47.9,0.));
#23614=CARTESIAN_POINT('',(34.,29.9,0.));
#23615=CARTESIAN_POINT('',(28.,35.9,0.));
#23616=CARTESIAN_POINT('',(28.,41.9,0.));
#23617=CARTESIAN_POINT('',(28.,47.9,0.));
#23618=CARTESIAN_POINT('',(31.,29.9,0.));
#23619=CARTESIAN_POINT('',(67.,35.9,0.));
#23620=CARTESIAN_POINT('',(67.,41.9,0.));
#23621=CARTESIAN_POINT('',(67.,47.9,0.));
#23622=CARTESIAN_POINT('',(70.,29.9,0.));
#23623=CARTESIAN_POINT('',(64.,35.9,0.));
#23624=CARTESIAN_POINT('',(64.,41.9,0.));
#23625=CARTESIAN_POINT('',(64.,47.9,0.));
#23626=CARTESIAN_POINT('',(67.,29.9,0.));
#23627=CARTESIAN_POINT('',(73.,47.9,0.));
#23628=CARTESIAN_POINT('',(73.,41.9,0.));
#23629=CARTESIAN_POINT('',(73.,35.9,0.));
#23630=CARTESIAN_POINT('',(70.,35.9,0.));
#23631=CARTESIAN_POINT('',(70.,41.9,0.));
#23632=CARTESIAN_POINT('',(70.,47.9,0.));
#23633=CARTESIAN_POINT('',(73.,29.9,0.));
#23634=CARTESIAN_POINT('',(55.,35.9,0.));
#23635=CARTESIAN_POINT('',(55.,41.9,0.));
#23636=CARTESIAN_POINT('',(55.,47.9,0.));
#23637=CARTESIAN_POINT('',(58.,29.9,0.));
#23638=CARTESIAN_POINT('',(52.,35.9,0.));
#23639=CARTESIAN_POINT('',(52.,41.9,0.));
#23640=CARTESIAN_POINT('',(52.,47.9,0.));
#23641=CARTESIAN_POINT('',(55.,29.9,0.));
#23642=CARTESIAN_POINT('',(61.,35.9,0.));
#23643=CARTESIAN_POINT('',(61.,41.9,0.));
#23644=CARTESIAN_POINT('',(61.,47.9,0.));
#23645=CARTESIAN_POINT('',(64.,29.9,0.));
#23646=CARTESIAN_POINT('',(58.,35.9,0.));
#23647=CARTESIAN_POINT('',(58.,41.9,0.));
#23648=CARTESIAN_POINT('',(58.,47.9,0.));
#23649=CARTESIAN_POINT('',(61.,29.9,0.));
#23650=CARTESIAN_POINT('',(58.,38.9,0.));
#23651=CARTESIAN_POINT('',(58.,32.9,0.));
#23652=CARTESIAN_POINT('',(58.,26.9,0.));
#23653=CARTESIAN_POINT('',(55.,44.9,0.));
#23654=CARTESIAN_POINT('',(61.,38.9,0.));
#23655=CARTESIAN_POINT('',(61.,32.9,0.));
#23656=CARTESIAN_POINT('',(61.,26.9,0.));
#23657=CARTESIAN_POINT('',(58.,44.9,0.));
#23658=CARTESIAN_POINT('',(52.,38.9,0.));
#23659=CARTESIAN_POINT('',(52.,32.9,0.));
#23660=CARTESIAN_POINT('',(52.,26.9,0.));
#23661=CARTESIAN_POINT('',(43.,44.9,0.));
#23662=CARTESIAN_POINT('',(55.,38.9,0.));
#23663=CARTESIAN_POINT('',(55.,32.9,0.));
#23664=CARTESIAN_POINT('',(55.,26.9,0.));
#23665=CARTESIAN_POINT('',(52.,44.9,0.));
#23666=CARTESIAN_POINT('',(70.,38.9,0.));
#23667=CARTESIAN_POINT('',(70.,32.9,0.));
#23668=CARTESIAN_POINT('',(70.,26.9,0.));
#23669=CARTESIAN_POINT('',(67.,44.9,0.));
#23670=CARTESIAN_POINT('',(73.,38.9,0.));
#23671=CARTESIAN_POINT('',(73.,32.9,0.));
#23672=CARTESIAN_POINT('',(73.,26.9,0.));
#23673=CARTESIAN_POINT('',(70.,44.9,0.));
#23674=CARTESIAN_POINT('',(64.,38.9,0.));
#23675=CARTESIAN_POINT('',(64.,32.9,0.));
#23676=CARTESIAN_POINT('',(64.,26.9,0.));
#23677=CARTESIAN_POINT('',(61.,44.9,0.));
#23678=CARTESIAN_POINT('',(67.,38.9,0.));
#23679=CARTESIAN_POINT('',(67.,32.9,0.));
#23680=CARTESIAN_POINT('',(67.,26.9,0.));
#23681=CARTESIAN_POINT('',(64.,44.9,0.));
#23682=CARTESIAN_POINT('',(28.,38.9,0.));
#23683=CARTESIAN_POINT('',(28.,32.9,0.));
#23684=CARTESIAN_POINT('',(28.,26.9,0.));
#23685=CARTESIAN_POINT('',(25.,44.9,0.));
#23686=CARTESIAN_POINT('',(31.,38.9,0.));
#23687=CARTESIAN_POINT('',(31.,32.9,0.));
#23688=CARTESIAN_POINT('',(31.,26.9,0.));
#23689=CARTESIAN_POINT('',(28.,44.9,0.));
#23690=CARTESIAN_POINT('',(22.,29.9,0.));
#23691=CARTESIAN_POINT('',(22.,26.9,0.));
#23692=CARTESIAN_POINT('',(22.,32.9,0.));
#23693=CARTESIAN_POINT('',(22.,38.9,0.));
#23694=CARTESIAN_POINT('',(25.,38.9,0.));
#23695=CARTESIAN_POINT('',(25.,32.9,0.));
#23696=CARTESIAN_POINT('',(25.,26.9,0.));
#23697=CARTESIAN_POINT('',(22.,44.9,0.));
#23698=CARTESIAN_POINT('',(40.,38.9,0.));
#23699=CARTESIAN_POINT('',(40.,32.9,0.));
#23700=CARTESIAN_POINT('',(40.,26.9,0.));
#23701=CARTESIAN_POINT('',(37.,44.9,0.));
#23702=CARTESIAN_POINT('',(43.,38.9,0.));
#23703=CARTESIAN_POINT('',(43.,32.9,0.));
#23704=CARTESIAN_POINT('',(43.,26.9,0.));
#23705=CARTESIAN_POINT('',(40.,44.9,0.));
#23706=CARTESIAN_POINT('',(34.,38.9,0.));
#23707=CARTESIAN_POINT('',(34.,32.9,0.));
#23708=CARTESIAN_POINT('',(34.,26.9,0.));
#23709=CARTESIAN_POINT('',(31.,44.9,0.));
#23710=CARTESIAN_POINT('',(37.,38.9,0.));
#23711=CARTESIAN_POINT('',(37.,32.9,0.));
#23712=CARTESIAN_POINT('',(37.,26.9,0.));
#23713=CARTESIAN_POINT('',(34.,44.9,0.));
#23714=CARTESIAN_POINT('',(19.,51.8,2.));
#23715=CARTESIAN_POINT('',(76.,51.8,2.));
#23716=CARTESIAN_POINT('',(74.9,51.8,2.5));
#23717=CARTESIAN_POINT('',(74.9,51.8,2.5));
#23718=CARTESIAN_POINT('',(76.,51.8,2.5));
#23719=CARTESIAN_POINT('',(76.,51.8,2.5));
#23720=CARTESIAN_POINT('',(76.,51.8,2.5));
#23721=CARTESIAN_POINT('',(76.,51.8,2.5));
#23722=CARTESIAN_POINT('',(76.,51.8,2.5));
#23723=CARTESIAN_POINT('',(20.9,51.8,2.));
#23724=CARTESIAN_POINT('',(20.9,51.8,2.5));
#23725=CARTESIAN_POINT('',(76.,51.8,2.5));
#23726=CARTESIAN_POINT('',(20.1,51.8,2.5));
#23727=CARTESIAN_POINT('',(20.1,51.8,2.5));
#23728=CARTESIAN_POINT('',(76.,51.8,2.));
#23729=CARTESIAN_POINT('',(19.,51.6,2.));
#23730=CARTESIAN_POINT('',(76.,23.2,2.));
#23731=CARTESIAN_POINT('',(71.,62.5,4.));
#23732=CARTESIAN_POINT('',(71.,73.,0.));
#23733=CARTESIAN_POINT('',(71.,73.,4.));
#23734=CARTESIAN_POINT('',(78.,62.5,4.));
#23735=CARTESIAN_POINT('',(78.,62.5,4.));
#23736=CARTESIAN_POINT('',(17.,2.,4.));
#23737=CARTESIAN_POINT('',(17.,12.5,4.));
#23738=CARTESIAN_POINT('',(17.,73.,4.));
#23739=CARTESIAN_POINT('',(17.,62.5,4.));
#23740=CARTESIAN_POINT('',(17.,73.,4.));
#23741=CARTESIAN_POINT('',(24.,62.5,4.));
#23742=CARTESIAN_POINT('',(78.,2.,4.));
#23743=CARTESIAN_POINT('',(78.,12.5,4.));
#23744=CARTESIAN_POINT('',(78.,2.,4.));
#23745=CARTESIAN_POINT('',(20.1,51.6,2.5));
#23746=CARTESIAN_POINT('',(20.1,51.6,2.5));
#23747=CARTESIAN_POINT('',(20.9,12.5,2.5));
#23748=CARTESIAN_POINT('',(20.9,12.5,2.5));
#23749=CARTESIAN_POINT('',(0.,0.,2.5));
#23750=CARTESIAN_POINT('',(74.9,51.6,2.5));
#23751=CARTESIAN_POINT('',(74.9,51.6,2.5));
#23752=CARTESIAN_POINT('',(0.,0.,2.5));
#23753=CARTESIAN_POINT('',(0.,0.,2.5));
#23754=CARTESIAN_POINT('',(0.,0.,2.5));
#23755=CARTESIAN_POINT('',(0.,0.,2.5));
#23756=CARTESIAN_POINT('',(0.,0.,2.5));
#23757=CARTESIAN_POINT('',(71.,73.,0.));
#23758=CARTESIAN_POINT('',(17.,2.,3.));
#23759=CARTESIAN_POINT('',(37.5,2.,3.));
#23760=CARTESIAN_POINT('',(17.,2.,3.));
#23761=CARTESIAN_POINT('',(37.5,2.,3.));
#23762=CARTESIAN_POINT('',(37.5,2.,0.));
#23763=CARTESIAN_POINT('',(17.,2.,0.));
#23764=CARTESIAN_POINT('',(17.,2.,0.));
#23765=CARTESIAN_POINT('',(17.,2.,3.));
#23766=CARTESIAN_POINT('',(17.,2.,3.));
#23767=CARTESIAN_POINT('',(78.,73.,3.));
#23768=CARTESIAN_POINT('',(57.5,73.,3.));
#23769=CARTESIAN_POINT('',(78.,73.,3.));
#23770=CARTESIAN_POINT('',(57.5,73.,3.));
#23771=CARTESIAN_POINT('',(57.5,73.,0.));
#23772=CARTESIAN_POINT('',(78.,73.,0.));
#23773=CARTESIAN_POINT('',(78.,73.,0.));
#23774=CARTESIAN_POINT('',(78.,73.,3.));
#23775=CARTESIAN_POINT('',(78.,73.,3.));
#23776=CARTESIAN_POINT('',(57.5,0.,3.));
#23777=CARTESIAN_POINT('',(57.5,0.,3.));
#23778=CARTESIAN_POINT('',(37.5,0.,3.));
#23779=CARTESIAN_POINT('',(57.5,0.,3.));
#23780=CARTESIAN_POINT('',(57.5,0.,0.));
#23781=CARTESIAN_POINT('',(95.,0.,0.));
#23782=CARTESIAN_POINT('',(95.,0.,0.));
#23783=CARTESIAN_POINT('',(95.,0.,5.));
#23784=CARTESIAN_POINT('',(95.,0.,5.));
#23785=CARTESIAN_POINT('',(95.,0.,5.));
#23786=CARTESIAN_POINT('',(0.,0.,5.));
#23787=CARTESIAN_POINT('',(0.,0.,5.));
#23788=CARTESIAN_POINT('',(0.,0.,0.));
#23789=CARTESIAN_POINT('',(95.,0.,0.));
#23790=CARTESIAN_POINT('',(37.5,0.,0.));
#23791=CARTESIAN_POINT('',(37.5,0.,3.));
#23792=CARTESIAN_POINT('',(95.,0.,5.));
#23793=CARTESIAN_POINT('',(37.5,75.,3.));
#23794=CARTESIAN_POINT('',(37.5,75.,3.));
#23795=CARTESIAN_POINT('',(57.5,75.,3.));
#23796=CARTESIAN_POINT('',(37.5,75.,3.));
#23797=CARTESIAN_POINT('',(37.5,75.,0.));
#23798=CARTESIAN_POINT('',(0.,75.,0.));
#23799=CARTESIAN_POINT('',(0.,75.,0.));
#23800=CARTESIAN_POINT('',(0.,75.,5.));
#23801=CARTESIAN_POINT('',(0.,75.,5.));
#23802=CARTESIAN_POINT('',(0.,75.,5.));
#23803=CARTESIAN_POINT('',(95.,75.,5.));
#23804=CARTESIAN_POINT('',(95.,75.,5.));
#23805=CARTESIAN_POINT('',(95.,75.,0.));
#23806=CARTESIAN_POINT('',(0.,75.,0.));
#23807=CARTESIAN_POINT('',(57.5,75.,0.));
#23808=CARTESIAN_POINT('',(57.5,75.,3.));
#23809=CARTESIAN_POINT('',(0.,75.,5.));
#23810=CARTESIAN_POINT('',(17.,73.,0.));
#23811=CARTESIAN_POINT('',(17.,12.5,0.));
#23812=CARTESIAN_POINT('',(17.,12.5,3.));
#23813=CARTESIAN_POINT('',(17.,12.5,3.));
#23814=CARTESIAN_POINT('',(17.,73.,3.));
#23815=CARTESIAN_POINT('',(17.,73.,3.));
#23816=CARTESIAN_POINT('',(78.,2.,0.));
#23817=CARTESIAN_POINT('',(78.,23.2,0.));
#23818=CARTESIAN_POINT('',(78.,23.2,0.));
#23819=CARTESIAN_POINT('',(78.,23.2,3.));
#23820=CARTESIAN_POINT('',(78.,2.,3.));
#23821=CARTESIAN_POINT('',(78.,2.,3.));
#23822=CARTESIAN_POINT('',(0.,12.5,3.));
#23823=CARTESIAN_POINT('',(78.,12.5,3.));
#23824=CARTESIAN_POINT('',(78.,2.,3.));
#23825=CARTESIAN_POINT('',(78.,2.,3.));
#23826=CARTESIAN_POINT('',(17.,2.,3.));
#23827=CARTESIAN_POINT('',(57.5,2.,3.));
#23828=CARTESIAN_POINT('',(57.5,2.,3.));
#23829=CARTESIAN_POINT('',(37.5,0.,3.));
#23830=CARTESIAN_POINT('',(0.,0.,3.));
#23831=CARTESIAN_POINT('',(17.,23.2,3.));
#23832=CARTESIAN_POINT('',(17.,23.2,3.));
#23833=CARTESIAN_POINT('',(17.,73.,3.));
#23834=CARTESIAN_POINT('',(17.,73.,3.));
#23835=CARTESIAN_POINT('',(78.,73.,3.));
#23836=CARTESIAN_POINT('',(37.5,73.,3.));
#23837=CARTESIAN_POINT('',(37.5,73.,3.));
#23838=CARTESIAN_POINT('',(57.5,75.,3.));
#23839=CARTESIAN_POINT('',(0.,0.,3.));
#23840=CARTESIAN_POINT('',(37.5,0.,0.));
#23841=CARTESIAN_POINT('',(0.,0.,0.));
#23842=CARTESIAN_POINT('',(37.5,73.,0.));
#23843=CARTESIAN_POINT('',(37.5,73.,0.));
#23844=CARTESIAN_POINT('',(78.,73.,0.));
#23845=CARTESIAN_POINT('',(17.,73.,0.));
#23846=CARTESIAN_POINT('',(17.,73.,0.));
#23847=CARTESIAN_POINT('',(17.,23.2,0.));
#23848=CARTESIAN_POINT('',(17.,23.2,0.));
#23849=CARTESIAN_POINT('',(57.5,75.,0.));
#23850=CARTESIAN_POINT('',(95.,75.,0.));
#23851=CARTESIAN_POINT('',(57.5,2.,0.));
#23852=CARTESIAN_POINT('',(57.5,2.,0.));
#23853=CARTESIAN_POINT('',(17.,2.,0.));
#23854=CARTESIAN_POINT('',(78.,2.,0.));
#23855=CARTESIAN_POINT('',(78.,2.,0.));
#23856=CARTESIAN_POINT('',(78.,12.5,0.));
#23857=CARTESIAN_POINT('',(78.,12.5,0.));
#23858=CARTESIAN_POINT('',(0.,0.,0.));
#23859=CARTESIAN_POINT('',(0.,0.,5.));
#23860=CARTESIAN_POINT('',(0.,0.,5.));
#23861=CARTESIAN_POINT('',(95.,75.,5.));
#23862=CARTESIAN_POINT('',(95.,75.,5.));
#23863=CARTESIAN_POINT('',(0.,0.,5.));
#23864=CARTESIAN_POINT('',(17.,23.2,0.));
#23865=CARTESIAN_POINT('',(17.,73.,3.));
#23866=CARTESIAN_POINT('',(17.,73.,3.));
#23867=CARTESIAN_POINT('',(57.5,2.,3.));
#23868=CARTESIAN_POINT('',(78.,2.,3.));
#23869=CARTESIAN_POINT('',(17.,2.,3.));
#23870=CARTESIAN_POINT('',(78.,12.5,0.));
#23871=CARTESIAN_POINT('',(78.,2.,3.));
#23872=CARTESIAN_POINT('',(37.5,73.,3.));
#23873=CARTESIAN_POINT('',(78.,73.,3.));
#23874=CARTESIAN_POINT('',(78.,12.5,0.));
#23875=CARTESIAN_POINT('',(17.,23.2,0.));
#23876=CARTESIAN_POINT('',(37.5,73.,3.));
#23877=CARTESIAN_POINT('',(57.5,75.,3.));
#23878=CARTESIAN_POINT('',(37.5,0.,3.));
#23879=CARTESIAN_POINT('',(57.5,2.,3.));
#23880=CARTESIAN_POINT('',(94.9999988079071,-2.22576516477712E-13,0.));
#23881=CARTESIAN_POINT('',(1.19209256865815E-6,4.83169060316868E-13,3.5));
#23882=CARTESIAN_POINT('',(0.,0.,7.5));
#23883=MECHANICAL_DESIGN_GEOMETRIC_PRESENTATION_REPRESENTATION('',(#803),
#23887);
#23884=MECHANICAL_DESIGN_GEOMETRIC_PRESENTATION_REPRESENTATION('',(#804),
#23888);
#23885=MECHANICAL_DESIGN_GEOMETRIC_PRESENTATION_REPRESENTATION('',(#805),
#23889);
#23886=(
GEOMETRIC_REPRESENTATION_CONTEXT(3)
GLOBAL_UNCERTAINTY_ASSIGNED_CONTEXT((#23890))
GLOBAL_UNIT_ASSIGNED_CONTEXT((#23899,#23895,#23894))
REPRESENTATION_CONTEXT('asm_0921','TOP_LEVEL_ASSEMBLY_PART')
);
#23887=(
GEOMETRIC_REPRESENTATION_CONTEXT(3)
GLOBAL_UNCERTAINTY_ASSIGNED_CONTEXT((#23891))
GLOBAL_UNIT_ASSIGNED_CONTEXT((#23899,#23895,#23894))
REPRESENTATION_CONTEXT('plate','COMPONENT_PART')
);
#23888=(
GEOMETRIC_REPRESENTATION_CONTEXT(3)
GLOBAL_UNCERTAINTY_ASSIGNED_CONTEXT((#23892))
GLOBAL_UNIT_ASSIGNED_CONTEXT((#23899,#23895,#23894))
REPRESENTATION_CONTEXT('cover1','COMPONENT_PART')
);
#23889=(
GEOMETRIC_REPRESENTATION_CONTEXT(3)
GLOBAL_UNCERTAINTY_ASSIGNED_CONTEXT((#23893))
GLOBAL_UNIT_ASSIGNED_CONTEXT((#23899,#23895,#23894))
REPRESENTATION_CONTEXT('cover2','COMPONENT_PART')
);
#23890=UNCERTAINTY_MEASURE_WITH_UNIT(LENGTH_MEASURE(2.E-5),#23899,
'DISTANCE_ACCURACY_VALUE','Maximum Tolerance applied to model');
#23891=UNCERTAINTY_MEASURE_WITH_UNIT(LENGTH_MEASURE(2.E-5),#23899,
'DISTANCE_ACCURACY_VALUE','Maximum Tolerance applied to model');
#23892=UNCERTAINTY_MEASURE_WITH_UNIT(LENGTH_MEASURE(2.E-5),#23899,
'DISTANCE_ACCURACY_VALUE','Maximum Tolerance applied to model');
#23893=UNCERTAINTY_MEASURE_WITH_UNIT(LENGTH_MEASURE(2.E-5),#23899,
'DISTANCE_ACCURACY_VALUE','Maximum Tolerance applied to model');
#23894=(
NAMED_UNIT(*)
SI_UNIT($,.STERADIAN.)
SOLID_ANGLE_UNIT()
);
#23895=(
CONVERSION_BASED_UNIT('DEGREE',#23897)
NAMED_UNIT(#23896)
PLANE_ANGLE_UNIT()
);
#23896=DIMENSIONAL_EXPONENTS(0.,0.,0.,0.,0.,0.,0.);
#23897=PLANE_ANGLE_MEASURE_WITH_UNIT(PLANE_ANGLE_MEASURE(0.0174532925),
#23898);
#23898=(
NAMED_UNIT(*)
PLANE_ANGLE_UNIT()
SI_UNIT($,.RADIAN.)
);
#23899=(
LENGTH_UNIT()
NAMED_UNIT(*)
SI_UNIT(.MILLI.,.METRE.)
);
ENDSEC;
END-ISO-10303-21;
